UNITS=MM
#Layer_Color=65535
#
#Feature symbol names
#
$0 r199.9996
$1 r249.9995
$2 r10.16
$3 r304.8
$4 r254
$5 r203.2
$6 r99.9998
$7 r399.9992

#
#Feature attribute names
#
@0 .nomenclature
@1 .string
@2 .string_angle

#
#Feature attribute text strings
#

#
#Layer features
#
A 28.25300166 88.51600026 28.25300166 88.51600026 28.12800064 88.51600026 1 P 0 N
A 28.32200076 90.92699874 28.32200076 90.92699874 28.19699974 90.92699874 1 P 0 N
A 30.734 108.077 30.734 108.077 29.464 108.077 0 P 0 N
A 30.734 110.871 30.734 110.871 29.464 110.871 0 P 0 N
A 30.734 113.665 30.734 113.665 29.464 113.665 0 P 0 N
A 30.734 116.459 30.734 116.459 29.464 116.459 0 P 0 N
A 32.2309998 101.092 32.2309998 101.092 32.131 101.092 0 P 0 N
A 43.561 116.205 43.561 116.205 42.291 116.205 0 P 0 N
A 54.102 98.298 54.102 98.298 52.832 98.298 0 P 0 N
A 57.023 98.298 57.023 98.298 55.753 98.298 0 P 0 N
L 26.29000076 80.2450008 26.29000076 81.0449992 7 P 0
L 26.30199972 74.9110008 26.30199972 75.7109992 7 P 0
L 27.813 35.56 32.639 35.56 3 P 0
L 27.813 40.005 32.639 40.005 3 P 0
L 28.42200056 91.70199846 28.42200056 92.701999 0 P 0
L 28.42200056 91.70199846 31.52199944 91.70199846 0 P 0
L 28.42200056 92.701999 31.52199944 92.701999 0 P 0
L 29.20299976 85.19100056 29.20299976 88.29099944 0 P 0
L 29.20299976 85.19100056 31.50300024 85.19100056 0 P 0
L 29.20299976 88.29099944 31.50300024 88.29099944 0 P 0
L 31.50300024 85.19100056 31.50300024 88.29099944 0 P 0
L 31.52199944 91.70199846 31.52199944 92.701999 0 P 0
L 31.75 41.148 31.75 49.149 4 P 0
L 31.75 41.148 52.578 41.148 4 P 0
L 31.75 49.149 52.578 49.149 4 P 0
L 31.75 50.292 31.75 58.293 4 P 0
L 31.75 50.292 52.578 50.292 4 P 0
L 31.75 58.293 52.578 58.293 4 P 0
L 32.258 102.235 32.258 105.537 6 P 0
L 32.258 102.235 35.306 102.235 6 P 0
L 32.258 105.537 35.306 105.537 6 P 0
L 32.63399874 27.305 32.63399874 40.005 4 P 0
L 32.63399874 27.305 51.17599874 27.305 4 P 0
L 32.63399874 40.005 51.17599874 40.005 4 P 0
L 34.798 59.42000054 34.798 88.63000054 4 P 0
L 34.798 59.42000054 60.833 59.42000054 4 P 0
L 34.798 88.63000054 60.833 88.63000054 4 P 0
L 35.306 102.235 35.306 105.537 6 P 0
L 40.81800066 101.49700046 40.81800066 104.49699954 0 P 0
L 44.01800188 101.49700046 44.01800188 104.49699954 0 P 0
L 44.9072 100.4062 44.9072 117.9322 4 P 0
L 44.9072 100.4062 62.4332 100.4062 4 P 0
L 44.9072 117.9322 62.4332 117.9322 4 P 0
L 51.17599874 27.305 51.17599874 40.005 4 P 0
L 51.181 36.195 56.007 36.195 3 P 0
L 51.181 40.005 56.007 40.005 3 P 0
L 51.562 27.686 51.562 35.687 5 P 0
L 51.562 27.686 56.007 27.686 5 P 0
L 51.562 30.226 56.007 30.226 5 P 0
L 51.562 32.893 56.007 32.893 5 P 0
L 51.562 35.687 56.007 35.687 5 P 0
L 52.578 41.148 52.578 49.149 4 P 0
L 52.578 50.292 52.578 58.293 4 P 0
L 55.41264 47.70628 60.61456 47.70628 2 P 0
L 55.41264 47.71644 60.61456 47.71644 2 P 0
L 55.41264 47.7266 60.61456 47.7266 2 P 0
L 55.41264 47.73676 60.61456 47.73676 2 P 0
L 55.41264 47.74692 60.61456 47.74692 2 P 0
L 55.41264 47.75708 60.61456 47.75708 2 P 0
L 55.41264 47.76724 60.61456 47.76724 2 P 0
L 55.41264 47.7774 60.61456 47.7774 2 P 0
L 55.41264 47.78756 60.61456 47.78756 2 P 0
L 55.41264 47.79772 60.61456 47.79772 2 P 0
L 55.41264 47.80788 60.61456 47.80788 2 P 0
L 55.41264 47.81804 60.61456 47.81804 2 P 0
L 55.41264 47.8282 60.61456 47.8282 2 P 0
L 55.4228 47.68596 60.6044 47.68596 2 P 0
L 55.4228 47.69612 60.6044 47.69612 2 P 0
L 55.4228 47.83836 60.6044 47.83836 2 P 0
L 55.4228 47.84852 60.6044 47.84852 2 P 0
L 55.4228 47.85868 60.6044 47.85868 2 P 0
L 55.43296 47.66564 60.59424 47.66564 2 P 0
L 55.43296 47.6758 60.6044 47.6758 2 P 0
L 55.43296 47.86884 60.59424 47.86884 2 P 0
L 55.43296 47.879 60.59424 47.879 2 P 0
L 55.44312 47.64532 60.58408 47.64532 2 P 0
L 55.44312 47.65548 60.58408 47.65548 2 P 0
L 55.44312 47.88916 60.58408 47.88916 2 P 0
L 55.44312 47.89932 60.58408 47.89932 2 P 0
L 55.45328 47.625 60.57392 47.625 2 P 0
L 55.45328 47.63516 60.57392 47.63516 2 P 0
L 55.45328 47.90948 60.57392 47.90948 2 P 0
L 55.45328 47.91964 60.56376 47.91964 2 P 0
L 55.46344 47.61484 60.56376 47.61484 2 P 0
L 55.46344 47.9298 60.56376 47.9298 2 P 0
L 55.4736 47.60468 60.5536 47.60468 2 P 0
L 55.4736 47.93996 60.5536 47.93996 2 P 0
L 55.4736 47.95012 60.5536 47.95012 2 P 0
L 55.48376 47.59452 60.54344 47.59452 2 P 0
L 55.48376 47.96028 60.54344 47.96028 2 P 0
L 55.48376 47.97044 60.54344 47.97044 2 P 0
L 55.49392 47.9806 60.53328 47.9806 2 P 0
L 55.49392 47.99076 60.53328 47.99076 2 P 0
L 55.50408 47.58436 60.53328 47.58436 2 P 0
L 55.50408 48.00092 60.52312 48.00092 2 P 0
L 55.51424 47.5742 60.52312 47.5742 2 P 0
L 55.51424 48.01108 60.51296 48.01108 2 P 0
L 55.51424 48.02124 56.0832 48.02124 2 P 0
L 55.5244 47.56404 60.5028 47.56404 2 P 0
L 55.5244 48.0314 56.0832 48.0314 2 P 0
L 55.5244 48.04156 56.09336 48.04156 2 P 0
L 55.53456 48.05172 56.09336 48.05172 2 P 0
L 55.53456 48.06188 56.10352 48.06188 2 P 0
L 55.54472 47.55388 60.48248 47.55388 2 P 0
L 55.54472 48.07204 56.11368 48.07204 2 P 0
L 55.55488 48.0822 56.11368 48.0822 2 P 0
L 55.55488 48.09236 56.12384 48.09236 2 P 0
L 55.56504 47.54372 60.46216 47.54372 2 P 0
L 55.56504 48.10252 56.12384 48.10252 2 P 0
L 55.56504 48.11268 56.134 48.11268 2 P 0
L 55.5752 48.12284 56.134 48.12284 2 P 0
L 55.5752 48.133 56.14416 48.133 2 P 0
L 55.58536 48.14316 56.15432 48.14316 2 P 0
L 55.59552 47.53356 60.43168 47.53356 2 P 0
L 55.59552 48.15332 56.15432 48.15332 2 P 0
L 55.59552 48.16348 56.16448 48.16348 2 P 0
L 55.60568 48.17364 56.16448 48.17364 2 P 0
L 55.60568 48.1838 56.17464 48.1838 2 P 0
L 55.61584 48.19396 56.17464 48.19396 2 P 0
L 55.61584 48.20412 56.1848 48.20412 2 P 0
L 55.626 48.21428 56.19496 48.21428 2 P 0
L 55.63616 48.22444 56.19496 48.22444 2 P 0
L 55.63616 48.2346 56.20512 48.2346 2 P 0
L 55.64632 48.24476 56.20512 48.24476 2 P 0
L 55.64632 48.25492 56.21528 48.25492 2 P 0
L 55.65648 48.26508 56.22544 48.26508 2 P 0
L 55.65648 48.27524 56.22544 48.27524 2 P 0
L 55.66664 48.2854 56.2356 48.2854 2 P 0
L 55.6768 48.29556 56.2356 48.29556 2 P 0
L 55.6768 48.30572 56.24576 48.30572 2 P 0
L 55.68696 48.31588 56.24576 48.31588 2 P 0
L 55.68696 48.32604 56.25592 48.32604 2 P 0
L 55.69712 48.3362 56.26608 48.3362 2 P 0
L 55.70728 48.34636 56.26608 48.34636 2 P 0
L 55.70728 48.35652 56.27624 48.35652 2 P 0
L 55.70728 48.36668 56.27624 48.36668 2 P 0
L 55.71744 48.37684 56.2864 48.37684 2 P 0
L 55.7276 48.387 56.2864 48.387 2 P 0
L 55.7276 48.39716 56.29656 48.39716 2 P 0
L 55.73776 48.40732 56.30672 48.40732 2 P 0
L 55.74792 48.41748 56.30672 48.41748 2 P 0
L 55.74792 48.42764 56.31688 48.42764 2 P 0
L 55.75808 48.4378 56.31688 48.4378 2 P 0
L 55.75808 48.44796 56.32704 48.44796 2 P 0
L 55.76824 48.45812 56.3372 48.45812 2 P 0
L 55.76824 48.46828 56.3372 48.46828 2 P 0
L 55.7784 48.47844 56.34736 48.47844 2 P 0
L 55.78856 48.4886 56.34736 48.4886 2 P 0
L 55.78856 48.49876 56.35752 48.49876 2 P 0
L 55.79872 48.50892 56.35752 48.50892 2 P 0
L 55.79872 48.51908 56.36768 48.51908 2 P 0
L 55.80888 48.52924 56.37784 48.52924 2 P 0
L 55.80888 48.5394 56.37784 48.5394 2 P 0
L 55.81904 48.54956 56.388 48.54956 2 P 0
L 55.8292 48.55972 56.388 48.55972 2 P 0
L 55.8292 48.56988 56.39816 48.56988 2 P 0
L 55.83936 48.58004 56.40832 48.58004 2 P 0
L 55.83936 48.5902 56.40832 48.5902 2 P 0
L 55.84952 48.60036 56.41848 48.60036 2 P 0
L 55.85968 48.61052 56.41848 48.61052 2 P 0
L 55.85968 48.62068 56.42864 48.62068 2 P 0
L 55.86984 48.63084 56.42864 48.63084 2 P 0
L 55.86984 48.641 56.4388 48.641 2 P 0
L 55.88 48.65116 56.44896 48.65116 2 P 0
L 55.88 48.66132 56.44896 48.66132 2 P 0
L 55.89016 48.67148 56.45912 48.67148 2 P 0
L 55.90032 48.68164 56.45912 48.68164 2 P 0
L 55.90032 48.6918 56.46928 48.6918 2 P 0
L 55.91048 48.70196 56.46928 48.70196 2 P 0
L 55.91048 48.71212 56.47944 48.71212 2 P 0
L 55.92064 48.72228 56.4896 48.72228 2 P 0
L 55.92064 48.73244 56.4896 48.73244 2 P 0
L 55.9308 48.7426 56.49976 48.7426 2 P 0
L 55.94096 48.75276 56.49976 48.75276 2 P 0
L 55.94096 48.76292 56.50992 48.76292 2 P 0
L 55.95112 48.77308 56.52008 48.77308 2 P 0
L 55.95112 48.78324 56.52008 48.78324 2 P 0
L 55.96128 48.7934 56.53024 48.7934 2 P 0
L 55.97144 48.80356 56.53024 48.80356 2 P 0
L 55.97144 48.81372 56.5404 48.81372 2 P 0
L 55.9816 48.82388 56.5404 48.82388 2 P 0
L 55.9816 48.83404 56.55056 48.83404 2 P 0
L 55.99176 48.8442 56.56072 48.8442 2 P 0
L 55.99176 48.85436 56.56072 48.85436 2 P 0
L 56.00192 48.86452 56.57088 48.86452 2 P 0
L 56.007 27.559 56.007 35.687 4 P 0
L 56.007 27.559 62.484 27.559 4 P 0
L 56.007 35.687 62.484 35.687 4 P 0
L 56.01208 48.87468 56.57088 48.87468 2 P 0
L 56.01208 48.88484 56.58104 48.88484 2 P 0
L 56.02224 48.895 56.58104 48.895 2 P 0
L 56.02224 48.90516 56.5912 48.90516 2 P 0
L 56.0324 48.91532 56.60136 48.91532 2 P 0
L 56.04256 48.92548 56.60136 48.92548 2 P 0
L 56.04256 48.93564 56.61152 48.93564 2 P 0
L 56.05272 48.9458 56.61152 48.9458 2 P 0
L 56.05272 48.95596 56.62168 48.95596 2 P 0
L 56.06288 48.96612 56.62168 48.96612 2 P 0
L 56.06288 48.97628 56.63184 48.97628 2 P 0
L 56.07304 48.98644 56.642 48.98644 2 P 0
L 56.07304 48.9966 56.642 48.9966 2 P 0
L 56.0832 49.00676 56.65216 49.00676 2 P 0
L 56.09336 49.01692 56.65216 49.01692 2 P 0
L 56.09336 49.02708 56.66232 49.02708 2 P 0
L 56.10352 49.03724 56.66232 49.03724 2 P 0
L 56.10352 49.0474 56.67248 49.0474 2 P 0
L 56.11368 49.05756 56.68264 49.05756 2 P 0
L 56.12384 49.06772 56.68264 49.06772 2 P 0
L 56.12384 49.07788 56.6928 49.07788 2 P 0
L 56.134 49.08804 56.6928 49.08804 2 P 0
L 56.134 49.0982 56.70296 49.0982 2 P 0
L 56.14416 49.10836 56.71312 49.10836 2 P 0
L 56.15432 49.11852 56.71312 49.11852 2 P 0
L 56.15432 49.12868 56.72328 49.12868 2 P 0
L 56.16448 49.13884 56.72328 49.13884 2 P 0
L 56.16448 49.149 56.73344 49.149 2 P 0
L 56.17464 49.15916 56.73344 49.15916 2 P 0
L 56.17464 49.16932 56.7436 49.16932 2 P 0
L 56.1848 49.17948 56.7436 49.17948 2 P 0
L 56.1848 49.18964 56.75376 49.18964 2 P 0
L 56.19496 49.1998 56.76392 49.1998 2 P 0
L 56.20512 49.20996 56.76392 49.20996 2 P 0
L 56.20512 49.22012 56.77408 49.22012 2 P 0
L 56.21528 49.23028 56.77408 49.23028 2 P 0
L 56.21528 49.24044 56.78424 49.24044 2 P 0
L 56.22544 49.2506 56.7944 49.2506 2 P 0
L 56.22544 49.26076 56.7944 49.26076 2 P 0
L 56.2356 49.27092 56.80456 49.27092 2 P 0
L 56.24576 49.28108 56.80456 49.28108 2 P 0
L 56.24576 49.29124 56.81472 49.29124 2 P 0
L 56.25592 49.3014 56.81472 49.3014 2 P 0
L 56.25592 49.31156 56.82488 49.31156 2 P 0
L 56.26608 49.32172 56.83504 49.32172 2 P 0
L 56.27624 49.33188 56.83504 49.33188 2 P 0
L 56.27624 49.34204 56.8452 49.34204 2 P 0
L 56.2864 49.3522 56.8452 49.3522 2 P 0
L 56.2864 49.36236 56.85536 49.36236 2 P 0
L 56.29656 49.37252 56.86552 49.37252 2 P 0
L 56.29656 49.38268 56.86552 49.38268 2 P 0
L 56.30672 49.39284 56.87568 49.39284 2 P 0
L 56.31688 49.403 56.87568 49.403 2 P 0
L 56.31688 49.41316 56.88584 49.41316 2 P 0
L 56.32704 49.42332 56.88584 49.42332 2 P 0
L 56.32704 49.43348 56.896 49.43348 2 P 0
L 56.3372 49.44364 56.90616 49.44364 2 P 0
L 56.3372 49.4538 56.90616 49.4538 2 P 0
L 56.34736 49.46396 56.91632 49.46396 2 P 0
L 56.35752 49.47412 56.91632 49.47412 2 P 0
L 56.35752 49.48428 56.92648 49.48428 2 P 0
L 56.36768 49.49444 56.92648 49.49444 2 P 0
L 56.36768 49.5046 56.93664 49.5046 2 P 0
L 56.37784 49.51476 56.9468 49.51476 2 P 0
L 56.37784 49.52492 56.9468 49.52492 2 P 0
L 56.388 49.53508 56.95696 49.53508 2 P 0
L 56.39816 49.54524 56.95696 49.54524 2 P 0
L 56.39816 49.5554 56.96712 49.5554 2 P 0
L 56.40832 49.56556 56.96712 49.56556 2 P 0
L 56.41848 49.57572 56.97728 49.57572 2 P 0
L 56.41848 49.58588 56.98744 49.58588 2 P 0
L 56.42864 49.59604 56.98744 49.59604 2 P 0
L 56.42864 49.6062 56.9976 49.6062 2 P 0
L 56.4388 49.61636 56.9976 49.61636 2 P 0
L 56.4388 49.62652 57.00776 49.62652 2 P 0
L 56.44896 49.63668 57.01792 49.63668 2 P 0
L 56.44896 49.64684 57.01792 49.64684 2 P 0
L 56.45912 49.657 57.02808 49.657 2 P 0
L 56.46928 49.66716 57.02808 49.66716 2 P 0
L 56.46928 49.67732 57.03824 49.67732 2 P 0
L 56.47944 49.68748 57.0484 49.68748 2 P 0
L 56.47944 49.69764 57.0484 49.69764 2 P 0
L 56.4896 49.7078 57.05856 49.7078 2 P 0
L 56.4896 49.71796 57.05856 49.71796 2 P 0
L 56.49976 49.72812 57.06872 49.72812 2 P 0
L 56.50992 49.73828 57.06872 49.73828 2 P 0
L 56.50992 49.74844 57.07888 49.74844 2 P 0
L 56.52008 49.7586 57.08904 49.7586 2 P 0
L 56.52008 49.76876 57.08904 49.76876 2 P 0
L 56.53024 49.77892 57.0992 49.77892 2 P 0
L 56.5404 48.80356 56.55056 48.80356 2 P 0
L 56.5404 49.78908 57.0992 49.78908 2 P 0
L 56.5404 49.79924 57.10936 49.79924 2 P 0
L 56.55056 49.8094 57.10936 49.8094 2 P 0
L 56.55056 49.81956 57.11952 49.81956 2 P 0
L 56.56072 49.82972 57.11952 49.82972 2 P 0
L 56.57088 49.83988 57.12968 49.83988 2 P 0
L 56.57088 49.85004 57.13984 49.85004 2 P 0
L 56.58104 49.8602 57.13984 49.8602 2 P 0
L 56.58104 49.87036 57.15 49.87036 2 P 0
L 56.5912 49.88052 57.15 49.88052 2 P 0
L 56.5912 49.89068 57.16016 49.89068 2 P 0
L 56.60136 49.90084 57.17032 49.90084 2 P 0
L 56.60136 49.911 57.17032 49.911 2 P 0
L 56.61152 49.92116 57.18048 49.92116 2 P 0
L 56.62168 49.93132 57.18048 49.93132 2 P 0
L 56.62168 49.94148 57.19064 49.94148 2 P 0
L 56.63184 49.95164 57.2008 49.95164 2 P 0
L 56.63184 49.9618 57.2008 49.9618 2 P 0
L 56.642 49.97196 57.21096 49.97196 2 P 0
L 56.65216 49.98212 57.21096 49.98212 2 P 0
L 56.65216 49.99228 57.22112 49.99228 2 P 0
L 56.66232 50.00244 57.22112 50.00244 2 P 0
L 56.66232 50.0126 57.23128 50.0126 2 P 0
L 56.67248 50.02276 57.23128 50.02276 2 P 0
L 56.67248 50.03292 57.24144 50.03292 2 P 0
L 56.68264 50.04308 57.2516 50.04308 2 P 0
L 56.6928 50.05324 57.2516 50.05324 2 P 0
L 56.6928 50.0634 57.26176 50.0634 2 P 0
L 56.70296 50.07356 57.26176 50.07356 2 P 0
L 56.70296 50.08372 57.27192 50.08372 2 P 0
L 56.71312 50.09388 57.27192 50.09388 2 P 0
L 56.72328 50.10404 57.28208 50.10404 2 P 0
L 56.72328 50.1142 57.29224 50.1142 2 P 0
L 56.73344 50.12436 57.29224 50.12436 2 P 0
L 56.73344 50.13452 57.3024 50.13452 2 P 0
L 56.7436 50.14468 57.3024 50.14468 2 P 0
L 56.7436 50.15484 57.31256 50.15484 2 P 0
L 56.75376 50.165 57.32272 50.165 2 P 0
L 56.76392 50.17516 57.32272 50.17516 2 P 0
L 56.76392 50.18532 57.33288 50.18532 2 P 0
L 56.77408 50.19548 57.33288 50.19548 2 P 0
L 56.77408 50.20564 57.34304 50.20564 2 P 0
L 56.78424 50.2158 57.34304 50.2158 2 P 0
L 56.78424 50.22596 57.3532 50.22596 2 P 0
L 56.7944 50.23612 57.36336 50.23612 2 P 0
L 56.80456 50.24628 57.36336 50.24628 2 P 0
L 56.80456 50.25644 57.37352 50.25644 2 P 0
L 56.81472 50.2666 57.37352 50.2666 2 P 0
L 56.81472 50.27676 57.38368 50.27676 2 P 0
L 56.82488 50.28692 57.38368 50.28692 2 P 0
L 56.82488 50.29708 57.39384 50.29708 2 P 0
L 56.83504 50.30724 57.404 50.30724 2 P 0
L 56.83504 50.3174 57.404 50.3174 2 P 0
L 56.8452 50.32756 57.41416 50.32756 2 P 0
L 56.85536 50.33772 57.41416 50.33772 2 P 0
L 56.85536 50.34788 57.42432 50.34788 2 P 0
L 56.86552 50.35804 57.43448 50.35804 2 P 0
L 56.86552 50.3682 57.43448 50.3682 2 P 0
L 56.87568 50.37836 57.44464 50.37836 2 P 0
L 56.88584 50.38852 57.44464 50.38852 2 P 0
L 56.88584 50.39868 57.4548 50.39868 2 P 0
L 56.896 50.40884 57.46496 50.40884 2 P 0
L 56.896 50.419 57.46496 50.419 2 P 0
L 56.90616 50.42916 57.47512 50.42916 2 P 0
L 56.90616 50.43932 57.47512 50.43932 2 P 0
L 56.91632 50.44948 57.48528 50.44948 2 P 0
L 56.92648 50.45964 57.48528 50.45964 2 P 0
L 56.92648 50.4698 57.49544 50.4698 2 P 0
L 56.93664 50.47996 57.49544 50.47996 2 P 0
L 56.93664 50.49012 57.5056 50.49012 2 P 0
L 56.9468 50.50028 57.51576 50.50028 2 P 0
L 56.9468 50.51044 57.51576 50.51044 2 P 0
L 56.95696 50.5206 57.52592 50.5206 2 P 0
L 56.96712 50.53076 57.52592 50.53076 2 P 0
L 56.96712 50.54092 57.53608 50.54092 2 P 0
L 56.97728 50.55108 57.53608 50.55108 2 P 0
L 56.97728 50.56124 57.54624 50.56124 2 P 0
L 56.98744 50.5714 57.5564 50.5714 2 P 0
L 56.98744 50.58156 57.5564 50.58156 2 P 0
L 56.9976 50.59172 57.56656 50.59172 2 P 0
L 57.00776 50.60188 57.56656 50.60188 2 P 0
L 57.00776 50.61204 57.57672 50.61204 2 P 0
L 57.01792 50.6222 57.58688 50.6222 2 P 0
L 57.02808 50.63236 57.58688 50.63236 2 P 0
L 57.02808 50.64252 57.59704 50.64252 2 P 0
L 57.03824 50.65268 57.59704 50.65268 2 P 0
L 57.03824 50.66284 57.6072 50.66284 2 P 0
L 57.0484 50.673 57.61736 50.673 2 P 0
L 57.0484 50.68316 57.61736 50.68316 2 P 0
L 57.05856 50.69332 57.62752 50.69332 2 P 0
L 57.06872 50.70348 57.62752 50.70348 2 P 0
L 57.06872 50.71364 57.63768 50.71364 2 P 0
L 57.07888 50.7238 57.63768 50.7238 2 P 0
L 57.07888 50.73396 57.64784 50.73396 2 P 0
L 57.08904 50.74412 57.658 50.74412 2 P 0
L 57.08904 50.75428 57.658 50.75428 2 P 0
L 57.0992 50.76444 57.66816 50.76444 2 P 0
L 57.10936 50.7746 57.66816 50.7746 2 P 0
L 57.10936 50.78476 57.67832 50.78476 2 P 0
L 57.11952 50.79492 57.67832 50.79492 2 P 0
L 57.11952 50.80508 57.68848 50.80508 2 P 0
L 57.12968 50.81524 57.68848 50.81524 2 P 0
L 57.12968 50.8254 57.69864 50.8254 2 P 0
L 57.13984 50.83556 57.7088 50.83556 2 P 0
L 57.15 50.84572 57.7088 50.84572 2 P 0
L 57.15 50.85588 57.71896 50.85588 2 P 0
L 57.16016 49.88052 57.17032 49.88052 2 P 0
L 57.16016 50.86604 57.71896 50.86604 2 P 0
L 57.16016 50.8762 57.72912 50.8762 2 P 0
L 57.17032 50.88636 57.73928 50.88636 2 P 0
L 57.17032 50.89652 57.73928 50.89652 2 P 0
L 57.18048 50.90668 57.74944 50.90668 2 P 0
L 57.19064 50.91684 57.74944 50.91684 2 P 0
L 57.19064 50.927 57.7596 50.927 2 P 0
L 57.2008 50.93716 57.7596 50.93716 2 P 0
L 57.2008 50.94732 57.76976 50.94732 2 P 0
L 57.21096 50.95748 57.77992 50.95748 2 P 0
L 57.22112 50.96764 57.77992 50.96764 2 P 0
L 57.22112 50.9778 57.79008 50.9778 2 P 0
L 57.23128 50.98796 57.79008 50.98796 2 P 0
L 57.23128 50.99812 57.80024 50.99812 2 P 0
L 57.24144 49.16932 58.2676 49.16932 2 P 0
L 57.24144 49.17948 58.27776 49.17948 2 P 0
L 57.24144 51.00828 57.80024 51.00828 2 P 0
L 57.24144 51.01844 57.8104 51.01844 2 P 0
L 57.2516 49.18964 58.28792 49.18964 2 P 0
L 57.2516 49.1998 58.29808 49.1998 2 P 0
L 57.2516 51.0286 57.82056 51.0286 2 P 0
L 57.26176 49.20996 58.30824 49.20996 2 P 0
L 57.26176 49.22012 58.3184 49.22012 2 P 0
L 57.26176 51.03876 57.82056 51.03876 2 P 0
L 57.26176 51.04892 57.83072 51.04892 2 P 0
L 57.27192 49.23028 58.32856 49.23028 2 P 0
L 57.27192 51.05908 57.83072 51.05908 2 P 0
L 57.27192 51.06924 57.84088 51.06924 2 P 0
L 57.28208 49.24044 58.33872 49.24044 2 P 0
L 57.28208 49.2506 58.34888 49.2506 2 P 0
L 57.28208 51.0794 57.84088 51.0794 2 P 0
L 57.28208 51.08956 57.85104 51.08956 2 P 0
L 57.29224 49.26076 58.35904 49.26076 2 P 0
L 57.29224 49.27092 58.3692 49.27092 2 P 0
L 57.29224 51.09972 57.8612 51.09972 2 P 0
L 57.3024 49.28108 58.37936 49.28108 2 P 0
L 57.3024 51.10988 57.8612 51.10988 2 P 0
L 57.3024 51.12004 57.87136 51.12004 2 P 0
L 57.31256 48.22444 57.32272 48.22444 2 P 0
L 57.31256 48.2346 57.33288 48.2346 2 P 0
L 57.31256 49.29124 58.38952 49.29124 2 P 0
L 57.31256 49.3014 58.39968 49.3014 2 P 0
L 57.31256 51.1302 57.87136 51.1302 2 P 0
L 57.31256 51.14036 57.88152 51.14036 2 P 0
L 57.32272 48.24476 57.34304 48.24476 2 P 0
L 57.32272 48.25492 57.3532 48.25492 2 P 0
L 57.32272 49.31156 58.40984 49.31156 2 P 0
L 57.32272 49.32172 58.42 49.32172 2 P 0
L 57.32272 51.15052 57.88152 51.15052 2 P 0
L 57.33288 48.26508 57.36336 48.26508 2 P 0
L 57.33288 48.27524 57.37352 48.27524 2 P 0
L 57.33288 49.33188 58.43016 49.33188 2 P 0
L 57.33288 49.34204 58.44032 49.34204 2 P 0
L 57.33288 51.16068 57.89168 51.16068 2 P 0
L 57.33288 51.17084 57.90184 51.17084 2 P 0
L 57.34304 48.2854 57.38368 48.2854 2 P 0
L 57.34304 48.29556 57.39384 48.29556 2 P 0
L 57.34304 49.3522 58.45048 49.3522 2 P 0
L 57.34304 51.181 57.90184 51.181 2 P 0
L 57.34304 51.19116 57.912 51.19116 2 P 0
L 57.3532 48.30572 57.404 48.30572 2 P 0
L 57.3532 48.31588 57.41416 48.31588 2 P 0
L 57.3532 48.32604 57.42432 48.32604 2 P 0
L 57.3532 49.36236 58.46064 49.36236 2 P 0
L 57.3532 51.20132 57.912 51.20132 2 P 0
L 57.3532 51.21148 57.92216 51.21148 2 P 0
L 57.36336 48.3362 57.43448 48.3362 2 P 0
L 57.36336 48.34636 57.44464 48.34636 2 P 0
L 57.36336 49.37252 58.4708 49.37252 2 P 0
L 57.36336 49.38268 58.48096 49.38268 2 P 0
L 57.36336 51.22164 57.93232 51.22164 2 P 0
L 57.37352 48.35652 57.4548 48.35652 2 P 0
L 57.37352 48.36668 57.46496 48.36668 2 P 0
L 57.37352 49.39284 58.48096 49.39284 2 P 0
L 57.37352 49.403 57.912 49.403 2 P 0
L 57.37352 51.2318 57.93232 51.2318 2 P 0
L 57.37352 51.24196 57.94248 51.24196 2 P 0
L 57.38368 48.37684 57.47512 48.37684 2 P 0
L 57.38368 48.387 57.48528 48.387 2 P 0
L 57.38368 49.41316 57.92216 49.41316 2 P 0
L 57.38368 51.25212 57.94248 51.25212 2 P 0
L 57.38368 51.26228 57.95264 51.26228 2 P 0
L 57.39384 48.39716 57.49544 48.39716 2 P 0
L 57.39384 48.40732 57.5056 48.40732 2 P 0
L 57.39384 49.42332 57.93232 49.42332 2 P 0
L 57.39384 49.43348 57.94248 49.43348 2 P 0
L 57.39384 51.27244 57.95264 51.27244 2 P 0
L 57.39384 51.2826 57.9628 51.2826 2 P 0
L 57.404 48.41748 57.51576 48.41748 2 P 0
L 57.404 48.42764 57.52592 48.42764 2 P 0
L 57.404 49.44364 57.95264 49.44364 2 P 0
L 57.404 49.4538 57.9628 49.4538 2 P 0
L 57.404 51.29276 57.97296 51.29276 2 P 0
L 57.404 51.30292 57.97296 51.30292 2 P 0
L 57.41416 48.4378 57.53608 48.4378 2 P 0
L 57.41416 48.44796 57.54624 48.44796 2 P 0
L 57.41416 48.45812 57.5564 48.45812 2 P 0
L 57.41416 49.46396 57.97296 49.46396 2 P 0
L 57.41416 51.31308 57.98312 51.31308 2 P 0
L 57.42432 48.46828 57.56656 48.46828 2 P 0
L 57.42432 48.47844 57.57672 48.47844 2 P 0
L 57.42432 49.47412 57.98312 49.47412 2 P 0
L 57.42432 49.48428 57.98312 49.48428 2 P 0
L 57.42432 51.32324 57.98312 51.32324 2 P 0
L 57.42432 51.3334 57.99328 51.3334 2 P 0
L 57.43448 48.4886 57.58688 48.4886 2 P 0
L 57.43448 48.49876 57.59704 48.49876 2 P 0
L 57.43448 49.49444 57.99328 49.49444 2 P 0
L 57.43448 51.34356 57.99328 51.34356 2 P 0
L 57.43448 51.35372 58.00344 51.35372 2 P 0
L 57.44464 48.50892 57.6072 48.50892 2 P 0
L 57.44464 48.51908 57.61736 48.51908 2 P 0
L 57.44464 49.5046 58.00344 49.5046 2 P 0
L 57.44464 49.51476 58.0136 49.51476 2 P 0
L 57.44464 51.36388 58.58256 51.36388 2 P 0
L 57.4548 48.52924 57.62752 48.52924 2 P 0
L 57.4548 48.5394 57.63768 48.5394 2 P 0
L 57.4548 49.52492 58.02376 49.52492 2 P 0
L 57.4548 49.53508 58.03392 49.53508 2 P 0
L 57.4548 51.37404 58.58256 51.37404 2 P 0
L 57.4548 51.3842 58.5724 51.3842 2 P 0
L 57.46496 48.54956 57.64784 48.54956 2 P 0
L 57.46496 48.55972 57.658 48.55972 2 P 0
L 57.46496 49.54524 58.04408 49.54524 2 P 0
L 57.46496 51.39436 58.56224 51.39436 2 P 0
L 57.46496 51.40452 58.56224 51.40452 2 P 0
L 57.47512 48.56988 57.66816 48.56988 2 P 0
L 57.47512 48.58004 57.68848 48.58004 2 P 0
L 57.47512 48.5902 57.68848 48.5902 2 P 0
L 57.47512 49.5554 58.05424 49.5554 2 P 0
L 57.47512 49.56556 58.0644 49.56556 2 P 0
L 57.47512 51.41468 58.55208 51.41468 2 P 0
L 57.48528 48.60036 57.69864 48.60036 2 P 0
L 57.48528 48.61052 57.7088 48.61052 2 P 0
L 57.48528 49.57572 58.07456 49.57572 2 P 0
L 57.48528 49.58588 58.07456 49.58588 2 P 0
L 57.48528 51.42484 58.54192 51.42484 2 P 0
L 57.48528 51.435 58.54192 51.435 2 P 0
L 57.49544 48.62068 57.71896 48.62068 2 P 0
L 57.49544 48.63084 57.72912 48.63084 2 P 0
L 57.49544 49.59604 58.08472 49.59604 2 P 0
L 57.49544 51.44516 58.53176 51.44516 2 P 0
L 57.49544 51.45532 58.53176 51.45532 2 P 0
L 57.5056 48.641 57.73928 48.641 2 P 0
L 57.5056 48.65116 57.74944 48.65116 2 P 0
L 57.5056 49.6062 58.09488 49.6062 2 P 0
L 57.5056 49.61636 58.10504 49.61636 2 P 0
L 57.5056 51.46548 58.5216 51.46548 2 P 0
L 57.5056 51.47564 58.51144 51.47564 2 P 0
L 57.51576 48.66132 57.7596 48.66132 2 P 0
L 57.51576 48.67148 57.76976 48.67148 2 P 0
L 57.51576 49.62652 58.1152 49.62652 2 P 0
L 57.51576 51.4858 58.51144 51.4858 2 P 0
L 57.51576 51.49596 58.50128 51.49596 2 P 0
L 57.52592 48.68164 57.77992 48.68164 2 P 0
L 57.52592 48.6918 57.79008 48.6918 2 P 0
L 57.52592 48.70196 57.80024 48.70196 2 P 0
L 57.52592 49.63668 58.12536 49.63668 2 P 0
L 57.52592 49.64684 58.13552 49.64684 2 P 0
L 57.52592 51.50612 58.50128 51.50612 2 P 0
L 57.53608 48.71212 57.8104 48.71212 2 P 0
L 57.53608 48.72228 57.82056 48.72228 2 P 0
L 57.53608 49.657 58.14568 49.657 2 P 0
L 57.53608 49.66716 58.15584 49.66716 2 P 0
L 57.53608 51.51628 58.49112 51.51628 2 P 0
L 57.53608 51.52644 58.49112 51.52644 2 P 0
L 57.54624 48.73244 57.83072 48.73244 2 P 0
L 57.54624 48.7426 57.84088 48.7426 2 P 0
L 57.54624 49.67732 58.166 49.67732 2 P 0
L 57.54624 51.5366 58.48096 51.5366 2 P 0
L 57.54624 51.54676 58.48096 51.54676 2 P 0
L 57.5564 48.75276 57.85104 48.75276 2 P 0
L 57.5564 48.76292 57.8612 48.76292 2 P 0
L 57.5564 49.68748 58.17616 49.68748 2 P 0
L 57.5564 49.69764 58.17616 49.69764 2 P 0
L 57.5564 51.55692 58.4708 51.55692 2 P 0
L 57.5564 51.56708 58.46064 51.56708 2 P 0
L 57.56656 48.77308 57.87136 48.77308 2 P 0
L 57.56656 48.78324 57.88152 48.78324 2 P 0
L 57.56656 49.7078 58.18632 49.7078 2 P 0
L 57.56656 51.57724 58.46064 51.57724 2 P 0
L 57.57672 48.7934 57.89168 48.7934 2 P 0
L 57.57672 48.80356 57.90184 48.80356 2 P 0
L 57.57672 49.71796 58.19648 49.71796 2 P 0
L 57.57672 49.72812 58.20664 49.72812 2 P 0
L 57.57672 51.5874 58.45048 51.5874 2 P 0
L 57.57672 51.59756 58.45048 51.59756 2 P 0
L 57.58688 48.81372 57.912 48.81372 2 P 0
L 57.58688 48.82388 57.92216 48.82388 2 P 0
L 57.58688 49.73828 58.2168 49.73828 2 P 0
L 57.58688 49.74844 58.22696 49.74844 2 P 0
L 57.58688 51.60772 58.44032 51.60772 2 P 0
L 57.59704 48.83404 57.93232 48.83404 2 P 0
L 57.59704 48.8442 57.94248 48.8442 2 P 0
L 57.59704 48.85436 57.95264 48.85436 2 P 0
L 57.59704 49.7586 58.23712 49.7586 2 P 0
L 57.59704 51.61788 58.43016 51.61788 2 P 0
L 57.59704 51.62804 58.43016 51.62804 2 P 0
L 57.6072 48.86452 57.9628 48.86452 2 P 0
L 57.6072 48.87468 57.97296 48.87468 2 P 0
L 57.6072 49.76876 58.24728 49.76876 2 P 0
L 57.6072 49.77892 58.25744 49.77892 2 P 0
L 57.6072 51.6382 58.42 51.6382 2 P 0
L 57.6072 51.64836 58.42 51.64836 2 P 0
L 57.61736 48.88484 57.98312 48.88484 2 P 0
L 57.61736 48.895 57.99328 48.895 2 P 0
L 57.61736 49.78908 58.25744 49.78908 2 P 0
L 57.61736 49.79924 58.2676 49.79924 2 P 0
L 57.61736 51.65852 58.40984 51.65852 2 P 0
L 57.61736 51.66868 58.39968 51.66868 2 P 0
L 57.62752 48.90516 58.00344 48.90516 2 P 0
L 57.62752 48.91532 58.0136 48.91532 2 P 0
L 57.62752 49.8094 58.27776 49.8094 2 P 0
L 57.62752 51.67884 58.39968 51.67884 2 P 0
L 57.63768 48.92548 58.02376 48.92548 2 P 0
L 57.63768 48.93564 58.03392 48.93564 2 P 0
L 57.63768 49.81956 58.28792 49.81956 2 P 0
L 57.63768 49.82972 58.29808 49.82972 2 P 0
L 57.63768 51.689 58.38952 51.689 2 P 0
L 57.63768 51.69916 58.38952 51.69916 2 P 0
L 57.64784 48.9458 58.04408 48.9458 2 P 0
L 57.64784 48.95596 58.05424 48.95596 2 P 0
L 57.64784 49.83988 58.30824 49.83988 2 P 0
L 57.64784 49.85004 58.3184 49.85004 2 P 0
L 57.64784 51.70932 58.37936 51.70932 2 P 0
L 57.64784 51.71948 58.37936 51.71948 2 P 0
L 57.658 48.96612 58.0644 48.96612 2 P 0
L 57.658 48.97628 58.07456 48.97628 2 P 0
L 57.658 48.98644 58.09488 48.98644 2 P 0
L 57.658 49.8602 58.32856 49.8602 2 P 0
L 57.658 51.72964 58.3692 51.72964 2 P 0
L 57.658 51.7398 58.35904 51.7398 2 P 0
L 57.66816 48.9966 58.09488 48.9966 2 P 0
L 57.66816 49.00676 58.10504 49.00676 2 P 0
L 57.66816 49.87036 58.33872 49.87036 2 P 0
L 57.66816 49.88052 58.34888 49.88052 2 P 0
L 57.66816 51.74996 58.35904 51.74996 2 P 0
L 57.67832 49.01692 58.1152 49.01692 2 P 0
L 57.67832 49.02708 58.12536 49.02708 2 P 0
L 57.67832 49.89068 58.35904 49.89068 2 P 0
L 57.67832 51.76012 58.34888 51.76012 2 P 0
L 57.67832 51.77028 58.34888 51.77028 2 P 0
L 57.68848 49.03724 58.13552 49.03724 2 P 0
L 57.68848 49.0474 58.14568 49.0474 2 P 0
L 57.68848 49.90084 58.35904 49.90084 2 P 0
L 57.68848 49.911 58.3692 49.911 2 P 0
L 57.68848 51.78044 58.33872 51.78044 2 P 0
L 57.68848 51.7906 58.33872 51.7906 2 P 0
L 57.69864 49.05756 58.15584 49.05756 2 P 0
L 57.69864 49.06772 58.166 49.06772 2 P 0
L 57.69864 49.92116 58.37936 49.92116 2 P 0
L 57.69864 49.93132 58.38952 49.93132 2 P 0
L 57.69864 51.80076 58.32856 51.80076 2 P 0
L 57.69864 51.81092 58.32856 51.81092 2 P 0
L 57.7088 49.07788 58.17616 49.07788 2 P 0
L 57.7088 49.08804 58.18632 49.08804 2 P 0
L 57.7088 49.0982 58.19648 49.0982 2 P 0
L 57.7088 49.94148 58.39968 49.94148 2 P 0
L 57.7088 51.82108 58.3184 51.82108 2 P 0
L 57.71896 49.10836 58.20664 49.10836 2 P 0
L 57.71896 49.95164 58.40984 49.95164 2 P 0
L 57.71896 49.9618 58.42 49.9618 2 P 0
L 57.71896 51.83124 58.30824 51.83124 2 P 0
L 57.71896 51.8414 58.30824 51.8414 2 P 0
L 57.72912 49.11852 58.2168 49.11852 2 P 0
L 57.72912 49.12868 58.22696 49.12868 2 P 0
L 57.72912 49.13884 58.23712 49.13884 2 P 0
L 57.72912 49.97196 58.43016 49.97196 2 P 0
L 57.72912 49.98212 58.44032 49.98212 2 P 0
L 57.72912 51.85156 58.29808 51.85156 2 P 0
L 57.72912 51.86172 58.28792 51.86172 2 P 0
L 57.73928 49.149 58.24728 49.149 2 P 0
L 57.73928 49.15916 58.25744 49.15916 2 P 0
L 57.73928 49.99228 58.44032 49.99228 2 P 0
L 57.73928 51.87188 58.28792 51.87188 2 P 0
L 57.74944 50.00244 58.45048 50.00244 2 P 0
L 57.74944 50.0126 58.46064 50.0126 2 P 0
L 57.74944 51.88204 58.27776 51.88204 2 P 0
L 57.74944 51.8922 58.27776 51.8922 2 P 0
L 57.7596 50.02276 58.4708 50.02276 2 P 0
L 57.7596 50.03292 58.48096 50.03292 2 P 0
L 57.7596 51.90236 58.2676 51.90236 2 P 0
L 57.7596 51.91252 58.2676 51.91252 2 P 0
L 57.76976 50.04308 58.49112 50.04308 2 P 0
L 57.76976 51.92268 58.25744 51.92268 2 P 0
L 57.77992 50.05324 58.50128 50.05324 2 P 0
L 57.77992 50.0634 58.51144 50.0634 2 P 0
L 57.77992 51.93284 58.24728 51.93284 2 P 0
L 57.77992 51.943 58.24728 51.943 2 P 0
L 57.79008 50.07356 58.5216 50.07356 2 P 0
L 57.79008 51.95316 58.23712 51.95316 2 P 0
L 57.79008 51.96332 58.23712 51.96332 2 P 0
L 57.80024 50.08372 58.53176 50.08372 2 P 0
L 57.80024 50.09388 58.54192 50.09388 2 P 0
L 57.80024 50.1142 58.55208 50.1142 2 P 0
L 57.80024 51.97348 58.22696 51.97348 2 P 0
L 57.80024 51.98364 58.2168 51.98364 2 P 0
L 57.8104 50.10404 58.54192 50.10404 2 P 0
L 57.8104 51.9938 58.2168 51.9938 2 P 0
L 57.82056 50.12436 58.56224 50.12436 2 P 0
L 57.82056 52.00396 58.20664 52.00396 2 P 0
L 57.83072 52.01412 58.19648 52.01412 2 P 0
L 57.83072 52.02428 58.18632 52.02428 2 P 0
L 57.84088 52.03444 58.18632 52.03444 2 P 0
L 57.8612 52.0446 58.166 52.0446 2 P 0
L 57.87136 52.05476 58.15584 52.05476 2 P 0
L 57.88152 52.06492 58.14568 52.06492 2 P 0
L 57.90184 52.07508 58.12536 52.07508 2 P 0
L 57.93232 52.08524 58.09488 52.08524 2 P 0
L 57.9628 52.0954 58.0644 52.0954 2 P 0
L 58.02376 51.34356 58.59272 51.34356 2 P 0
L 58.02376 51.35372 58.58256 51.35372 2 P 0
L 58.03392 51.3334 58.60288 51.3334 2 P 0
L 58.04408 51.31308 58.61304 51.31308 2 P 0
L 58.04408 51.32324 58.60288 51.32324 2 P 0
L 58.05424 51.29276 58.6232 51.29276 2 P 0
L 58.05424 51.30292 58.61304 51.30292 2 P 0
L 58.0644 51.2826 58.63336 51.2826 2 P 0
L 58.07456 51.26228 58.64352 51.26228 2 P 0
L 58.07456 51.27244 58.63336 51.27244 2 P 0
L 58.08472 51.24196 58.65368 51.24196 2 P 0
L 58.08472 51.25212 58.64352 51.25212 2 P 0
L 58.09488 51.22164 58.66384 51.22164 2 P 0
L 58.09488 51.2318 58.65368 51.2318 2 P 0
L 58.10504 51.20132 58.674 51.20132 2 P 0
L 58.10504 51.21148 58.674 51.21148 2 P 0
L 58.1152 51.19116 58.68416 51.19116 2 P 0
L 58.12536 51.17084 58.69432 51.17084 2 P 0
L 58.12536 51.181 58.68416 51.181 2 P 0
L 58.13552 51.15052 58.70448 51.15052 2 P 0
L 58.13552 51.16068 58.69432 51.16068 2 P 0
L 58.14568 51.14036 58.70448 51.14036 2 P 0
L 58.15584 51.12004 58.7248 51.12004 2 P 0
L 58.15584 51.1302 58.71464 51.1302 2 P 0
L 58.166 51.09972 58.73496 51.09972 2 P 0
L 58.166 51.10988 58.7248 51.10988 2 P 0
L 58.17616 51.0794 58.74512 51.0794 2 P 0
L 58.17616 51.08956 58.74512 51.08956 2 P 0
L 58.18632 51.06924 58.75528 51.06924 2 P 0
L 58.19648 51.04892 58.76544 51.04892 2 P 0
L 58.19648 51.05908 58.75528 51.05908 2 P 0
L 58.20664 51.0286 58.7756 51.0286 2 P 0
L 58.20664 51.03876 58.76544 51.03876 2 P 0
L 58.2168 51.00828 58.78576 51.00828 2 P 0
L 58.2168 51.01844 58.78576 51.01844 2 P 0
L 58.22696 50.98796 58.79592 50.98796 2 P 0
L 58.22696 50.99812 58.79592 50.99812 2 P 0
L 58.23712 50.9778 58.80608 50.9778 2 P 0
L 58.24728 50.95748 58.81624 50.95748 2 P 0
L 58.24728 50.96764 58.80608 50.96764 2 P 0
L 58.25744 50.93716 58.8264 50.93716 2 P 0
L 58.25744 50.94732 58.81624 50.94732 2 P 0
L 58.2676 50.927 58.83656 50.927 2 P 0
L 58.27776 50.90668 58.84672 50.90668 2 P 0
L 58.27776 50.91684 58.83656 50.91684 2 P 0
L 58.28792 50.88636 58.85688 50.88636 2 P 0
L 58.28792 50.89652 58.84672 50.89652 2 P 0
L 58.29808 50.86604 58.86704 50.86604 2 P 0
L 58.29808 50.8762 58.86704 50.8762 2 P 0
L 58.30824 50.85588 58.8772 50.85588 2 P 0
L 58.3184 50.83556 58.88736 50.83556 2 P 0
L 58.3184 50.84572 58.8772 50.84572 2 P 0
L 58.32856 50.81524 58.89752 50.81524 2 P 0
L 58.32856 50.8254 58.88736 50.8254 2 P 0
L 58.33872 50.80508 58.90768 50.80508 2 P 0
L 58.34888 50.78476 58.91784 50.78476 2 P 0
L 58.34888 50.79492 58.90768 50.79492 2 P 0
L 58.35904 50.76444 58.928 50.76444 2 P 0
L 58.35904 50.7746 58.91784 50.7746 2 P 0
L 58.3692 50.74412 58.93816 50.74412 2 P 0
L 58.3692 50.75428 58.928 50.75428 2 P 0
L 58.37936 50.73396 58.94832 50.73396 2 P 0
L 58.38952 50.71364 58.95848 50.71364 2 P 0
L 58.38952 50.7238 58.94832 50.7238 2 P 0
L 58.39968 50.69332 58.96864 50.69332 2 P 0
L 58.39968 50.70348 58.95848 50.70348 2 P 0
L 58.40984 50.673 58.9788 50.673 2 P 0
L 58.40984 50.68316 58.9788 50.68316 2 P 0
L 58.42 50.66284 58.98896 50.66284 2 P 0
L 58.43016 50.64252 58.99912 50.64252 2 P 0
L 58.43016 50.65268 58.98896 50.65268 2 P 0
L 58.44032 50.6222 59.00928 50.6222 2 P 0
L 58.44032 50.63236 58.99912 50.63236 2 P 0
L 58.45048 50.60188 59.01944 50.60188 2 P 0
L 58.45048 50.61204 59.00928 50.61204 2 P 0
L 58.46064 50.59172 59.0296 50.59172 2 P 0
L 58.4708 50.5714 59.03976 50.5714 2 P 0
L 58.4708 50.58156 59.0296 50.58156 2 P 0
L 58.48096 50.55108 59.04992 50.55108 2 P 0
L 58.48096 50.56124 59.04992 50.56124 2 P 0
L 58.49112 50.54092 59.06008 50.54092 2 P 0
L 58.50128 50.5206 59.07024 50.5206 2 P 0
L 58.50128 50.53076 59.06008 50.53076 2 P 0
L 58.51144 50.50028 59.0804 50.50028 2 P 0
L 58.51144 50.51044 59.07024 50.51044 2 P 0
L 58.5216 50.47996 59.09056 50.47996 2 P 0
L 58.5216 50.49012 59.0804 50.49012 2 P 0
L 58.53176 50.4698 59.10072 50.4698 2 P 0
L 58.54192 50.44948 59.11088 50.44948 2 P 0
L 58.54192 50.45964 59.10072 50.45964 2 P 0
L 58.55208 50.42916 59.12104 50.42916 2 P 0
L 58.55208 50.43932 59.11088 50.43932 2 P 0
L 58.56224 50.40884 59.1312 50.40884 2 P 0
L 58.56224 50.419 59.1312 50.419 2 P 0
L 58.5724 50.39868 59.14136 50.39868 2 P 0
L 58.58256 50.37836 59.15152 50.37836 2 P 0
L 58.58256 50.38852 59.14136 50.38852 2 P 0
L 58.59272 50.35804 59.16168 50.35804 2 P 0
L 58.59272 50.3682 59.15152 50.3682 2 P 0
L 58.60288 50.34788 59.17184 50.34788 2 P 0
L 58.61304 50.32756 59.182 50.32756 2 P 0
L 58.61304 50.33772 59.17184 50.33772 2 P 0
L 58.6232 50.30724 59.19216 50.30724 2 P 0
L 58.6232 50.3174 59.182 50.3174 2 P 0
L 58.63336 50.28692 59.20232 50.28692 2 P 0
L 58.63336 50.29708 59.19216 50.29708 2 P 0
L 58.64352 50.27676 59.21248 50.27676 2 P 0
L 58.65368 50.25644 59.22264 50.25644 2 P 0
L 58.65368 50.2666 59.21248 50.2666 2 P 0
L 58.66384 50.23612 59.2328 50.23612 2 P 0
L 58.66384 50.24628 59.22264 50.24628 2 P 0
L 58.674 50.2158 59.24296 50.2158 2 P 0
L 58.674 50.22596 59.2328 50.22596 2 P 0
L 58.68416 50.20564 59.25312 50.20564 2 P 0
L 58.69432 50.18532 59.26328 50.18532 2 P 0
L 58.69432 50.19548 59.25312 50.19548 2 P 0
L 58.70448 50.165 59.27344 50.165 2 P 0
L 58.70448 50.17516 59.26328 50.17516 2 P 0
L 58.71464 50.14468 59.2836 50.14468 2 P 0
L 58.71464 50.15484 59.27344 50.15484 2 P 0
L 58.7248 50.13452 59.29376 50.13452 2 P 0
L 58.73496 50.1142 59.30392 50.1142 2 P 0
L 58.73496 50.12436 59.29376 50.12436 2 P 0
L 58.74512 50.09388 59.31408 50.09388 2 P 0
L 58.74512 50.10404 59.30392 50.10404 2 P 0
L 58.75528 50.08372 59.32424 50.08372 2 P 0
L 58.76544 50.0634 59.3344 50.0634 2 P 0
L 58.76544 50.07356 59.32424 50.07356 2 P 0
L 58.7756 50.04308 59.34456 50.04308 2 P 0
L 58.7756 50.05324 59.3344 50.05324 2 P 0
L 58.78576 50.02276 59.35472 50.02276 2 P 0
L 58.78576 50.03292 59.34456 50.03292 2 P 0
L 58.79592 50.0126 59.36488 50.0126 2 P 0
L 58.80608 49.99228 59.37504 49.99228 2 P 0
L 58.80608 50.00244 59.36488 50.00244 2 P 0
L 58.81624 49.97196 59.3852 49.97196 2 P 0
L 58.81624 49.98212 59.37504 49.98212 2 P 0
L 58.8264 49.95164 59.39536 49.95164 2 P 0
L 58.8264 49.9618 59.3852 49.9618 2 P 0
L 58.83656 49.93132 59.40552 49.93132 2 P 0
L 58.83656 49.94148 59.40552 49.94148 2 P 0
L 58.84672 49.92116 59.41568 49.92116 2 P 0
L 58.85688 49.90084 59.42584 49.90084 2 P 0
L 58.85688 49.911 59.41568 49.911 2 P 0
L 58.86704 49.88052 59.436 49.88052 2 P 0
L 58.86704 49.89068 59.42584 49.89068 2 P 0
L 58.8772 49.87036 59.44616 49.87036 2 P 0
L 58.88736 49.85004 59.45632 49.85004 2 P 0
L 58.88736 49.8602 59.44616 49.8602 2 P 0
L 58.89752 49.82972 59.46648 49.82972 2 P 0
L 58.89752 49.83988 59.45632 49.83988 2 P 0
L 58.90768 49.81956 59.47664 49.81956 2 P 0
L 58.91784 49.79924 59.4868 49.79924 2 P 0
L 58.91784 49.8094 59.47664 49.8094 2 P 0
L 58.928 49.77892 59.49696 49.77892 2 P 0
L 58.928 49.78908 59.4868 49.78908 2 P 0
L 58.93816 49.7586 59.50712 49.7586 2 P 0
L 58.93816 49.76876 59.50712 49.76876 2 P 0
L 58.94832 49.73828 59.51728 49.73828 2 P 0
L 58.94832 49.74844 59.52744 49.74844 2 P 0
L 58.95848 49.72812 59.52744 49.72812 2 P 0
L 58.96864 49.7078 59.5376 49.7078 2 P 0
L 58.96864 49.71796 59.52744 49.71796 2 P 0
L 58.9788 49.68748 59.54776 49.68748 2 P 0
L 58.9788 49.69764 59.5376 49.69764 2 P 0
L 58.98896 49.67732 59.55792 49.67732 2 P 0
L 58.99912 49.657 59.56808 49.657 2 P 0
L 58.99912 49.66716 59.55792 49.66716 2 P 0
L 59.00928 49.63668 59.57824 49.63668 2 P 0
L 59.00928 49.64684 59.56808 49.64684 2 P 0
L 59.01944 49.61636 59.5884 49.61636 2 P 0
L 59.01944 49.62652 59.5884 49.62652 2 P 0
L 59.0296 49.6062 59.59856 49.6062 2 P 0
L 59.03976 49.58588 59.60872 49.58588 2 P 0
L 59.03976 49.59604 59.59856 49.59604 2 P 0
L 59.04992 49.56556 59.61888 49.56556 2 P 0
L 59.04992 49.57572 59.60872 49.57572 2 P 0
L 59.06008 49.5554 59.62904 49.5554 2 P 0
L 59.07024 49.53508 59.6392 49.53508 2 P 0
L 59.07024 49.54524 59.62904 49.54524 2 P 0
L 59.0804 49.51476 59.64936 49.51476 2 P 0
L 59.0804 49.52492 59.6392 49.52492 2 P 0
L 59.09056 49.49444 59.65952 49.49444 2 P 0
L 59.09056 49.5046 59.65952 49.5046 2 P 0
L 59.10072 49.48428 59.66968 49.48428 2 P 0
L 59.11088 49.46396 59.67984 49.46396 2 P 0
L 59.11088 49.47412 59.66968 49.47412 2 P 0
L 59.12104 49.44364 59.69 49.44364 2 P 0
L 59.12104 49.4538 59.67984 49.4538 2 P 0
L 59.1312 49.42332 59.70016 49.42332 2 P 0
L 59.1312 49.43348 59.70016 49.43348 2 P 0
L 59.14136 49.41316 59.71032 49.41316 2 P 0
L 59.15152 49.39284 59.72048 49.39284 2 P 0
L 59.15152 49.403 59.71032 49.403 2 P 0
L 59.16168 49.37252 59.73064 49.37252 2 P 0
L 59.16168 49.38268 59.72048 49.38268 2 P 0
L 59.17184 49.36236 59.7408 49.36236 2 P 0
L 59.182 49.34204 59.75096 49.34204 2 P 0
L 59.182 49.3522 59.7408 49.3522 2 P 0
L 59.19216 49.32172 59.76112 49.32172 2 P 0
L 59.19216 49.33188 59.75096 49.33188 2 P 0
L 59.20232 49.3014 59.77128 49.3014 2 P 0
L 59.20232 49.31156 59.77128 49.31156 2 P 0
L 59.21248 49.29124 59.78144 49.29124 2 P 0
L 59.22264 49.27092 59.7916 49.27092 2 P 0
L 59.22264 49.28108 59.78144 49.28108 2 P 0
L 59.2328 49.2506 59.80176 49.2506 2 P 0
L 59.2328 49.26076 59.7916 49.26076 2 P 0
L 59.24296 49.23028 59.81192 49.23028 2 P 0
L 59.24296 49.24044 59.81192 49.24044 2 P 0
L 59.25312 49.22012 59.82208 49.22012 2 P 0
L 59.26328 49.1998 59.83224 49.1998 2 P 0
L 59.26328 49.20996 59.82208 49.20996 2 P 0
L 59.27344 49.17948 59.8424 49.17948 2 P 0
L 59.27344 49.18964 59.83224 49.18964 2 P 0
L 59.2836 49.16932 59.85256 49.16932 2 P 0
L 59.29376 49.149 59.86272 49.149 2 P 0
L 59.29376 49.15916 59.85256 49.15916 2 P 0
L 59.30392 49.12868 59.87288 49.12868 2 P 0
L 59.30392 49.13884 59.86272 49.13884 2 P 0
L 59.31408 49.10836 59.88304 49.10836 2 P 0
L 59.31408 49.11852 59.87288 49.11852 2 P 0
L 59.32424 49.08804 59.8932 49.08804 2 P 0
L 59.32424 49.0982 59.8932 49.0982 2 P 0
L 59.3344 49.07788 59.90336 49.07788 2 P 0
L 59.34456 49.05756 59.91352 49.05756 2 P 0
L 59.34456 49.06772 59.90336 49.06772 2 P 0
L 59.35472 49.03724 59.92368 49.03724 2 P 0
L 59.35472 49.0474 59.91352 49.0474 2 P 0
L 59.36488 49.02708 59.93384 49.02708 2 P 0
L 59.37504 49.00676 59.944 49.00676 2 P 0
L 59.37504 49.01692 59.93384 49.01692 2 P 0
L 59.3852 48.98644 59.95416 48.98644 2 P 0
L 59.3852 48.9966 59.944 48.9966 2 P 0
L 59.39536 48.97628 59.96432 48.97628 2 P 0
L 59.40552 48.95596 59.97448 48.95596 2 P 0
L 59.40552 48.96612 59.96432 48.96612 2 P 0
L 59.41568 48.93564 59.98464 48.93564 2 P 0
L 59.41568 48.9458 59.97448 48.9458 2 P 0
L 59.42584 48.91532 59.9948 48.91532 2 P 0
L 59.42584 48.92548 59.98464 48.92548 2 P 0
L 59.436 48.895 60.00496 48.895 2 P 0
L 59.436 48.90516 60.00496 48.90516 2 P 0
L 59.44616 48.88484 60.01512 48.88484 2 P 0
L 59.45632 48.86452 60.02528 48.86452 2 P 0
L 59.45632 48.87468 60.01512 48.87468 2 P 0
L 59.46648 48.82388 60.0456 48.82388 2 P 0
L 59.46648 48.8442 60.03544 48.8442 2 P 0
L 59.46648 48.85436 60.02528 48.85436 2 P 0
L 59.47664 48.83404 60.0456 48.83404 2 P 0
L 59.4868 48.81372 60.05576 48.81372 2 P 0
L 59.49696 48.7934 60.06592 48.7934 2 P 0
L 59.49696 48.80356 60.05576 48.80356 2 P 0
L 59.50712 48.77308 60.07608 48.77308 2 P 0
L 59.50712 48.78324 60.06592 48.78324 2 P 0
L 59.51728 48.76292 60.08624 48.76292 2 P 0
L 59.52744 48.7426 60.0964 48.7426 2 P 0
L 59.52744 48.75276 60.08624 48.75276 2 P 0
L 59.5376 48.72228 60.10656 48.72228 2 P 0
L 59.5376 48.73244 60.10656 48.73244 2 P 0
L 59.54776 48.70196 60.11672 48.70196 2 P 0
L 59.54776 48.71212 60.12688 48.71212 2 P 0
L 59.55792 48.6918 60.12688 48.6918 2 P 0
L 59.56808 48.67148 60.13704 48.67148 2 P 0
L 59.56808 48.68164 60.12688 48.68164 2 P 0
L 59.57824 48.65116 60.1472 48.65116 2 P 0
L 59.57824 48.66132 60.13704 48.66132 2 P 0
L 59.5884 48.63084 60.15736 48.63084 2 P 0
L 59.5884 48.641 60.15736 48.641 2 P 0
L 59.59856 48.62068 60.16752 48.62068 2 P 0
L 59.60872 48.60036 60.17768 48.60036 2 P 0
L 59.60872 48.61052 60.16752 48.61052 2 P 0
L 59.61888 48.58004 60.18784 48.58004 2 P 0
L 59.61888 48.5902 60.17768 48.5902 2 P 0
L 59.62904 48.55972 60.198 48.55972 2 P 0
L 59.62904 48.56988 60.198 48.56988 2 P 0
L 59.6392 48.54956 60.20816 48.54956 2 P 0
L 59.64936 48.52924 60.21832 48.52924 2 P 0
L 59.64936 48.5394 60.20816 48.5394 2 P 0
L 59.65952 48.51908 60.22848 48.51908 2 P 0
L 59.66968 48.49876 60.23864 48.49876 2 P 0
L 59.66968 48.50892 60.22848 48.50892 2 P 0
L 59.67984 48.47844 60.2488 48.47844 2 P 0
L 59.67984 48.4886 60.23864 48.4886 2 P 0
L 59.69 48.45812 60.25896 48.45812 2 P 0
L 59.69 48.46828 60.2488 48.46828 2 P 0
L 59.70016 48.44796 60.26912 48.44796 2 P 0
L 59.71032 48.42764 60.27928 48.42764 2 P 0
L 59.71032 48.4378 60.26912 48.4378 2 P 0
L 59.72048 48.40732 60.28944 48.40732 2 P 0
L 59.72048 48.41748 60.27928 48.41748 2 P 0
L 59.73064 48.387 60.2996 48.387 2 P 0
L 59.73064 48.39716 60.2996 48.39716 2 P 0
L 59.7408 48.36668 60.30976 48.36668 2 P 0
L 59.7408 48.37684 60.30976 48.37684 2 P 0
L 59.75096 48.35652 60.31992 48.35652 2 P 0
L 59.76112 48.3362 60.33008 48.3362 2 P 0
L 59.76112 48.34636 60.31992 48.34636 2 P 0
L 59.77128 48.31588 60.34024 48.31588 2 P 0
L 59.77128 48.32604 60.34024 48.32604 2 P 0
L 59.78144 48.30572 60.3504 48.30572 2 P 0
L 59.7916 48.2854 60.36056 48.2854 2 P 0
L 59.7916 48.29556 60.3504 48.29556 2 P 0
L 59.7916 49.28108 59.80176 49.28108 2 P 0
L 59.80176 48.26508 60.37072 48.26508 2 P 0
L 59.80176 48.27524 60.36056 48.27524 2 P 0
L 59.81192 48.24476 60.38088 48.24476 2 P 0
L 59.81192 48.25492 60.38088 48.25492 2 P 0
L 59.82208 48.2346 60.39104 48.2346 2 P 0
L 59.83224 48.21428 60.4012 48.21428 2 P 0
L 59.83224 48.22444 60.39104 48.22444 2 P 0
L 59.8424 48.19396 60.41136 48.19396 2 P 0
L 59.8424 48.20412 60.4012 48.20412 2 P 0
L 59.85256 48.17364 60.42152 48.17364 2 P 0
L 59.85256 48.1838 60.42152 48.1838 2 P 0
L 59.86272 48.16348 60.43168 48.16348 2 P 0
L 59.87288 48.14316 60.44184 48.14316 2 P 0
L 59.87288 48.15332 60.43168 48.15332 2 P 0
L 59.88304 48.12284 60.452 48.12284 2 P 0
L 59.88304 48.133 60.44184 48.133 2 P 0
L 59.8932 48.10252 60.46216 48.10252 2 P 0
L 59.8932 48.11268 60.46216 48.11268 2 P 0
L 59.90336 48.09236 60.47232 48.09236 2 P 0
L 59.91352 48.07204 60.48248 48.07204 2 P 0
L 59.91352 48.0822 60.47232 48.0822 2 P 0
L 59.92368 48.05172 60.49264 48.05172 2 P 0
L 59.92368 48.06188 60.48248 48.06188 2 P 0
L 59.93384 48.04156 60.5028 48.04156 2 P 0
L 59.944 48.02124 60.51296 48.02124 2 P 0
L 59.944 48.0314 60.5028 48.0314 2 P 0
L 60.33008 48.42764 60.34024 48.42764 2 P 0
L 60.41136 48.20412 60.42152 48.20412 2 P 0
L 60.833 59.42000054 60.833 88.63000054 4 P 0
L 62.4332 100.4062 62.4332 117.9322 4 P 0
L 62.484 27.559 62.484 35.687 4 P 0
S P 0
OB 26.76279128 84.34963064 I
OS 26.76196832 84.32741072
OS 26.76196832 84.32247296
OS 26.76114536 84.31671224
OS 26.7603224 84.3093056
OS 26.75949944 84.30025304
OS 26.75867648 84.29037752
OS 26.7562076 84.26980352
OS 26.7562076 84.2681576
OS 26.75538464 84.26486576
OS 26.75456168 84.25910504
OS 26.75291576 84.25252136
OS 26.75126984 84.2434688
OS 26.74962392 84.23441624
OS 26.74468616 84.21301928
OS 26.74468616 84.21137336
OS 26.7438632 84.20808152
OS 26.74221728 84.2023208
OS 26.74057136 84.1940912
OS 26.73810248 84.18503864
OS 26.73481064 84.17516312
OS 26.72822696 84.15212024
OS 26.54717576 84.15212024
OS 26.54717576 84.1529432
OS 26.54882168 84.15458912
OS 26.54964464 84.15870392
OS 26.55211352 84.16281872
OS 26.5545824 84.16857944
OS 26.55705128 84.17516312
OS 26.56034312 84.18256976
OS 26.56363496 84.19079936
OS 26.57021864 84.20972744
OS 26.57762528 84.22947848
OS 26.58420896 84.2516984
OS 26.58914672 84.27309536
OS 26.58914672 84.27391832
OS 26.58996968 84.27556424
OS 26.59079264 84.27885608
OS 26.5916156 84.28297088
OS 26.59243856 84.28790864
OS 26.59326152 84.29366936
OS 26.5957304 84.30765968
OS 26.59819928 84.32329592
OS 26.60066816 84.34057808
OS 26.60149112 84.3586832
OS 26.60231408 84.37678832
OS 26.60231408 84.38830976
OS 26.60149112 84.39407048
OS 26.60066816 84.40147712
OS 26.5998452 84.40888376
OS 26.59902224 84.41711336
OS 26.5957304 84.43604144
OS 26.5916156 84.45579248
OS 26.58503192 84.47636648
OS 26.57680232 84.49529456
OS 26.57680232 84.49611752
OS 26.57597936 84.49776344
OS 26.57433344 84.50023232
OS 26.57186456 84.50352416
OS 26.5669268 84.51257672
OS 26.5586972 84.5232752
OS 26.54882168 84.53644256
OS 26.53730024 84.54960992
OS 26.52248696 84.56277728
OS 26.50685072 84.57512168
OS 26.50602776 84.57512168
OS 26.5052048 84.5767676
OS 26.50273592 84.57841352
OS 26.49862112 84.58005944
OS 26.49450632 84.58252832
OS 26.48956856 84.58582016
OS 26.47722416 84.59240384
OS 26.46158792 84.59981048
OS 26.4434828 84.60804008
OS 26.4229088 84.61462376
OS 26.40068888 84.62120744
OS 26.39986592 84.62120744
OS 26.39822 84.6220304
OS 26.39492816 84.62285336
OS 26.3899904 84.62367632
OS 26.38422968 84.62449928
OS 26.377646 84.6261452
OS 26.3694164 84.62696816
OS 26.36036384 84.62861408
OS 26.35131128 84.63026
OS 26.3406128 84.63108296
OS 26.31756992 84.63355184
OS 26.29205816 84.63519776
OS 26.26490048 84.63602072
OS 26.26407752 84.63602072
OS 26.26160864 84.63602072
OS 26.25749384 84.63602072
OS 26.25173312 84.63602072
OS 26.24432648 84.63519776
OS 26.23691984 84.63519776
OS 26.22786728 84.6343748
OS 26.21799176 84.6343748
OS 26.19577184 84.63272888
OS 26.171906 84.62943704
OS 26.14804016 84.6261452
OS 26.12417432 84.62120744
OS 26.12335136 84.62120744
OS 26.12170544 84.62038448
OS 26.1184136 84.61956152
OS 26.11347584 84.61873856
OS 26.10853808 84.61709264
OS 26.10277736 84.61462376
OS 26.08796408 84.609686
OS 26.07150488 84.60310232
OS 26.05339976 84.59487272
OS 26.0361176 84.58582016
OS 26.01883544 84.57429872
OS 26.01801248 84.57429872
OS 26.01718952 84.5726528
OS 26.0114288 84.568538
OS 26.00402216 84.56113136
OS 25.9949696 84.5520788
OS 25.98427112 84.54055736
OS 25.97357264 84.52656704
OS 25.96287416 84.51010784
OS 25.9538216 84.49282568
OS 25.9538216 84.49200272
OS 25.95299864 84.4903568
OS 25.95217568 84.48788792
OS 25.95052976 84.48377312
OS 25.94888384 84.47883536
OS 25.94641496 84.47307464
OS 25.94476904 84.46649096
OS 25.94312312 84.45908432
OS 25.93900832 84.44180216
OS 25.93489352 84.42122816
OS 25.93242464 84.39900824
OS 25.93160168 84.37431944
OS 25.93160168 84.36526688
OS 25.93242464 84.3586832
OS 25.93242464 84.3504536
OS 25.9332476 84.34140104
OS 25.93571648 84.32165
OS 25.93571648 84.32000408
OS 25.93653944 84.31671224
OS 25.9373624 84.31095152
OS 25.93900832 84.30354488
OS 25.94065424 84.29449232
OS 25.94312312 84.28543976
OS 25.94806088 84.2640428
OS 25.94806088 84.26239688
OS 25.9497068 84.25910504
OS 25.95135272 84.25334432
OS 25.9538216 84.24593768
OS 25.95629048 84.23688512
OS 25.95958232 84.2270096
OS 25.96698896 84.20561264
OS 25.96781192 84.20396672
OS 25.96863488 84.20067488
OS 25.97110376 84.19491416
OS 25.97357264 84.18833048
OS 25.97686448 84.18010088
OS 25.98097928 84.17104832
OS 25.98920888 84.15212024
OS 25.81885616 84.15212024
OS 25.81885616 84.1529432
OS 25.8180332 84.15541208
OS 25.81638728 84.15870392
OS 25.81474136 84.16281872
OS 25.81227248 84.1694024
OS 25.8098036 84.17598608
OS 25.80733472 84.18339272
OS 25.80404288 84.19244528
OS 25.7974592 84.21137336
OS 25.79169848 84.23277032
OS 25.7851148 84.25499024
OS 25.78017704 84.27803312
OS 25.78017704 84.27885608
OS 25.77935408 84.280502
OS 25.77935408 84.28379384
OS 25.77853112 84.2887316
OS 25.77770816 84.29366936
OS 25.77606224 84.30025304
OS 25.77523928 84.30765968
OS 25.77441632 84.31588928
OS 25.77194744 84.33481736
OS 25.76947856 84.35621432
OS 25.7686556 84.3792572
OS 25.76783264 84.40312304
OS 25.76783264 84.41299856
OS 25.7686556 84.4204052
OS 25.7686556 84.42945776
OS 25.76947856 84.44015624
OS 25.77030152 84.45250064
OS 25.77194744 84.465668
OS 25.77359336 84.47965832
OS 25.77523928 84.4944716
OS 25.781 84.52492112
OS 25.78840664 84.55701656
OS 25.79828216 84.58828904
OS 25.79828216 84.589112
OS 25.79992808 84.59158088
OS 25.801574 84.59569568
OS 25.80404288 84.6014564
OS 25.80733472 84.60886304
OS 25.81144952 84.61709264
OS 25.81556432 84.62532224
OS 25.82132504 84.63519776
OS 25.83366944 84.65659472
OS 25.84930568 84.6796376
OS 25.86823376 84.70268048
OS 25.88963072 84.72407744
OS 25.89045368 84.7249004
OS 25.8920996 84.72654632
OS 25.8962144 84.7290152
OS 25.9003292 84.73313
OS 25.90691288 84.73806776
OS 25.91349656 84.74300552
OS 25.92172616 84.74876624
OS 25.93160168 84.75534992
OS 25.9414772 84.7619336
OS 25.95299864 84.76851728
OS 25.96534304 84.77592392
OS 25.9785104 84.7825076
OS 25.99332368 84.78991424
OS 26.00813696 84.79649792
OS 26.0402324 84.80801936
OS 26.04105536 84.80801936
OS 26.0443472 84.80884232
OS 26.04928496 84.81048824
OS 26.05586864 84.81213416
OS 26.0649212 84.81460304
OS 26.07479672 84.81707192
OS 26.08714112 84.8195408
OS 26.10030848 84.82200968
OS 26.11512176 84.82447856
OS 26.13158096 84.82694744
OS 26.14886312 84.82941632
OS 26.16696824 84.8318852
OS 26.18671928 84.83353112
OS 26.20647032 84.83517704
OS 26.22786728 84.836
OS 26.2500872 84.836
OS 26.25173312 84.836
OS 26.25584792 84.836
OS 26.2624316 84.836
OS 26.2706612 84.83517704
OS 26.28135968 84.83517704
OS 26.29370408 84.83435408
OS 26.3076944 84.83353112
OS 26.32333064 84.8318852
OS 26.33978984 84.83023928
OS 26.357072 84.82859336
OS 26.39328224 84.82283264
OS 26.4311384 84.815426
OS 26.46734864 84.80555048
OS 26.4681716 84.80555048
OS 26.47146344 84.80390456
OS 26.4764012 84.80225864
OS 26.48298488 84.79978976
OS 26.49121448 84.79649792
OS 26.50109 84.79238312
OS 26.51178848 84.78826832
OS 26.52330992 84.7825076
OS 26.54882168 84.7701632
OS 26.57597936 84.75452696
OS 26.60313704 84.7372448
OS 26.6286488 84.7166708
OS 26.62947176 84.71584784
OS 26.63194064 84.71420192
OS 26.63523248 84.71091008
OS 26.63934728 84.70597232
OS 26.645108 84.7002116
OS 26.65169168 84.69362792
OS 26.65827536 84.68622128
OS 26.665682 84.67716872
OS 26.6739116 84.6672932
OS 26.6821412 84.65659472
OS 26.6903708 84.64507328
OS 26.6986004 84.63272888
OS 26.7150596 84.6055712
OS 26.72904992 84.57594464
OS 26.72987288 84.57512168
OS 26.73069584 84.57182984
OS 26.73234176 84.56771504
OS 26.73481064 84.56113136
OS 26.73727952 84.55372472
OS 26.7397484 84.5438492
OS 26.74304024 84.53315072
OS 26.74633208 84.52162928
OS 26.74962392 84.50846192
OS 26.75291576 84.49364864
OS 26.75538464 84.47883536
OS 26.75785352 84.46237616
OS 26.7603224 84.445094
OS 26.76196832 84.42781184
OS 26.76361424 84.38995568
OS 26.76361424 84.35950616
OS 26.76279128 84.34963064
OE
OB 26.76526016 83.63612432 I
OS 26.76526016 83.62871768
OS 26.7644372 83.61966512
OS 26.76361424 83.6097896
OS 26.7603224 83.58839264
OS 26.75703056 83.5645268
OS 26.75126984 83.54066096
OS 26.7438632 83.51597216
OS 26.7438632 83.5151492
OS 26.74304024 83.51350328
OS 26.74139432 83.50938848
OS 26.7397484 83.50527368
OS 26.73727952 83.49951296
OS 26.73398768 83.49292928
OS 26.72658104 83.478116
OS 26.71670552 83.46083384
OS 26.70436112 83.44190576
OS 26.68872488 83.42297768
OS 26.67061976 83.40487256
OS 26.6697968 83.4040496
OS 26.66815088 83.40240368
OS 26.665682 83.3999348
OS 26.6615672 83.39664296
OS 26.65580648 83.39335112
OS 26.65004576 83.38841336
OS 26.64263912 83.3834756
OS 26.63440952 83.37771488
OS 26.62535696 83.37195416
OS 26.61465848 83.36619344
OS 26.60396 83.35960976
OS 26.5916156 83.35384904
OS 26.57844824 83.34726536
OS 26.56445792 83.34150464
OS 26.54964464 83.33574392
OS 26.5340084 83.33080616
OS 26.53318544 83.33080616
OS 26.5298936 83.3299832
OS 26.5257788 83.32833728
OS 26.51919512 83.32669136
OS 26.51014256 83.32504544
OS 26.50026704 83.32257656
OS 26.4887456 83.32010768
OS 26.47557824 83.3176388
OS 26.46158792 83.31516992
OS 26.44512872 83.31270104
OS 26.42784656 83.31023216
OS 26.40891848 83.30858624
OS 26.38916744 83.30694032
OS 26.36777048 83.3052944
OS 26.34555056 83.30447144
OS 26.32250768 83.30447144
OS 26.32086176 83.30447144
OS 26.31756992 83.30447144
OS 26.3118092 83.30447144
OS 26.3035796 83.30447144
OS 26.29370408 83.3052944
OS 26.28218264 83.3052944
OS 26.26901528 83.30611736
OS 26.25502496 83.30694032
OS 26.23938872 83.30776328
OS 26.22375248 83.3094092
OS 26.19001112 83.31270104
OS 26.15626976 83.3176388
OS 26.12335136 83.32422248
OS 26.1225284 83.32422248
OS 26.11923656 83.32504544
OS 26.11512176 83.3258684
OS 26.10936104 83.32751432
OS 26.1019544 83.3299832
OS 26.0937248 83.33245208
OS 26.08384928 83.33492096
OS 26.0731508 83.3382128
OS 26.05093088 83.34561944
OS 26.02624208 83.35549496
OS 26.00237624 83.36619344
OS 25.9785104 83.37853784
OS 25.97768744 83.37853784
OS 25.97604152 83.38018376
OS 25.97274968 83.38182968
OS 25.96863488 83.38512152
OS 25.96369712 83.38841336
OS 25.95711344 83.39252816
OS 25.94394608 83.40240368
OS 25.92830984 83.41474808
OS 25.91185064 83.42956136
OS 25.89539144 83.4451976
OS 25.8797552 83.46330272
OS 25.87893224 83.46412568
OS 25.87810928 83.4657716
OS 25.87646336 83.46824048
OS 25.87317152 83.47153232
OS 25.86987968 83.47647008
OS 25.86658784 83.48140784
OS 25.85753528 83.49539816
OS 25.84765976 83.5110344
OS 25.83778424 83.52996248
OS 25.82790872 83.54971352
OS 25.81885616 83.57193344
OS 25.81885616 83.5727564
OS 25.8180332 83.57440232
OS 25.81638728 83.57769416
OS 25.81556432 83.58263192
OS 25.81309544 83.58756968
OS 25.81144952 83.59415336
OS 25.80898064 83.60156
OS 25.80651176 83.6097896
OS 25.801574 83.62871768
OS 25.79663624 83.6509376
OS 25.79169848 83.67398048
OS 25.78840664 83.69949224
OS 25.78840664 83.70278408
OS 25.78758368 83.70607592
OS 25.78758368 83.71101368
OS 25.78676072 83.71759736
OS 25.78593776 83.725004
OS 25.7851148 83.7332336
OS 25.7851148 83.74228616
OS 25.78429184 83.75216168
OS 25.78346888 83.76368312
OS 25.78182296 83.786726
OS 25.781 83.81223776
OS 25.781 83.951318
OS 25.93571648 83.951318
OS 25.93571648 83.80483112
OS 25.93653944 83.79742448
OS 25.93653944 83.78919488
OS 25.9373624 83.77931936
OS 25.9373624 83.76862088
OS 25.93900832 83.745578
OS 25.94230016 83.72171216
OS 25.945592 83.69784632
OS 25.95052976 83.67480344
OS 25.95052976 83.67398048
OS 25.95135272 83.67233456
OS 25.95217568 83.66904272
OS 25.95299864 83.66492792
OS 25.95464456 83.65999016
OS 25.95711344 83.65422944
OS 25.9620512 83.64106208
OS 25.96781192 83.6262488
OS 25.97521856 83.6097896
OS 25.98427112 83.59497632
OS 25.9949696 83.58016304
OS 25.9949696 83.57934008
OS 25.99661552 83.57851712
OS 25.99990736 83.57440232
OS 26.00649104 83.56781864
OS 26.0155436 83.55958904
OS 26.02624208 83.55135944
OS 26.03858648 83.54230688
OS 26.0525768 83.53407728
OS 26.06821304 83.52667064
OS 26.069036 83.52667064
OS 26.06985896 83.52584768
OS 26.07232784 83.52502472
OS 26.07561968 83.52420176
OS 26.07973448 83.52255584
OS 26.08467224 83.52090992
OS 26.09701664 83.51761808
OS 26.11182992 83.51350328
OS 26.12911208 83.50938848
OS 26.14804016 83.50609664
OS 26.16861416 83.50362776
OS 26.18754224 83.50198184
OS 26.18754224 83.5028048
OS 26.18671928 83.50362776
OS 26.18589632 83.50609664
OS 26.1842504 83.50856552
OS 26.18095856 83.51679512
OS 26.17684376 83.52831656
OS 26.171906 83.54148392
OS 26.16696824 83.5562972
OS 26.16203048 83.57357936
OS 26.15709272 83.59168448
OS 26.15709272 83.59250744
OS 26.15626976 83.59415336
OS 26.15626976 83.59662224
OS 26.1554468 83.59991408
OS 26.15462384 83.60485184
OS 26.15380088 83.61061256
OS 26.151332 83.62295696
OS 26.14886312 83.6385932
OS 26.1472172 83.65587536
OS 26.14639424 83.67398048
OS 26.14557128 83.69290856
OS 26.14557128 83.70525296
OS 26.14639424 83.71101368
OS 26.14639424 83.71842032
OS 26.1472172 83.72664992
OS 26.1472172 83.73570248
OS 26.14968608 83.75545352
OS 26.15215496 83.77685048
OS 26.15626976 83.79989336
OS 26.16120752 83.82211328
OS 26.16120752 83.82293624
OS 26.16203048 83.82458216
OS 26.16285344 83.827874
OS 26.16449936 83.8319888
OS 26.16614528 83.83692656
OS 26.16861416 83.84268728
OS 26.17355192 83.85585464
OS 26.18095856 83.87149088
OS 26.19001112 83.88877304
OS 26.2007096 83.90523224
OS 26.213054 83.92169144
OS 26.21387696 83.9225144
OS 26.21469992 83.92333736
OS 26.21963768 83.92827512
OS 26.22786728 83.93650472
OS 26.23856576 83.94555728
OS 26.25173312 83.95625576
OS 26.26736936 83.96695424
OS 26.28547448 83.97765272
OS 26.30522552 83.98670528
OS 26.30604848 83.98670528
OS 26.3076944 83.98752824
OS 26.31098624 83.9883512
OS 26.31510104 83.98999712
OS 26.32086176 83.99164304
OS 26.32744544 83.99411192
OS 26.33485208 83.99575784
OS 26.34390464 83.99740376
OS 26.3529572 83.99987264
OS 26.36365568 84.00151856
OS 26.37517712 84.00398744
OS 26.38752152 84.00563336
OS 26.41385624 84.00810224
OS 26.44265984 84.0089252
OS 26.4434828 84.0089252
OS 26.44595168 84.0089252
OS 26.45006648 84.0089252
OS 26.45500424 84.00810224
OS 26.46158792 84.00810224
OS 26.46899456 84.00727928
OS 26.47722416 84.00645632
OS 26.48627672 84.00563336
OS 26.50685072 84.00234152
OS 26.52907064 83.99740376
OS 26.55129056 83.99164304
OS 26.57433344 83.98259048
OS 26.5751564 83.98259048
OS 26.57680232 83.98094456
OS 26.58009416 83.9801216
OS 26.58420896 83.97765272
OS 26.58996968 83.97518384
OS 26.5957304 83.971892
OS 26.60972072 83.9636624
OS 26.62535696 83.95296392
OS 26.64263912 83.94061952
OS 26.65992128 83.92580624
OS 26.67638048 83.90934704
OS 26.67720344 83.90852408
OS 26.6780264 83.90687816
OS 26.68049528 83.90440928
OS 26.68378712 83.90111744
OS 26.68707896 83.89617968
OS 26.69119376 83.89124192
OS 26.69613152 83.88465824
OS 26.70106928 83.87807456
OS 26.7109448 83.86161536
OS 26.72246624 83.84268728
OS 26.73316472 83.82046736
OS 26.74221728 83.79742448
OS 26.74221728 83.79660152
OS 26.74304024 83.79413264
OS 26.74468616 83.7908408
OS 26.74633208 83.78590304
OS 26.747978 83.78014232
OS 26.74962392 83.77273568
OS 26.7520928 83.76450608
OS 26.75456168 83.75545352
OS 26.7562076 83.745578
OS 26.75867648 83.73405656
OS 26.76279128 83.71019072
OS 26.76526016 83.683856
OS 26.76608312 83.65587536
OS 26.76608312 83.642708
OS 26.76526016 83.63612432
OE
OB 26.61383552 83.66410496 H
OS 26.61383552 83.66986568
OS 26.61301256 83.67727232
OS 26.6121896 83.68550192
OS 26.61054368 83.6962004
OS 26.60889776 83.70689888
OS 26.60560592 83.71842032
OS 26.60149112 83.7291188
OS 26.60066816 83.73076472
OS 26.59902224 83.73405656
OS 26.59655336 83.73899432
OS 26.59326152 83.74640096
OS 26.58832376 83.7538076
OS 26.58256304 83.7620372
OS 26.57597936 83.7702668
OS 26.56857272 83.7784964
OS 26.56774976 83.77931936
OS 26.56445792 83.78178824
OS 26.56034312 83.78508008
OS 26.55375944 83.79001784
OS 26.5463528 83.7949556
OS 26.53730024 83.79989336
OS 26.52742472 83.80483112
OS 26.51672624 83.80976888
OS 26.51508032 83.81059184
OS 26.51178848 83.8114148
OS 26.5052048 83.81306072
OS 26.4969752 83.81470664
OS 26.48709968 83.81717552
OS 26.4764012 83.81882144
OS 26.46323384 83.8196444
OS 26.45006648 83.82046736
OS 26.44924352 83.82046736
OS 26.44677464 83.82046736
OS 26.44265984 83.82046736
OS 26.43689912 83.8196444
OS 26.43031544 83.81882144
OS 26.4229088 83.81799848
OS 26.40562664 83.8155296
OS 26.38669856 83.81059184
OS 26.36777048 83.8031852
OS 26.35789496 83.79824744
OS 26.3488424 83.79248672
OS 26.3406128 83.786726
OS 26.33320616 83.77931936
OS 26.33320616 83.7784964
OS 26.33156024 83.77767344
OS 26.32991432 83.77520456
OS 26.32744544 83.77191272
OS 26.3241536 83.76779792
OS 26.32086176 83.7620372
OS 26.31756992 83.75627648
OS 26.31427808 83.7496928
OS 26.31098624 83.7414632
OS 26.3076944 83.7332336
OS 26.30440256 83.72335808
OS 26.30111072 83.71348256
OS 26.29699592 83.69043968
OS 26.29617296 83.67727232
OS 26.29535 83.66410496
OS 26.29535 83.65669832
OS 26.29617296 83.65176056
OS 26.29617296 83.64517688
OS 26.29699592 83.63777024
OS 26.29864184 83.622134
OS 26.29864184 83.62131104
OS 26.2994648 83.6180192
OS 26.30028776 83.6139044
OS 26.30193368 83.60814368
OS 26.30275664 83.60073704
OS 26.30522552 83.5933304
OS 26.30934032 83.5768712
OS 26.30934032 83.57604824
OS 26.31016328 83.5727564
OS 26.3118092 83.5686416
OS 26.31345512 83.56288088
OS 26.315924 83.5562972
OS 26.31839288 83.54889056
OS 26.3241536 83.53325432
OS 26.3241536 83.53243136
OS 26.32579952 83.52996248
OS 26.32744544 83.52584768
OS 26.32991432 83.52090992
OS 26.33567504 83.50938848
OS 26.34225872 83.49704408
OS 26.34308168 83.49704408
OS 26.34555056 83.49704408
OS 26.3488424 83.49704408
OS 26.3529572 83.49704408
OS 26.35871792 83.49704408
OS 26.36612456 83.49786704
OS 26.3735312 83.49786704
OS 26.3817608 83.49786704
OS 26.39986592 83.49951296
OS 26.418794 83.50115888
OS 26.43854504 83.5028048
OS 26.45829608 83.50609664
OS 26.45911904 83.50609664
OS 26.46076496 83.50609664
OS 26.46323384 83.5069196
OS 26.46652568 83.50774256
OS 26.4764012 83.50938848
OS 26.48792264 83.51268032
OS 26.50109 83.51679512
OS 26.51590328 83.52173288
OS 26.5298936 83.5274936
OS 26.54306096 83.53407728
OS 26.54470688 83.53490024
OS 26.54882168 83.53736912
OS 26.5545824 83.54230688
OS 26.562812 83.5480676
OS 26.5710416 83.55547424
OS 26.58009416 83.5645268
OS 26.58832376 83.57440232
OS 26.5957304 83.58592376
OS 26.59655336 83.58756968
OS 26.59819928 83.59168448
OS 26.60149112 83.59826816
OS 26.60478296 83.60732072
OS 26.6080748 83.61884216
OS 26.61136664 83.63200952
OS 26.61301256 83.64764576
OS 26.61383552 83.66410496
OE
SE
S P 0
OB 25.9373624 95.445834 I
OS 25.9373624 95.03599992
OS 25.781 95.03599992
OS 25.781 95.631
OS 26.74962392 95.631
OS 26.74962392 95.445834
OS 25.9373624 95.445834
OE
OB 25.9414772 94.39738296 I
OS 25.9414772 94.18423632
OS 25.781 94.18423632
OS 25.781 94.82943696
OS 25.9414772 94.82943696
OS 25.9414772 94.58254896
OS 26.56445792 94.58254896
OS 26.44595168 94.79734152
OS 26.59326152 94.85659464
OS 26.7562076 94.54963056
OS 26.7562076 94.39738296
OS 25.9414772 94.39738296
OE
SE
S P 0
OB 27.39779128 90.57263064 I
OS 27.39696832 90.55041072
OS 27.39696832 90.54547296
OS 27.39614536 90.53971224
OS 27.3953224 90.5323056
OS 27.39449944 90.52325304
OS 27.39367648 90.51337752
OS 27.3912076 90.49280352
OS 27.3912076 90.4911576
OS 27.39038464 90.48786576
OS 27.38956168 90.48210504
OS 27.38791576 90.47552136
OS 27.38626984 90.4664688
OS 27.38462392 90.45741624
OS 27.37968616 90.43601928
OS 27.37968616 90.43437336
OS 27.3788632 90.43108152
OS 27.37721728 90.4253208
OS 27.37557136 90.4170912
OS 27.37310248 90.40803864
OS 27.36981064 90.39816312
OS 27.36322696 90.37512024
OS 27.18217576 90.37512024
OS 27.18217576 90.3759432
OS 27.18382168 90.37758912
OS 27.18464464 90.38170392
OS 27.18711352 90.38581872
OS 27.1895824 90.39157944
OS 27.19205128 90.39816312
OS 27.19534312 90.40556976
OS 27.19863496 90.41379936
OS 27.20521864 90.43272744
OS 27.21262528 90.45247848
OS 27.21920896 90.4746984
OS 27.22414672 90.49609536
OS 27.22414672 90.49691832
OS 27.22496968 90.49856424
OS 27.22579264 90.50185608
OS 27.2266156 90.50597088
OS 27.22743856 90.51090864
OS 27.22826152 90.51666936
OS 27.2307304 90.53065968
OS 27.23319928 90.54629592
OS 27.23566816 90.56357808
OS 27.23649112 90.5816832
OS 27.23731408 90.59978832
OS 27.23731408 90.61130976
OS 27.23649112 90.61707048
OS 27.23566816 90.62447712
OS 27.2348452 90.63188376
OS 27.23402224 90.64011336
OS 27.2307304 90.65904144
OS 27.2266156 90.67879248
OS 27.22003192 90.69936648
OS 27.21180232 90.71829456
OS 27.21180232 90.71911752
OS 27.21097936 90.72076344
OS 27.20933344 90.72323232
OS 27.20686456 90.72652416
OS 27.2019268 90.73557672
OS 27.1936972 90.7462752
OS 27.18382168 90.75944256
OS 27.17230024 90.77260992
OS 27.15748696 90.78577728
OS 27.14185072 90.79812168
OS 27.14102776 90.79812168
OS 27.1402048 90.7997676
OS 27.13773592 90.80141352
OS 27.13362112 90.80305944
OS 27.12950632 90.80552832
OS 27.12456856 90.80882016
OS 27.11222416 90.81540384
OS 27.09658792 90.82281048
OS 27.0784828 90.83104008
OS 27.0579088 90.83762376
OS 27.03568888 90.84420744
OS 27.03486592 90.84420744
OS 27.03322 90.8450304
OS 27.02992816 90.84585336
OS 27.0249904 90.84667632
OS 27.01922968 90.84749928
OS 27.012646 90.8491452
OS 27.0044164 90.84996816
OS 26.99536384 90.85161408
OS 26.98631128 90.85326
OS 26.9756128 90.85408296
OS 26.95256992 90.85655184
OS 26.92705816 90.85819776
OS 26.89990048 90.85902072
OS 26.89907752 90.85902072
OS 26.89660864 90.85902072
OS 26.89249384 90.85902072
OS 26.88673312 90.85902072
OS 26.87932648 90.85819776
OS 26.87191984 90.85819776
OS 26.86286728 90.8573748
OS 26.85299176 90.8573748
OS 26.83077184 90.85572888
OS 26.806906 90.85243704
OS 26.78304016 90.8491452
OS 26.75917432 90.84420744
OS 26.75835136 90.84420744
OS 26.75670544 90.84338448
OS 26.7534136 90.84256152
OS 26.74847584 90.84173856
OS 26.74353808 90.84009264
OS 26.73777736 90.83762376
OS 26.72296408 90.832686
OS 26.70650488 90.82610232
OS 26.68839976 90.81787272
OS 26.6711176 90.80882016
OS 26.65383544 90.79729872
OS 26.65301248 90.79729872
OS 26.65218952 90.7956528
OS 26.6464288 90.791538
OS 26.63902216 90.78413136
OS 26.6299696 90.7750788
OS 26.61927112 90.76355736
OS 26.60857264 90.74956704
OS 26.59787416 90.73310784
OS 26.5888216 90.71582568
OS 26.5888216 90.71500272
OS 26.58799864 90.7133568
OS 26.58717568 90.71088792
OS 26.58552976 90.70677312
OS 26.58388384 90.70183536
OS 26.58141496 90.69607464
OS 26.57976904 90.68949096
OS 26.57812312 90.68208432
OS 26.57400832 90.66480216
OS 26.56989352 90.64422816
OS 26.56742464 90.62200824
OS 26.56660168 90.59731944
OS 26.56660168 90.58826688
OS 26.56742464 90.5816832
OS 26.56742464 90.5734536
OS 26.5682476 90.56440104
OS 26.57071648 90.54465
OS 26.57071648 90.54300408
OS 26.57153944 90.53971224
OS 26.5723624 90.53395152
OS 26.57400832 90.52654488
OS 26.57565424 90.51749232
OS 26.57812312 90.50843976
OS 26.58306088 90.4870428
OS 26.58306088 90.48539688
OS 26.5847068 90.48210504
OS 26.58635272 90.47634432
OS 26.5888216 90.46893768
OS 26.59129048 90.45988512
OS 26.59458232 90.4500096
OS 26.60198896 90.42861264
OS 26.60281192 90.42696672
OS 26.60363488 90.42367488
OS 26.60610376 90.41791416
OS 26.60857264 90.41133048
OS 26.61186448 90.40310088
OS 26.61597928 90.39404832
OS 26.62420888 90.37512024
OS 26.45385616 90.37512024
OS 26.45385616 90.3759432
OS 26.4530332 90.37841208
OS 26.45138728 90.38170392
OS 26.44974136 90.38581872
OS 26.44727248 90.3924024
OS 26.4448036 90.39898608
OS 26.44233472 90.40639272
OS 26.43904288 90.41544528
OS 26.4324592 90.43437336
OS 26.42669848 90.45577032
OS 26.4201148 90.47799024
OS 26.41517704 90.50103312
OS 26.41517704 90.50185608
OS 26.41435408 90.503502
OS 26.41435408 90.50679384
OS 26.41353112 90.5117316
OS 26.41270816 90.51666936
OS 26.41106224 90.52325304
OS 26.41023928 90.53065968
OS 26.40941632 90.53888928
OS 26.40694744 90.55781736
OS 26.40447856 90.57921432
OS 26.4036556 90.6022572
OS 26.40283264 90.62612304
OS 26.40283264 90.63599856
OS 26.4036556 90.6434052
OS 26.4036556 90.65245776
OS 26.40447856 90.66315624
OS 26.40530152 90.67550064
OS 26.40694744 90.688668
OS 26.40859336 90.70265832
OS 26.41023928 90.7174716
OS 26.416 90.74792112
OS 26.42340664 90.78001656
OS 26.43328216 90.81128904
OS 26.43328216 90.812112
OS 26.43492808 90.81458088
OS 26.436574 90.81869568
OS 26.43904288 90.8244564
OS 26.44233472 90.83186304
OS 26.44644952 90.84009264
OS 26.45056432 90.84832224
OS 26.45632504 90.85819776
OS 26.46866944 90.87959472
OS 26.48430568 90.9026376
OS 26.50323376 90.92568048
OS 26.52463072 90.94707744
OS 26.52545368 90.9479004
OS 26.5270996 90.94954632
OS 26.5312144 90.9520152
OS 26.5353292 90.95613
OS 26.54191288 90.96106776
OS 26.54849656 90.96600552
OS 26.55672616 90.97176624
OS 26.56660168 90.97834992
OS 26.5764772 90.9849336
OS 26.58799864 90.99151728
OS 26.60034304 90.99892392
OS 26.6135104 91.0055076
OS 26.62832368 91.01291424
OS 26.64313696 91.01949792
OS 26.6752324 91.03101936
OS 26.67605536 91.03101936
OS 26.6793472 91.03184232
OS 26.68428496 91.03348824
OS 26.69086864 91.03513416
OS 26.6999212 91.03760304
OS 26.70979672 91.04007192
OS 26.72214112 91.0425408
OS 26.73530848 91.04500968
OS 26.75012176 91.04747856
OS 26.76658096 91.04994744
OS 26.78386312 91.05241632
OS 26.80196824 91.0548852
OS 26.82171928 91.05653112
OS 26.84147032 91.05817704
OS 26.86286728 91.059
OS 26.8850872 91.059
OS 26.88673312 91.059
OS 26.89084792 91.059
OS 26.8974316 91.059
OS 26.9056612 91.05817704
OS 26.91635968 91.05817704
OS 26.92870408 91.05735408
OS 26.9426944 91.05653112
OS 26.95833064 91.0548852
OS 26.97478984 91.05323928
OS 26.992072 91.05159336
OS 27.02828224 91.04583264
OS 27.0661384 91.038426
OS 27.10234864 91.02855048
OS 27.1031716 91.02855048
OS 27.10646344 91.02690456
OS 27.1114012 91.02525864
OS 27.11798488 91.02278976
OS 27.12621448 91.01949792
OS 27.13609 91.01538312
OS 27.14678848 91.01126832
OS 27.15830992 91.0055076
OS 27.18382168 90.9931632
OS 27.21097936 90.97752696
OS 27.23813704 90.9602448
OS 27.2636488 90.9396708
OS 27.26447176 90.93884784
OS 27.26694064 90.93720192
OS 27.27023248 90.93391008
OS 27.27434728 90.92897232
OS 27.280108 90.9232116
OS 27.28669168 90.91662792
OS 27.29327536 90.90922128
OS 27.300682 90.90016872
OS 27.3089116 90.8902932
OS 27.3171412 90.87959472
OS 27.3253708 90.86807328
OS 27.3336004 90.85572888
OS 27.3500596 90.8285712
OS 27.36404992 90.79894464
OS 27.36487288 90.79812168
OS 27.36569584 90.79482984
OS 27.36734176 90.79071504
OS 27.36981064 90.78413136
OS 27.37227952 90.77672472
OS 27.3747484 90.7668492
OS 27.37804024 90.75615072
OS 27.38133208 90.74462928
OS 27.38462392 90.73146192
OS 27.38791576 90.71664864
OS 27.39038464 90.70183536
OS 27.39285352 90.68537616
OS 27.3953224 90.668094
OS 27.39696832 90.65081184
OS 27.39861424 90.61295568
OS 27.39861424 90.58250616
OS 27.39779128 90.57263064
OE
OB 26.5764772 89.74061808 I
OS 26.5764772 89.52747144
OS 26.416 89.52747144
OS 26.416 90.17267208
OS 26.5764772 90.17267208
OS 26.5764772 89.92578408
OS 27.19945792 89.92578408
OS 27.08095168 90.14057664
OS 27.22826152 90.19982976
OS 27.3912076 89.89286568
OS 27.3912076 89.74061808
OS 26.5764772 89.74061808
OE
SE
S P 0
OB 28.79076792 73.42081328 I
OS 28.54881768 73.42081328
OS 28.25337504 74.3894372
OS 28.459938 74.3894372
OS 28.62370704 73.80595856
OS 28.67637648 73.61420888
OS 28.7315148 73.81665704
OS 28.89363792 74.3894372
OS 29.08785648 74.3894372
OS 28.79076792 73.42081328
OE
OB 28.11182592 74.21908448 I
OS 27.72174288 74.21908448
OS 27.72174288 74.02157408
OS 27.8097996 74.02157408
OS 27.8180292 74.02075112
OS 27.82708176 74.02075112
OS 27.83613432 74.01992816
OS 27.85835424 74.01828224
OS 27.88222008 74.01581336
OS 27.90690888 74.01252152
OS 27.93242064 74.00758376
OS 27.9332436 74.00758376
OS 27.93571248 74.0067608
OS 27.93900432 74.00593784
OS 27.94394208 74.00511488
OS 27.9497028 74.00346896
OS 27.95628648 74.00182304
OS 27.96451608 73.99935416
OS 27.97274568 73.99688528
OS 27.9908508 73.9903016
OS 28.0114248 73.98289496
OS 28.0319988 73.97301944
OS 28.05174984 73.961498
OS 28.0525728 73.961498
OS 28.05421872 73.95985208
OS 28.0566876 73.95820616
OS 28.05997944 73.95573728
OS 28.06985496 73.94833064
OS 28.0813764 73.93763216
OS 28.09454376 73.92528776
OS 28.10853408 73.90965152
OS 28.12170144 73.89236936
OS 28.13404584 73.87179536
OS 28.13404584 73.8709724
OS 28.13569176 73.86932648
OS 28.13733768 73.86603464
OS 28.1389836 73.86191984
OS 28.14145248 73.85615912
OS 28.14392136 73.84957544
OS 28.14639024 73.8421688
OS 28.14968208 73.83311624
OS 28.15297392 73.82324072
OS 28.1554428 73.81254224
OS 28.15791168 73.8010208
OS 28.16038056 73.7886764
OS 28.16284944 73.77550904
OS 28.1636724 73.76069576
OS 28.16531832 73.73024624
OS 28.16531832 73.72942328
OS 28.16531832 73.7269544
OS 28.16531832 73.7228396
OS 28.16449536 73.71707888
OS 28.16449536 73.7104952
OS 28.1636724 73.7022656
OS 28.16284944 73.69321304
OS 28.16120352 73.68333752
OS 28.15708872 73.66194056
OS 28.151328 73.63889768
OS 28.1430984 73.61503184
OS 28.13239992 73.59198896
OS 28.13239992 73.591166
OS 28.130754 73.58952008
OS 28.12910808 73.58622824
OS 28.1266392 73.58211344
OS 28.12334736 73.57717568
OS 28.11923256 73.570592
OS 28.10853408 73.55660168
OS 28.09618968 73.54096544
OS 28.08055344 73.52368328
OS 28.06244832 73.50640112
OS 28.04187432 73.48994192
OS 28.04105136 73.48911896
OS 28.03940544 73.488296
OS 28.0361136 73.48582712
OS 28.0319988 73.48335824
OS 28.02623808 73.4800664
OS 28.0196544 73.4759516
OS 28.01224776 73.4718368
OS 28.0031952 73.46689904
OS 27.99331968 73.46196128
OS 27.98344416 73.45702352
OS 27.95957832 73.44632504
OS 27.93406656 73.43644952
OS 27.90526296 73.42739696
OS 27.90444 73.42739696
OS 27.90197112 73.426574
OS 27.89785632 73.42575104
OS 27.89127264 73.42410512
OS 27.88468896 73.4224592
OS 27.8756364 73.42081328
OS 27.86576088 73.4183444
OS 27.8550624 73.41669848
OS 27.842718 73.41505256
OS 27.82955064 73.41258368
OS 27.81556032 73.41093776
OS 27.80074704 73.40929184
OS 27.7686516 73.40682296
OS 27.73491024 73.406
OS 27.72009696 73.406
OS 27.71269032 73.40682296
OS 27.70446072 73.40682296
OS 27.68553264 73.40764592
OS 27.68141784 73.40764592
OS 27.67565712 73.40846888
OS 27.66907344 73.40846888
OS 27.6616668 73.40929184
OS 27.65261424 73.4101148
OS 27.6328632 73.41176072
OS 27.63204024 73.41176072
OS 27.6287484 73.41258368
OS 27.62298768 73.41258368
OS 27.616404 73.41340664
OS 27.60899736 73.4142296
OS 27.5999448 73.41505256
OS 27.58101672 73.41752144
OS 27.58019376 73.41752144
OS 27.57690192 73.4183444
OS 27.57196416 73.41916736
OS 27.56620344 73.41999032
OS 27.5587968 73.42081328
OS 27.55139016 73.42163624
OS 27.53493096 73.42410512
OS 27.53493096 73.58211344
OS 27.53575392 73.58211344
OS 27.53657688 73.58129048
OS 27.53904576 73.58129048
OS 27.5423376 73.58046752
OS 27.55139016 73.57799864
OS 27.5629116 73.57635272
OS 27.57690192 73.57306088
OS 27.59336112 73.570592
OS 27.61146624 73.56730016
OS 27.63121728 73.56483128
OS 27.63368616 73.56483128
OS 27.636978 73.56400832
OS 27.6410928 73.56400832
OS 27.64603056 73.56318536
OS 27.65179128 73.56318536
OS 27.65837496 73.5623624
OS 27.6657816 73.5623624
OS 27.68306376 73.56071648
OS 27.70199184 73.55989352
OS 27.72256584 73.55907056
OS 27.75466128 73.55907056
OS 27.76206792 73.55989352
OS 27.77194344 73.56071648
OS 27.78181896 73.56153944
OS 27.79416336 73.5623624
OS 27.80650776 73.56400832
OS 27.8344884 73.56894608
OS 27.86246904 73.57717568
OS 27.87645936 73.58129048
OS 27.88962672 73.5870512
OS 27.90197112 73.59363488
OS 27.91349256 73.60104152
OS 27.91431552 73.60186448
OS 27.91596144 73.60268744
OS 27.91925328 73.60515632
OS 27.92254512 73.60927112
OS 27.92665992 73.61338592
OS 27.93159768 73.61832368
OS 27.9373584 73.62490736
OS 27.94311912 73.632314
OS 27.94805688 73.63972064
OS 27.9538176 73.6487732
OS 27.95875536 73.65864872
OS 27.96287016 73.6693472
OS 27.966162 73.68086864
OS 27.96945384 73.69239008
OS 27.97109976 73.70555744
OS 27.97192272 73.71954776
OS 27.97192272 73.72037072
OS 27.97192272 73.7228396
OS 27.97192272 73.7269544
OS 27.97109976 73.73271512
OS 27.9702768 73.73847584
OS 27.96945384 73.74670544
OS 27.96533904 73.76316464
OS 27.95875536 73.78209272
OS 27.95464056 73.79196824
OS 27.94887984 73.80184376
OS 27.94311912 73.81089632
OS 27.93571248 73.81994888
OS 27.92748288 73.82817848
OS 27.91760736 73.83558512
OS 27.9167844 73.83640808
OS 27.91513848 73.83723104
OS 27.91184664 73.83887696
OS 27.90690888 73.84134584
OS 27.90114816 73.84463768
OS 27.89374152 73.84792952
OS 27.88551192 73.85122136
OS 27.8756364 73.85533616
OS 27.86411496 73.858628
OS 27.8509476 73.86191984
OS 27.83695728 73.86521168
OS 27.82049808 73.86850352
OS 27.80321592 73.8709724
OS 27.78428784 73.87261832
OS 27.7645368 73.87426424
OS 27.55303608 73.87426424
OS 27.55303608 74.3894372
OS 28.11182592 74.3894372
OS 28.11182592 74.21908448
OE
OB 27.12921168 73.58129048 I
OS 27.34235832 73.58129048
OS 27.34235832 73.42081328
OS 26.69715768 73.42081328
OS 26.69715768 73.58129048
OS 26.94404568 73.58129048
OS 26.94404568 74.2042712
OS 26.72925312 74.08576496
OS 26.67 74.2330748
OS 26.97696408 74.39602088
OS 27.12921168 74.39602088
OS 27.12921168 73.58129048
OE
SE
S P 0
OB 28.0808176 50.9604772 I
OS 28.29396424 50.9604772
OS 28.29396424 50.8
OS 27.6487636 50.8
OS 27.6487636 50.9604772
OS 27.8956516 50.9604772
OS 27.8956516 51.58345792
OS 27.68085904 51.46495168
OS 27.62160592 51.61226152
OS 27.92857 51.7752076
OS 28.0808176 51.7752076
OS 28.0808176 50.9604772
OE
OB 28.81242904 51.78426016 I
OS 28.81983568 51.78426016
OS 28.82806528 51.7834372
OS 28.83711784 51.78261424
OS 28.84781632 51.78179128
OS 28.87003624 51.77767648
OS 28.89472504 51.77273872
OS 28.92105976 51.76615504
OS 28.94657152 51.75627952
OS 28.94739448 51.75627952
OS 28.94986336 51.7546336
OS 28.9531552 51.75298768
OS 28.95809296 51.75134176
OS 28.96385368 51.74804992
OS 28.97043736 51.74393512
OS 28.9860736 51.73488256
OS 29.00417872 51.72253816
OS 29.02392976 51.70772488
OS 29.0436808 51.68961976
OS 29.06260888 51.6682228
OS 29.06343184 51.66739984
OS 29.06507776 51.66575392
OS 29.06754664 51.66246208
OS 29.07083848 51.65752432
OS 29.07495328 51.6517636
OS 29.07906808 51.64435696
OS 29.0848288 51.63612736
OS 29.09058952 51.62625184
OS 29.09635024 51.61555336
OS 29.10211096 51.60403192
OS 29.10869464 51.59168752
OS 29.11527832 51.5776972
OS 29.12103904 51.56288392
OS 29.12762272 51.54724768
OS 29.13338344 51.53078848
OS 29.1383212 51.51350632
OS 29.1383212 51.51268336
OS 29.13914416 51.50939152
OS 29.14079008 51.5036308
OS 29.142436 51.49704712
OS 29.14490488 51.48799456
OS 29.14737376 51.47729608
OS 29.14984264 51.46412872
OS 29.15231152 51.4501384
OS 29.1547804 51.43450216
OS 29.15724928 51.41722
OS 29.15971816 51.39829192
OS 29.16218704 51.37854088
OS 29.16383296 51.35796688
OS 29.16547888 51.33574696
OS 29.16630184 51.31188112
OS 29.16630184 51.28801528
OS 29.16630184 51.28636936
OS 29.16630184 51.28307752
OS 29.16630184 51.27649384
OS 29.16630184 51.26826424
OS 29.16547888 51.25756576
OS 29.16465592 51.24522136
OS 29.16383296 51.23123104
OS 29.16301 51.21641776
OS 29.16136408 51.20078152
OS 29.15971816 51.18349936
OS 29.15560336 51.14728912
OS 29.14901968 51.11025592
OS 29.13996712 51.07404568
OS 29.13996712 51.07322272
OS 29.13914416 51.06993088
OS 29.13749824 51.06499312
OS 29.13502936 51.05840944
OS 29.13256048 51.05017984
OS 29.12926864 51.04112728
OS 29.12515384 51.0304288
OS 29.12021608 51.01890736
OS 29.1095176 50.99421856
OS 29.09635024 50.96788384
OS 29.08153696 50.94072616
OS 29.06343184 50.9152144
OS 29.06260888 50.91439144
OS 29.06096296 50.91274552
OS 29.05849408 50.90863072
OS 29.05437928 50.90451592
OS 29.04944152 50.8987552
OS 29.0436808 50.89299448
OS 29.03709712 50.88558784
OS 29.02969048 50.8781812
OS 29.02146088 50.87077456
OS 29.01240832 50.86254496
OS 28.99101136 50.84608576
OS 28.96796848 50.83044952
OS 28.94163376 50.8164592
OS 28.9408108 50.8164592
OS 28.93834192 50.81481328
OS 28.93422712 50.81316736
OS 28.92928936 50.81152144
OS 28.92188272 50.80905256
OS 28.91447608 50.80576072
OS 28.90460056 50.80246888
OS 28.89390208 50.8
OS 28.88238064 50.79670816
OS 28.87003624 50.79341632
OS 28.85604592 50.79094744
OS 28.8420556 50.7876556
OS 28.81078312 50.78436376
OS 28.77704176 50.78271784
OS 28.76963512 50.78271784
OS 28.7638744 50.7835408
OS 28.75646776 50.7835408
OS 28.74823816 50.78436376
OS 28.7391856 50.78518672
OS 28.72848712 50.78600968
OS 28.7062672 50.78930152
OS 28.6815784 50.79423928
OS 28.65524368 50.80164592
OS 28.62973192 50.81069848
OS 28.62890896 50.81069848
OS 28.62644008 50.8123444
OS 28.62314824 50.81399032
OS 28.61821048 50.81563624
OS 28.61244976 50.81892808
OS 28.60586608 50.82304288
OS 28.59845944 50.82715768
OS 28.59022984 50.83209544
OS 28.57130176 50.84443984
OS 28.55237368 50.86007608
OS 28.53179968 50.87735824
OS 28.5128716 50.8987552
OS 28.51204864 50.89957816
OS 28.51040272 50.90122408
OS 28.50793384 50.90533888
OS 28.504642 50.90945368
OS 28.5005272 50.91603736
OS 28.4964124 50.92262104
OS 28.49065168 50.9316736
OS 28.48489096 50.94072616
OS 28.47913024 50.95142464
OS 28.47336952 50.96294608
OS 28.46678584 50.97611344
OS 28.46020216 50.99010376
OS 28.45444144 51.00409408
OS 28.44785776 51.01973032
OS 28.44292 51.03618952
OS 28.43715928 51.05347168
OS 28.43715928 51.05429464
OS 28.43633632 51.05758648
OS 28.4346904 51.0633472
OS 28.43304448 51.06993088
OS 28.4305756 51.0798064
OS 28.42892968 51.09050488
OS 28.4264608 51.10284928
OS 28.42399192 51.1168396
OS 28.42070008 51.1332988
OS 28.4182312 51.149758
OS 28.41658528 51.16868608
OS 28.4141164 51.18843712
OS 28.41247048 51.20983408
OS 28.41082456 51.232054
OS 28.4100016 51.25509688
OS 28.4100016 51.27896272
OS 28.4100016 51.28060864
OS 28.4100016 51.28390048
OS 28.4100016 51.29048416
OS 28.41082456 51.29871376
OS 28.41082456 51.30941224
OS 28.41164752 51.32175664
OS 28.41247048 51.33574696
OS 28.41329344 51.35056024
OS 28.41493936 51.36619648
OS 28.41658528 51.38347864
OS 28.42070008 51.41886592
OS 28.42728376 51.45589912
OS 28.43551336 51.49210936
OS 28.43551336 51.49293232
OS 28.43715928 51.49622416
OS 28.43798224 51.50116192
OS 28.44045112 51.5077456
OS 28.44292 51.5159752
OS 28.44621184 51.52585072
OS 28.45032664 51.53572624
OS 28.4552644 51.54724768
OS 28.46596288 51.57275944
OS 28.47830728 51.59909416
OS 28.49394352 51.62625184
OS 28.51122568 51.6517636
OS 28.51204864 51.65258656
OS 28.51369456 51.65505544
OS 28.51616344 51.65834728
OS 28.52027824 51.66246208
OS 28.525216 51.6682228
OS 28.53097672 51.67398352
OS 28.5375604 51.68139016
OS 28.54579 51.6887968
OS 28.5540196 51.69620344
OS 28.56307216 51.70443304
OS 28.58446912 51.72089224
OS 28.607512 51.73652848
OS 28.63384672 51.7505188
OS 28.63466968 51.75134176
OS 28.63713856 51.75216472
OS 28.64125336 51.75381064
OS 28.64701408 51.75627952
OS 28.65359776 51.7587484
OS 28.66182736 51.76121728
OS 28.67170288 51.76450912
OS 28.68240136 51.76780096
OS 28.6939228 51.7710928
OS 28.7062672 51.77438464
OS 28.72025752 51.77685352
OS 28.73424784 51.7793224
OS 28.76552032 51.7834372
OS 28.79926168 51.78508312
OS 28.80749128 51.78508312
OS 28.81242904 51.78426016
OE
OB 27.10807888 51.76780096 I
OS 27.11713144 51.76780096
OS 27.12700696 51.766978
OS 27.15004984 51.76533208
OS 27.17391568 51.7628632
OS 27.19942744 51.75957136
OS 27.22411624 51.7546336
OS 27.2249392 51.7546336
OS 27.22740808 51.75381064
OS 27.23069992 51.75298768
OS 27.23481472 51.75216472
OS 27.24057544 51.7505188
OS 27.24715912 51.74887288
OS 27.26279536 51.74393512
OS 27.28007752 51.73735144
OS 27.29818264 51.72912184
OS 27.31711072 51.72006928
OS 27.33521584 51.70854784
OS 27.3360388 51.70854784
OS 27.33686176 51.70690192
OS 27.33933064 51.705256
OS 27.34262248 51.70278712
OS 27.35085208 51.69620344
OS 27.36155056 51.68632792
OS 27.373072 51.67480648
OS 27.38459344 51.6599932
OS 27.39611488 51.643534
OS 27.4059904 51.62542888
OS 27.4059904 51.62460592
OS 27.40681336 51.62296
OS 27.40845928 51.62049112
OS 27.4101052 51.61637632
OS 27.41175112 51.61143856
OS 27.41422 51.60567784
OS 27.41668888 51.5982712
OS 27.41915776 51.59086456
OS 27.42080368 51.581812
OS 27.42327256 51.57275944
OS 27.42738736 51.55136248
OS 27.4306792 51.52667368
OS 27.43150216 51.50033896
OS 27.43150216 51.499516
OS 27.43150216 51.49787008
OS 27.43150216 51.4954012
OS 27.43150216 51.4912864
OS 27.4306792 51.48634864
OS 27.4306792 51.48141088
OS 27.42985624 51.46824352
OS 27.42738736 51.45343024
OS 27.42491848 51.437794
OS 27.42080368 51.4213348
OS 27.41586592 51.40569856
OS 27.41586592 51.4048756
OS 27.41504296 51.40405264
OS 27.41339704 51.39911488
OS 27.40928224 51.39088528
OS 27.40434448 51.38100976
OS 27.39858376 51.37031128
OS 27.39117712 51.35796688
OS 27.38212456 51.34562248
OS 27.37224904 51.33410104
OS 27.37060312 51.33245512
OS 27.36731128 51.32916328
OS 27.36155056 51.32340256
OS 27.35332096 51.31681888
OS 27.34344544 51.30941224
OS 27.331924 51.30118264
OS 27.31875664 51.29295304
OS 27.30476632 51.2855464
OS 27.30394336 51.2855464
OS 27.3031204 51.28472344
OS 27.29818264 51.28225456
OS 27.28995304 51.27978568
OS 27.28007752 51.27567088
OS 27.26691016 51.27155608
OS 27.25291984 51.26744128
OS 27.2372836 51.26332648
OS 27.22000144 51.26003464
OS 27.22164736 51.26003464
OS 27.22576216 51.25838872
OS 27.2331688 51.25591984
OS 27.24222136 51.25180504
OS 27.25209688 51.24686728
OS 27.26279536 51.23946064
OS 27.2743168 51.23040808
OS 27.28583824 51.21888664
OS 27.28748416 51.21724072
OS 27.290776 51.21312592
OS 27.29653672 51.20489632
OS 27.30476632 51.1950208
OS 27.31299592 51.18103048
OS 27.3236944 51.16539424
OS 27.33439288 51.14646616
OS 27.34509136 51.12424624
OS 27.49980784 50.8
OS 27.28583824 50.8
OS 27.14922688 51.11107888
OS 27.14922688 51.11190184
OS 27.14840392 51.1127248
OS 27.14758096 51.11519368
OS 27.14593504 51.11848552
OS 27.14182024 51.12671512
OS 27.13523656 51.13576768
OS 27.12782992 51.14728912
OS 27.11877736 51.1579876
OS 27.10807888 51.16868608
OS 27.09573448 51.17773864
OS 27.09408856 51.1785616
OS 27.08997376 51.18103048
OS 27.08256712 51.18514528
OS 27.0726916 51.18926008
OS 27.0603472 51.19337488
OS 27.04717984 51.19748968
OS 27.0315436 51.19995856
OS 27.01426144 51.20078152
OS 26.97969712 51.20078152
OS 26.97969712 50.8
OS 26.797 50.8
OS 26.797 51.76862392
OS 27.09984928 51.76862392
OS 27.10807888 51.76780096
OE
OB 27.07598344 51.61637632 H
OS 26.97969712 51.61637632
OS 26.97969712 51.3431536
OS 27.06117016 51.3431536
OS 27.0685768 51.34397656
OS 27.07927528 51.34397656
OS 27.09079672 51.34479952
OS 27.10396408 51.34644544
OS 27.1302988 51.3513832
OS 27.13194472 51.35220616
OS 27.13605952 51.35302912
OS 27.1426432 51.355498
OS 27.1508728 51.35796688
OS 27.15992536 51.36208168
OS 27.16980088 51.36619648
OS 27.1796764 51.3719572
OS 27.18872896 51.37771792
OS 27.18955192 51.37854088
OS 27.19284376 51.38100976
OS 27.19695856 51.38512456
OS 27.20271928 51.39006232
OS 27.20848 51.396646
OS 27.21506368 51.40405264
OS 27.2208244 51.4131052
OS 27.22658512 51.42215776
OS 27.22740808 51.42298072
OS 27.229054 51.42709552
OS 27.23069992 51.43203328
OS 27.23399176 51.43943992
OS 27.23646064 51.44849248
OS 27.23810656 51.45919096
OS 27.23975248 51.4707124
OS 27.24057544 51.4830568
OS 27.24057544 51.48387976
OS 27.24057544 51.48634864
OS 27.24057544 51.48964048
OS 27.23975248 51.49457824
OS 27.23892952 51.50033896
OS 27.23810656 51.50692264
OS 27.23481472 51.52255888
OS 27.22987696 51.53901808
OS 27.22164736 51.55630024
OS 27.2167096 51.56370688
OS 27.21012592 51.57193648
OS 27.20354224 51.57852016
OS 27.19531264 51.58510384
OS 27.19448968 51.58510384
OS 27.19284376 51.58674976
OS 27.19037488 51.58839568
OS 27.18708304 51.5900416
OS 27.18214528 51.59251048
OS 27.17638456 51.59497936
OS 27.16897792 51.59744824
OS 27.16157128 51.60074008
OS 27.15251872 51.60403192
OS 27.1426432 51.6065008
OS 27.13112176 51.60896968
OS 27.11877736 51.61143856
OS 27.10561 51.61390744
OS 27.09161968 51.6147304
OS 27.07598344 51.61637632
OE
OB 28.9819588 51.33327808 H
OS 28.62150232 51.0715768
OS 28.62150232 51.07075384
OS 28.62232528 51.06828496
OS 28.6239712 51.06499312
OS 28.62561712 51.06005536
OS 28.628086 51.05347168
OS 28.63137784 51.046888
OS 28.63878448 51.03125176
OS 28.64783704 51.0139696
OS 28.65935848 50.99586448
OS 28.67252584 50.97940528
OS 28.67993248 50.97117568
OS 28.68733912 50.964592
OS 28.68816208 50.964592
OS 28.68898504 50.96294608
OS 28.69145392 50.96130016
OS 28.69474576 50.95883128
OS 28.69886056 50.9563624
OS 28.70379832 50.95389352
OS 28.71614272 50.94730984
OS 28.730956 50.94072616
OS 28.74823816 50.9357884
OS 28.76716624 50.9316736
OS 28.78774024 50.93002768
OS 28.79514688 50.93002768
OS 28.80255352 50.93085064
OS 28.813252 50.93249656
OS 28.82477344 50.93496544
OS 28.8379408 50.93908024
OS 28.85110816 50.944018
OS 28.86509848 50.95142464
OS 28.86592144 50.95142464
OS 28.8667444 50.9522476
OS 28.8708592 50.95553944
OS 28.87826584 50.9604772
OS 28.88649544 50.96788384
OS 28.89637096 50.9769364
OS 28.90706944 50.98763488
OS 28.91776792 51.00080224
OS 28.92764344 51.01561552
OS 28.92764344 51.01643848
OS 28.9284664 51.01726144
OS 28.93011232 51.01973032
OS 28.93175824 51.02384512
OS 28.93422712 51.02795992
OS 28.936696 51.03289768
OS 28.93998784 51.0386584
OS 28.94245672 51.04606504
OS 28.9490404 51.06170128
OS 28.95644704 51.08062936
OS 28.96303072 51.10202632
OS 28.96879144 51.12589216
OS 28.96879144 51.12671512
OS 28.9696144 51.129184
OS 28.97043736 51.13247584
OS 28.97126032 51.1374136
OS 28.97208328 51.14399728
OS 28.9737292 51.15140392
OS 28.97455216 51.16045648
OS 28.97619808 51.170332
OS 28.977844 51.18103048
OS 28.97866696 51.19337488
OS 28.98031288 51.20654224
OS 28.98113584 51.2197096
OS 28.98278176 51.25015912
OS 28.98360472 51.28225456
OS 28.98360472 51.28307752
OS 28.98360472 51.28472344
OS 28.98360472 51.28719232
OS 28.98360472 51.29048416
OS 28.98360472 51.2978908
OS 28.98278176 51.30776632
OS 28.98278176 51.30858928
OS 28.98278176 51.3102352
OS 28.98278176 51.31270408
OS 28.98278176 51.31599592
OS 28.9819588 51.32422552
OS 28.9819588 51.33327808
OE
OB 28.79843872 51.63777328 H
OS 28.78115656 51.63777328
OS 28.77292696 51.63695032
OS 28.76305144 51.6353044
OS 28.75070704 51.63283552
OS 28.73753968 51.62872072
OS 28.72437232 51.62378296
OS 28.710382 51.61637632
OS 28.70873608 51.61555336
OS 28.70462128 51.61226152
OS 28.6980376 51.60732376
OS 28.689808 51.59991712
OS 28.67993248 51.59086456
OS 28.669234 51.58016608
OS 28.65853552 51.56699872
OS 28.64866 51.55136248
OS 28.64866 51.55053952
OS 28.64783704 51.54971656
OS 28.64619112 51.54724768
OS 28.6445452 51.54313288
OS 28.64207632 51.53901808
OS 28.63960744 51.53408032
OS 28.63713856 51.5283196
OS 28.63384672 51.52091296
OS 28.62726304 51.50527672
OS 28.6198564 51.48634864
OS 28.61327272 51.46495168
OS 28.607512 51.44108584
OS 28.607512 51.44026288
OS 28.60668904 51.437794
OS 28.60586608 51.43450216
OS 28.60504312 51.4295644
OS 28.60422016 51.42298072
OS 28.60257424 51.41557408
OS 28.60175128 51.40652152
OS 28.60010536 51.396646
OS 28.59845944 51.38594752
OS 28.59763648 51.37360312
OS 28.59599056 51.36125872
OS 28.5951676 51.3472684
OS 28.59352168 51.31764184
OS 28.59269872 51.28472344
OS 28.59269872 51.28390048
OS 28.59269872 51.28225456
OS 28.59269872 51.27896272
OS 28.59269872 51.27567088
OS 28.59269872 51.26661832
OS 28.59269872 51.2567428
OS 28.59269872 51.25591984
OS 28.59269872 51.25427392
OS 28.59269872 51.25180504
OS 28.59269872 51.24933616
OS 28.59269872 51.24110656
OS 28.59352168 51.23123104
OS 28.95644704 51.49375528
OS 28.95644704 51.49457824
OS 28.95562408 51.49704712
OS 28.95397816 51.50116192
OS 28.95150928 51.50609968
OS 28.9490404 51.5118604
OS 28.94574856 51.51844408
OS 28.93834192 51.53490328
OS 28.9284664 51.55218544
OS 28.91694496 51.57029056
OS 28.9037776 51.58757272
OS 28.89637096 51.59497936
OS 28.88814136 51.602386
OS 28.8873184 51.60320896
OS 28.88649544 51.60403192
OS 28.88402656 51.60567784
OS 28.88073472 51.60814672
OS 28.87661992 51.6106156
OS 28.87168216 51.61390744
OS 28.85933776 51.62049112
OS 28.84452448 51.62625184
OS 28.82806528 51.63201256
OS 28.80831424 51.63612736
OS 28.79843872 51.63777328
OE
SE
S P 0
OB 28.34331136 42.13226016 I
OS 28.350718 42.13226016
OS 28.35977056 42.1314372
OS 28.36964608 42.13061424
OS 28.39104304 42.1273224
OS 28.41490888 42.12403056
OS 28.43877472 42.11826984
OS 28.46346352 42.1108632
OS 28.46428648 42.1108632
OS 28.4659324 42.11004024
OS 28.4700472 42.10839432
OS 28.474162 42.1067484
OS 28.47992272 42.10427952
OS 28.4865064 42.10098768
OS 28.50131968 42.09358104
OS 28.51860184 42.08370552
OS 28.53752992 42.07136112
OS 28.556458 42.05572488
OS 28.57456312 42.03761976
OS 28.57538608 42.0367968
OS 28.577032 42.03515088
OS 28.57950088 42.032682
OS 28.58279272 42.0285672
OS 28.58608456 42.02280648
OS 28.59102232 42.01704576
OS 28.59596008 42.00963912
OS 28.6017208 42.00140952
OS 28.60748152 41.99235696
OS 28.61324224 41.98165848
OS 28.61982592 41.97096
OS 28.62558664 41.9586156
OS 28.63217032 41.94544824
OS 28.63793104 41.93145792
OS 28.64369176 41.91664464
OS 28.64862952 41.9010084
OS 28.64862952 41.90018544
OS 28.64945248 41.8968936
OS 28.6510984 41.8927788
OS 28.65274432 41.88619512
OS 28.65439024 41.87714256
OS 28.65685912 41.86726704
OS 28.659328 41.8557456
OS 28.66179688 41.84257824
OS 28.66426576 41.82858792
OS 28.66673464 41.81212872
OS 28.66920352 41.79484656
OS 28.67084944 41.77591848
OS 28.67249536 41.75616744
OS 28.67414128 41.73477048
OS 28.67496424 41.71255056
OS 28.67496424 41.68950768
OS 28.67496424 41.68786176
OS 28.67496424 41.68456992
OS 28.67496424 41.6788092
OS 28.67496424 41.6705796
OS 28.67414128 41.66070408
OS 28.67414128 41.64918264
OS 28.67331832 41.63601528
OS 28.67249536 41.62202496
OS 28.6716724 41.60638872
OS 28.67002648 41.59075248
OS 28.66673464 41.55701112
OS 28.66179688 41.52326976
OS 28.6552132 41.49035136
OS 28.6552132 41.4895284
OS 28.65439024 41.48623656
OS 28.65356728 41.48212176
OS 28.65192136 41.47636104
OS 28.64945248 41.4689544
OS 28.6469836 41.4607248
OS 28.64451472 41.45084928
OS 28.64122288 41.4401508
OS 28.63381624 41.41793088
OS 28.62394072 41.39324208
OS 28.61324224 41.36937624
OS 28.60089784 41.3455104
OS 28.60089784 41.34468744
OS 28.59925192 41.34304152
OS 28.597606 41.33974968
OS 28.59431416 41.33563488
OS 28.59102232 41.33069712
OS 28.58690752 41.32411344
OS 28.577032 41.31094608
OS 28.5646876 41.29530984
OS 28.54987432 41.27885064
OS 28.53423808 41.26239144
OS 28.51613296 41.2467552
OS 28.51531 41.24593224
OS 28.51366408 41.24510928
OS 28.5111952 41.24346336
OS 28.50790336 41.24017152
OS 28.5029656 41.23687968
OS 28.49802784 41.23358784
OS 28.48403752 41.22453528
OS 28.46840128 41.21465976
OS 28.4494732 41.20478424
OS 28.42972216 41.19490872
OS 28.40750224 41.18585616
OS 28.40667928 41.18585616
OS 28.40503336 41.1850332
OS 28.40174152 41.18338728
OS 28.39680376 41.18256432
OS 28.391866 41.18009544
OS 28.38528232 41.17844952
OS 28.37787568 41.17598064
OS 28.36964608 41.17351176
OS 28.350718 41.168574
OS 28.32849808 41.16363624
OS 28.3054552 41.15869848
OS 28.27994344 41.15540664
OS 28.2766516 41.15540664
OS 28.27335976 41.15458368
OS 28.268422 41.15458368
OS 28.26183832 41.15376072
OS 28.25443168 41.15293776
OS 28.24620208 41.1521148
OS 28.23714952 41.1521148
OS 28.227274 41.15129184
OS 28.21575256 41.15046888
OS 28.19270968 41.14882296
OS 28.16719792 41.148
OS 28.02811768 41.148
OS 28.02811768 41.30271648
OS 28.17460456 41.30271648
OS 28.1820112 41.30353944
OS 28.1902408 41.30353944
OS 28.20011632 41.3043624
OS 28.2108148 41.3043624
OS 28.23385768 41.30600832
OS 28.25772352 41.30930016
OS 28.28158936 41.312592
OS 28.30463224 41.31752976
OS 28.3054552 41.31752976
OS 28.30710112 41.31835272
OS 28.31039296 41.31917568
OS 28.31450776 41.31999864
OS 28.31944552 41.32164456
OS 28.32520624 41.32411344
OS 28.3383736 41.3290512
OS 28.35318688 41.33481192
OS 28.36964608 41.34221856
OS 28.38445936 41.35127112
OS 28.39927264 41.3619696
OS 28.4000956 41.3619696
OS 28.40091856 41.36361552
OS 28.40503336 41.36690736
OS 28.41161704 41.37349104
OS 28.41984664 41.3825436
OS 28.42807624 41.39324208
OS 28.4371288 41.40558648
OS 28.4453584 41.4195768
OS 28.45276504 41.43521304
OS 28.45276504 41.436036
OS 28.453588 41.43685896
OS 28.45441096 41.43932784
OS 28.45523392 41.44261968
OS 28.45687984 41.44673448
OS 28.45852576 41.45167224
OS 28.4618176 41.46401664
OS 28.4659324 41.47882992
OS 28.4700472 41.49611208
OS 28.47333904 41.51504016
OS 28.47580792 41.53561416
OS 28.47745384 41.55454224
OS 28.47663088 41.55454224
OS 28.47580792 41.55371928
OS 28.47333904 41.55289632
OS 28.47087016 41.5512504
OS 28.46264056 41.54795856
OS 28.45111912 41.54384376
OS 28.43795176 41.538906
OS 28.42313848 41.53396824
OS 28.40585632 41.52903048
OS 28.3877512 41.52409272
OS 28.38692824 41.52409272
OS 28.38528232 41.52326976
OS 28.38281344 41.52326976
OS 28.3795216 41.5224468
OS 28.37458384 41.52162384
OS 28.36882312 41.52080088
OS 28.35647872 41.518332
OS 28.34084248 41.51586312
OS 28.32356032 41.5142172
OS 28.3054552 41.51339424
OS 28.28652712 41.51257128
OS 28.27418272 41.51257128
OS 28.268422 41.51339424
OS 28.26101536 41.51339424
OS 28.25278576 41.5142172
OS 28.2437332 41.5142172
OS 28.22398216 41.51668608
OS 28.2025852 41.51915496
OS 28.17954232 41.52326976
OS 28.1573224 41.52820752
OS 28.15649944 41.52820752
OS 28.15485352 41.52903048
OS 28.15156168 41.52985344
OS 28.14744688 41.53149936
OS 28.14250912 41.53314528
OS 28.1367484 41.53561416
OS 28.12358104 41.54055192
OS 28.1079448 41.54795856
OS 28.09066264 41.55701112
OS 28.07420344 41.5677096
OS 28.05774424 41.580054
OS 28.05692128 41.58087696
OS 28.05609832 41.58169992
OS 28.05116056 41.58663768
OS 28.04293096 41.59486728
OS 28.0338784 41.60556576
OS 28.02317992 41.61873312
OS 28.01248144 41.63436936
OS 28.00178296 41.65247448
OS 27.9927304 41.67222552
OS 27.9927304 41.67304848
OS 27.99190744 41.6746944
OS 27.99108448 41.67798624
OS 27.98943856 41.68210104
OS 27.98779264 41.68786176
OS 27.98532376 41.69444544
OS 27.98367784 41.70185208
OS 27.98203192 41.71090464
OS 27.97956304 41.7199572
OS 27.97791712 41.73065568
OS 27.97544824 41.74217712
OS 27.97380232 41.75452152
OS 27.97133344 41.78085624
OS 27.97051048 41.80965984
OS 27.97051048 41.8104828
OS 27.97051048 41.81295168
OS 27.97051048 41.81706648
OS 27.97133344 41.82200424
OS 27.97133344 41.82858792
OS 27.9721564 41.83599456
OS 27.97297936 41.84422416
OS 27.97380232 41.85327672
OS 27.97709416 41.87385072
OS 27.98203192 41.89607064
OS 27.98779264 41.91829056
OS 27.9968452 41.94133344
OS 27.9968452 41.9421564
OS 27.99849112 41.94380232
OS 27.99931408 41.94709416
OS 28.00178296 41.95120896
OS 28.00425184 41.95696968
OS 28.00754368 41.9627304
OS 28.01577328 41.97672072
OS 28.02647176 41.99235696
OS 28.03881616 42.00963912
OS 28.05362944 42.02692128
OS 28.07008864 42.04338048
OS 28.0709116 42.04420344
OS 28.07255752 42.0450264
OS 28.0750264 42.04749528
OS 28.07831824 42.05078712
OS 28.083256 42.05407896
OS 28.08819376 42.05819376
OS 28.09477744 42.06313152
OS 28.10136112 42.06806928
OS 28.11782032 42.0779448
OS 28.1367484 42.08946624
OS 28.15896832 42.10016472
OS 28.1820112 42.10921728
OS 28.18283416 42.10921728
OS 28.18530304 42.11004024
OS 28.18859488 42.11168616
OS 28.19353264 42.11333208
OS 28.19929336 42.114978
OS 28.2067 42.11662392
OS 28.2149296 42.1190928
OS 28.22398216 42.12156168
OS 28.23385768 42.1232076
OS 28.24537912 42.12567648
OS 28.26924496 42.12979128
OS 28.29557968 42.13226016
OS 28.32356032 42.13308312
OS 28.33672768 42.13308312
OS 28.34331136 42.13226016
OE
OB 27.48907888 42.11580096 I
OS 27.49813144 42.11580096
OS 27.50800696 42.114978
OS 27.53104984 42.11333208
OS 27.55491568 42.1108632
OS 27.58042744 42.10757136
OS 27.60511624 42.1026336
OS 27.6059392 42.1026336
OS 27.60840808 42.10181064
OS 27.61169992 42.10098768
OS 27.61581472 42.10016472
OS 27.62157544 42.0985188
OS 27.62815912 42.09687288
OS 27.64379536 42.09193512
OS 27.66107752 42.08535144
OS 27.67918264 42.07712184
OS 27.69811072 42.06806928
OS 27.71621584 42.05654784
OS 27.7170388 42.05654784
OS 27.71786176 42.05490192
OS 27.72033064 42.053256
OS 27.72362248 42.05078712
OS 27.73185208 42.04420344
OS 27.74255056 42.03432792
OS 27.754072 42.02280648
OS 27.76559344 42.0079932
OS 27.77711488 41.991534
OS 27.7869904 41.97342888
OS 27.7869904 41.97260592
OS 27.78781336 41.97096
OS 27.78945928 41.96849112
OS 27.7911052 41.96437632
OS 27.79275112 41.95943856
OS 27.79522 41.95367784
OS 27.79768888 41.9462712
OS 27.80015776 41.93886456
OS 27.80180368 41.929812
OS 27.80427256 41.92075944
OS 27.80838736 41.89936248
OS 27.8116792 41.87467368
OS 27.81250216 41.84833896
OS 27.81250216 41.847516
OS 27.81250216 41.84587008
OS 27.81250216 41.8434012
OS 27.81250216 41.8392864
OS 27.8116792 41.83434864
OS 27.8116792 41.82941088
OS 27.81085624 41.81624352
OS 27.80838736 41.80143024
OS 27.80591848 41.785794
OS 27.80180368 41.7693348
OS 27.79686592 41.75369856
OS 27.79686592 41.7528756
OS 27.79604296 41.75205264
OS 27.79439704 41.74711488
OS 27.79028224 41.73888528
OS 27.78534448 41.72900976
OS 27.77958376 41.71831128
OS 27.77217712 41.70596688
OS 27.76312456 41.69362248
OS 27.75324904 41.68210104
OS 27.75160312 41.68045512
OS 27.74831128 41.67716328
OS 27.74255056 41.67140256
OS 27.73432096 41.66481888
OS 27.72444544 41.65741224
OS 27.712924 41.64918264
OS 27.69975664 41.64095304
OS 27.68576632 41.6335464
OS 27.68494336 41.6335464
OS 27.6841204 41.63272344
OS 27.67918264 41.63025456
OS 27.67095304 41.62778568
OS 27.66107752 41.62367088
OS 27.64791016 41.61955608
OS 27.63391984 41.61544128
OS 27.6182836 41.61132648
OS 27.60100144 41.60803464
OS 27.60264736 41.60803464
OS 27.60676216 41.60638872
OS 27.6141688 41.60391984
OS 27.62322136 41.59980504
OS 27.63309688 41.59486728
OS 27.64379536 41.58746064
OS 27.6553168 41.57840808
OS 27.66683824 41.56688664
OS 27.66848416 41.56524072
OS 27.671776 41.56112592
OS 27.67753672 41.55289632
OS 27.68576632 41.5430208
OS 27.69399592 41.52903048
OS 27.7046944 41.51339424
OS 27.71539288 41.49446616
OS 27.72609136 41.47224624
OS 27.88080784 41.148
OS 27.66683824 41.148
OS 27.53022688 41.45907888
OS 27.53022688 41.45990184
OS 27.52940392 41.4607248
OS 27.52858096 41.46319368
OS 27.52693504 41.46648552
OS 27.52282024 41.47471512
OS 27.51623656 41.48376768
OS 27.50882992 41.49528912
OS 27.49977736 41.5059876
OS 27.48907888 41.51668608
OS 27.47673448 41.52573864
OS 27.47508856 41.5265616
OS 27.47097376 41.52903048
OS 27.46356712 41.53314528
OS 27.4536916 41.53726008
OS 27.4413472 41.54137488
OS 27.42817984 41.54548968
OS 27.4125436 41.54795856
OS 27.39526144 41.54878152
OS 27.36069712 41.54878152
OS 27.36069712 41.148
OS 27.178 41.148
OS 27.178 42.11662392
OS 27.48084928 42.11662392
OS 27.48907888 42.11580096
OE
OB 27.45698344 41.96437632 H
OS 27.36069712 41.96437632
OS 27.36069712 41.6911536
OS 27.44217016 41.6911536
OS 27.4495768 41.69197656
OS 27.46027528 41.69197656
OS 27.47179672 41.69279952
OS 27.48496408 41.69444544
OS 27.5112988 41.6993832
OS 27.51294472 41.70020616
OS 27.51705952 41.70102912
OS 27.5236432 41.703498
OS 27.5318728 41.70596688
OS 27.54092536 41.71008168
OS 27.55080088 41.71419648
OS 27.5606764 41.7199572
OS 27.56972896 41.72571792
OS 27.57055192 41.72654088
OS 27.57384376 41.72900976
OS 27.57795856 41.73312456
OS 27.58371928 41.73806232
OS 27.58948 41.744646
OS 27.59606368 41.75205264
OS 27.6018244 41.7611052
OS 27.60758512 41.77015776
OS 27.60840808 41.77098072
OS 27.610054 41.77509552
OS 27.61169992 41.78003328
OS 27.61499176 41.78743992
OS 27.61746064 41.79649248
OS 27.61910656 41.80719096
OS 27.62075248 41.8187124
OS 27.62157544 41.8310568
OS 27.62157544 41.83187976
OS 27.62157544 41.83434864
OS 27.62157544 41.83764048
OS 27.62075248 41.84257824
OS 27.61992952 41.84833896
OS 27.61910656 41.85492264
OS 27.61581472 41.87055888
OS 27.61087696 41.88701808
OS 27.60264736 41.90430024
OS 27.5977096 41.91170688
OS 27.59112592 41.91993648
OS 27.58454224 41.92652016
OS 27.57631264 41.93310384
OS 27.57548968 41.93310384
OS 27.57384376 41.93474976
OS 27.57137488 41.93639568
OS 27.56808304 41.9380416
OS 27.56314528 41.94051048
OS 27.55738456 41.94297936
OS 27.54997792 41.94544824
OS 27.54257128 41.94874008
OS 27.53351872 41.95203192
OS 27.5236432 41.9545008
OS 27.51212176 41.95696968
OS 27.49977736 41.95943856
OS 27.48661 41.96190744
OS 27.47261968 41.9627304
OS 27.45698344 41.96437632
OE
OB 28.31533072 41.98083552 H
OS 28.30957 41.98083552
OS 28.30216336 41.98001256
OS 28.29393376 41.9791896
OS 28.28323528 41.97754368
OS 28.2725368 41.97589776
OS 28.26101536 41.97260592
OS 28.25031688 41.96849112
OS 28.24867096 41.96766816
OS 28.24537912 41.96602224
OS 28.24044136 41.96355336
OS 28.23303472 41.96026152
OS 28.22562808 41.95532376
OS 28.21739848 41.94956304
OS 28.20916888 41.94297936
OS 28.20093928 41.93557272
OS 28.20011632 41.93474976
OS 28.19764744 41.93145792
OS 28.1943556 41.92734312
OS 28.18941784 41.92075944
OS 28.18448008 41.9133528
OS 28.17954232 41.90430024
OS 28.17460456 41.89442472
OS 28.1696668 41.88372624
OS 28.16884384 41.88208032
OS 28.16802088 41.87878848
OS 28.16637496 41.8722048
OS 28.16472904 41.8639752
OS 28.16226016 41.85409968
OS 28.16061424 41.8434012
OS 28.15979128 41.83023384
OS 28.15896832 41.81706648
OS 28.15896832 41.81624352
OS 28.15896832 41.81377464
OS 28.15896832 41.80965984
OS 28.15979128 41.80389912
OS 28.16061424 41.79731544
OS 28.1614372 41.7899088
OS 28.16390608 41.77262664
OS 28.16884384 41.75369856
OS 28.17625048 41.73477048
OS 28.18118824 41.72489496
OS 28.18694896 41.7158424
OS 28.19270968 41.7076128
OS 28.20011632 41.70020616
OS 28.20093928 41.70020616
OS 28.20176224 41.69856024
OS 28.20423112 41.69691432
OS 28.20752296 41.69444544
OS 28.21163776 41.6911536
OS 28.21739848 41.68786176
OS 28.2231592 41.68456992
OS 28.22974288 41.68127808
OS 28.23797248 41.67798624
OS 28.24620208 41.6746944
OS 28.2560776 41.67140256
OS 28.26595312 41.66811072
OS 28.288996 41.66399592
OS 28.30216336 41.66317296
OS 28.31533072 41.66235
OS 28.32273736 41.66235
OS 28.32767512 41.66317296
OS 28.3342588 41.66317296
OS 28.34166544 41.66399592
OS 28.35730168 41.66564184
OS 28.35812464 41.66564184
OS 28.36141648 41.6664648
OS 28.36553128 41.66728776
OS 28.371292 41.66893368
OS 28.37869864 41.66975664
OS 28.38610528 41.67222552
OS 28.40256448 41.67634032
OS 28.40338744 41.67634032
OS 28.40667928 41.67716328
OS 28.41079408 41.6788092
OS 28.4165548 41.68045512
OS 28.42313848 41.682924
OS 28.43054512 41.68539288
OS 28.44618136 41.6911536
OS 28.44700432 41.6911536
OS 28.4494732 41.69279952
OS 28.453588 41.69444544
OS 28.45852576 41.69691432
OS 28.4700472 41.70267504
OS 28.4823916 41.70925872
OS 28.4823916 41.71008168
OS 28.4823916 41.71255056
OS 28.4823916 41.7158424
OS 28.4823916 41.7199572
OS 28.4823916 41.72571792
OS 28.48156864 41.73312456
OS 28.48156864 41.7405312
OS 28.48156864 41.7487608
OS 28.47992272 41.76686592
OS 28.4782768 41.785794
OS 28.47663088 41.80554504
OS 28.47333904 41.82529608
OS 28.47333904 41.82611904
OS 28.47333904 41.82776496
OS 28.47251608 41.83023384
OS 28.47169312 41.83352568
OS 28.4700472 41.8434012
OS 28.46675536 41.85492264
OS 28.46264056 41.86809
OS 28.4577028 41.88290328
OS 28.45194208 41.8968936
OS 28.4453584 41.91006096
OS 28.44453544 41.91170688
OS 28.44206656 41.91582168
OS 28.4371288 41.9215824
OS 28.43136808 41.929812
OS 28.42396144 41.9380416
OS 28.41490888 41.94709416
OS 28.40503336 41.95532376
OS 28.39351192 41.9627304
OS 28.391866 41.96355336
OS 28.3877512 41.96519928
OS 28.38116752 41.96849112
OS 28.37211496 41.97178296
OS 28.36059352 41.9750748
OS 28.34742616 41.97836664
OS 28.33178992 41.98001256
OS 28.31533072 41.98083552
OE
SE
S P 0
OB 28.43383696 81.54881328 I
OS 28.19188672 81.54881328
OS 27.89644408 82.5174372
OS 28.10300704 82.5174372
OS 28.26677608 81.93395856
OS 28.31944552 81.74220888
OS 28.37458384 81.94465704
OS 28.53670696 82.5174372
OS 28.73092552 82.5174372
OS 28.43383696 81.54881328
OE
OB 27.75489496 82.34708448 I
OS 27.36481192 82.34708448
OS 27.36481192 82.14957408
OS 27.45286864 82.14957408
OS 27.46109824 82.14875112
OS 27.4701508 82.14875112
OS 27.47920336 82.14792816
OS 27.50142328 82.14628224
OS 27.52528912 82.14381336
OS 27.54997792 82.14052152
OS 27.57548968 82.13558376
OS 27.57631264 82.13558376
OS 27.57878152 82.1347608
OS 27.58207336 82.13393784
OS 27.58701112 82.13311488
OS 27.59277184 82.13146896
OS 27.59935552 82.12982304
OS 27.60758512 82.12735416
OS 27.61581472 82.12488528
OS 27.63391984 82.1183016
OS 27.65449384 82.11089496
OS 27.67506784 82.10101944
OS 27.69481888 82.089498
OS 27.69564184 82.089498
OS 27.69728776 82.08785208
OS 27.69975664 82.08620616
OS 27.70304848 82.08373728
OS 27.712924 82.07633064
OS 27.72444544 82.06563216
OS 27.7376128 82.05328776
OS 27.75160312 82.03765152
OS 27.76477048 82.02036936
OS 27.77711488 81.99979536
OS 27.77711488 81.9989724
OS 27.7787608 81.99732648
OS 27.78040672 81.99403464
OS 27.78205264 81.98991984
OS 27.78452152 81.98415912
OS 27.7869904 81.97757544
OS 27.78945928 81.9701688
OS 27.79275112 81.96111624
OS 27.79604296 81.95124072
OS 27.79851184 81.94054224
OS 27.80098072 81.9290208
OS 27.8034496 81.9166764
OS 27.80591848 81.90350904
OS 27.80674144 81.88869576
OS 27.80838736 81.85824624
OS 27.80838736 81.85742328
OS 27.80838736 81.8549544
OS 27.80838736 81.8508396
OS 27.8075644 81.84507888
OS 27.8075644 81.8384952
OS 27.80674144 81.8302656
OS 27.80591848 81.82121304
OS 27.80427256 81.81133752
OS 27.80015776 81.78994056
OS 27.79439704 81.76689768
OS 27.78616744 81.74303184
OS 27.77546896 81.71998896
OS 27.77546896 81.719166
OS 27.77382304 81.71752008
OS 27.77217712 81.71422824
OS 27.76970824 81.71011344
OS 27.7664164 81.70517568
OS 27.7623016 81.698592
OS 27.75160312 81.68460168
OS 27.73925872 81.66896544
OS 27.72362248 81.65168328
OS 27.70551736 81.63440112
OS 27.68494336 81.61794192
OS 27.6841204 81.61711896
OS 27.68247448 81.616296
OS 27.67918264 81.61382712
OS 27.67506784 81.61135824
OS 27.66930712 81.6080664
OS 27.66272344 81.6039516
OS 27.6553168 81.5998368
OS 27.64626424 81.59489904
OS 27.63638872 81.58996128
OS 27.6265132 81.58502352
OS 27.60264736 81.57432504
OS 27.5771356 81.56444952
OS 27.548332 81.55539696
OS 27.54750904 81.55539696
OS 27.54504016 81.554574
OS 27.54092536 81.55375104
OS 27.53434168 81.55210512
OS 27.527758 81.5504592
OS 27.51870544 81.54881328
OS 27.50882992 81.5463444
OS 27.49813144 81.54469848
OS 27.48578704 81.54305256
OS 27.47261968 81.54058368
OS 27.45862936 81.53893776
OS 27.44381608 81.53729184
OS 27.41172064 81.53482296
OS 27.37797928 81.534
OS 27.363166 81.534
OS 27.35575936 81.53482296
OS 27.34752976 81.53482296
OS 27.32860168 81.53564592
OS 27.32448688 81.53564592
OS 27.31872616 81.53646888
OS 27.31214248 81.53646888
OS 27.30473584 81.53729184
OS 27.29568328 81.5381148
OS 27.27593224 81.53976072
OS 27.27510928 81.53976072
OS 27.27181744 81.54058368
OS 27.26605672 81.54058368
OS 27.25947304 81.54140664
OS 27.2520664 81.5422296
OS 27.24301384 81.54305256
OS 27.22408576 81.54552144
OS 27.2232628 81.54552144
OS 27.21997096 81.5463444
OS 27.2150332 81.54716736
OS 27.20927248 81.54799032
OS 27.20186584 81.54881328
OS 27.1944592 81.54963624
OS 27.178 81.55210512
OS 27.178 81.71011344
OS 27.17882296 81.71011344
OS 27.17964592 81.70929048
OS 27.1821148 81.70929048
OS 27.18540664 81.70846752
OS 27.1944592 81.70599864
OS 27.20598064 81.70435272
OS 27.21997096 81.70106088
OS 27.23643016 81.698592
OS 27.25453528 81.69530016
OS 27.27428632 81.69283128
OS 27.2767552 81.69283128
OS 27.28004704 81.69200832
OS 27.28416184 81.69200832
OS 27.2890996 81.69118536
OS 27.29486032 81.69118536
OS 27.301444 81.6903624
OS 27.30885064 81.6903624
OS 27.3261328 81.68871648
OS 27.34506088 81.68789352
OS 27.36563488 81.68707056
OS 27.39773032 81.68707056
OS 27.40513696 81.68789352
OS 27.41501248 81.68871648
OS 27.424888 81.68953944
OS 27.4372324 81.6903624
OS 27.4495768 81.69200832
OS 27.47755744 81.69694608
OS 27.50553808 81.70517568
OS 27.5195284 81.70929048
OS 27.53269576 81.7150512
OS 27.54504016 81.72163488
OS 27.5565616 81.72904152
OS 27.55738456 81.72986448
OS 27.55903048 81.73068744
OS 27.56232232 81.73315632
OS 27.56561416 81.73727112
OS 27.56972896 81.74138592
OS 27.57466672 81.74632368
OS 27.58042744 81.75290736
OS 27.58618816 81.760314
OS 27.59112592 81.76772064
OS 27.59688664 81.7767732
OS 27.6018244 81.78664872
OS 27.6059392 81.7973472
OS 27.60923104 81.80886864
OS 27.61252288 81.82039008
OS 27.6141688 81.83355744
OS 27.61499176 81.84754776
OS 27.61499176 81.84837072
OS 27.61499176 81.8508396
OS 27.61499176 81.8549544
OS 27.6141688 81.86071512
OS 27.61334584 81.86647584
OS 27.61252288 81.87470544
OS 27.60840808 81.89116464
OS 27.6018244 81.91009272
OS 27.5977096 81.91996824
OS 27.59194888 81.92984376
OS 27.58618816 81.93889632
OS 27.57878152 81.94794888
OS 27.57055192 81.95617848
OS 27.5606764 81.96358512
OS 27.55985344 81.96440808
OS 27.55820752 81.96523104
OS 27.55491568 81.96687696
OS 27.54997792 81.96934584
OS 27.5442172 81.97263768
OS 27.53681056 81.97592952
OS 27.52858096 81.97922136
OS 27.51870544 81.98333616
OS 27.507184 81.986628
OS 27.49401664 81.98991984
OS 27.48002632 81.99321168
OS 27.46356712 81.99650352
OS 27.44628496 81.9989724
OS 27.42735688 82.00061832
OS 27.40760584 82.00226424
OS 27.19610512 82.00226424
OS 27.19610512 82.5174372
OS 27.75489496 82.5174372
OS 27.75489496 82.34708448
OE
SE
S P 0
OB 31.5361447 37.7760357 I
OS 32.0098039 37.7760357
OS 32.0098039 37.52088
OS 31.5361447 37.52088
OS 31.5361447 37.027485
OS 31.2499756 37.027485
OS 31.2499756 37.52088
OS 30.7763164 37.52088
OS 30.7763164 37.7760357
OS 31.2499756 37.7760357
OS 31.2499756 38.268021
OS 31.5361447 38.268021
OS 31.5361447 37.7760357
OE
OB 30.1687357 36.957 I
OS 29.7542839 36.957
OS 29.2482016 38.6162169
OS 29.6020363 38.6162169
OS 29.8825666 37.6167396
OS 29.9727874 37.2882795
OS 30.0672373 37.6350657
OS 30.3449482 38.6162169
OS 30.6776374 38.6162169
OS 30.1687357 36.957
OE
OB 29.1297868 36.957 I
OS 28.8168334 36.957
OS 28.8168334 37.6787664
OS 28.2529534 37.6787664
OS 28.2529534 36.957
OS 27.94 36.957
OS 27.94 38.6162169
OS 28.2529534 38.6162169
OS 28.2529534 37.9494288
OS 28.8168334 37.9494288
OS 28.8168334 38.6162169
OS 29.1297868 38.6162169
OS 29.1297868 36.957
OE
SE
S P 0
OB 28.2233624 101.68183372 I
OS 28.2233624 101.27199964
OS 28.067 101.27199964
OS 28.067 101.86699972
OS 29.03562392 101.86699972
OS 29.03562392 101.68183372
OS 28.2233624 101.68183372
OE
OB 28.42416464 100.52146012 I
OS 28.42416464 100.37497324
OS 28.2645104 100.37497324
OS 28.2645104 100.52146012
OS 28.067 100.52146012
OS 28.067 100.69839652
OS 28.2645104 100.69839652
OS 28.2645104 101.1493786
OS 28.41922688 101.1493786
OS 29.03562392 100.770817
OS 29.03562392 100.52146012
OS 28.42416464 100.52146012
OE
OB 28.86033344 100.69592764 H
OS 28.42416464 100.9724422
OS 28.42416464 100.69592764
OS 28.86033344 100.69592764
OE
SE
S P 0
OB 30.37099336 84.04226016 I
OS 30.3784 84.04226016
OS 30.3866296 84.0414372
OS 30.39568216 84.04061424
OS 30.40638064 84.03979128
OS 30.42860056 84.03567648
OS 30.45328936 84.03073872
OS 30.47962408 84.02415504
OS 30.50513584 84.01427952
OS 30.5059588 84.01427952
OS 30.50842768 84.0126336
OS 30.51171952 84.01098768
OS 30.51665728 84.00934176
OS 30.522418 84.00604992
OS 30.52900168 84.00193512
OS 30.54463792 83.99288256
OS 30.56274304 83.98053816
OS 30.58249408 83.96572488
OS 30.60224512 83.94761976
OS 30.6211732 83.9262228
OS 30.62199616 83.92539984
OS 30.62364208 83.92375392
OS 30.62611096 83.92046208
OS 30.6294028 83.91552432
OS 30.6335176 83.9097636
OS 30.6376324 83.90235696
OS 30.64339312 83.89412736
OS 30.64915384 83.88425184
OS 30.65491456 83.87355336
OS 30.66067528 83.86203192
OS 30.66725896 83.84968752
OS 30.67384264 83.8356972
OS 30.67960336 83.82088392
OS 30.68618704 83.80524768
OS 30.69194776 83.78878848
OS 30.69688552 83.77150632
OS 30.69688552 83.77068336
OS 30.69770848 83.76739152
OS 30.6993544 83.7616308
OS 30.70100032 83.75504712
OS 30.7034692 83.74599456
OS 30.70593808 83.73529608
OS 30.70840696 83.72212872
OS 30.71087584 83.7081384
OS 30.71334472 83.69250216
OS 30.7158136 83.67522
OS 30.71828248 83.65629192
OS 30.72075136 83.63654088
OS 30.72239728 83.61596688
OS 30.7240432 83.59374696
OS 30.72486616 83.56988112
OS 30.72486616 83.54601528
OS 30.72486616 83.54436936
OS 30.72486616 83.54107752
OS 30.72486616 83.53449384
OS 30.72486616 83.52626424
OS 30.7240432 83.51556576
OS 30.72322024 83.50322136
OS 30.72239728 83.48923104
OS 30.72157432 83.47441776
OS 30.7199284 83.45878152
OS 30.71828248 83.44149936
OS 30.71416768 83.40528912
OS 30.707584 83.36825592
OS 30.69853144 83.33204568
OS 30.69853144 83.33122272
OS 30.69770848 83.32793088
OS 30.69606256 83.32299312
OS 30.69359368 83.31640944
OS 30.6911248 83.30817984
OS 30.68783296 83.29912728
OS 30.68371816 83.2884288
OS 30.6787804 83.27690736
OS 30.66808192 83.25221856
OS 30.65491456 83.22588384
OS 30.64010128 83.19872616
OS 30.62199616 83.1732144
OS 30.6211732 83.17239144
OS 30.61952728 83.17074552
OS 30.6170584 83.16663072
OS 30.6129436 83.16251592
OS 30.60800584 83.1567552
OS 30.60224512 83.15099448
OS 30.59566144 83.14358784
OS 30.5882548 83.1361812
OS 30.5800252 83.12877456
OS 30.57097264 83.12054496
OS 30.54957568 83.10408576
OS 30.5265328 83.08844952
OS 30.50019808 83.0744592
OS 30.49937512 83.0744592
OS 30.49690624 83.07281328
OS 30.49279144 83.07116736
OS 30.48785368 83.06952144
OS 30.48044704 83.06705256
OS 30.4730404 83.06376072
OS 30.46316488 83.06046888
OS 30.4524664 83.058
OS 30.44094496 83.05470816
OS 30.42860056 83.05141632
OS 30.41461024 83.04894744
OS 30.40061992 83.0456556
OS 30.36934744 83.04236376
OS 30.33560608 83.04071784
OS 30.32819944 83.04071784
OS 30.32243872 83.0415408
OS 30.31503208 83.0415408
OS 30.30680248 83.04236376
OS 30.29774992 83.04318672
OS 30.28705144 83.04400968
OS 30.26483152 83.04730152
OS 30.24014272 83.05223928
OS 30.213808 83.05964592
OS 30.18829624 83.06869848
OS 30.18747328 83.06869848
OS 30.1850044 83.0703444
OS 30.18171256 83.07199032
OS 30.1767748 83.07363624
OS 30.17101408 83.07692808
OS 30.1644304 83.08104288
OS 30.15702376 83.08515768
OS 30.14879416 83.09009544
OS 30.12986608 83.10243984
OS 30.110938 83.11807608
OS 30.090364 83.13535824
OS 30.07143592 83.1567552
OS 30.07061296 83.15757816
OS 30.06896704 83.15922408
OS 30.06649816 83.16333888
OS 30.06320632 83.16745368
OS 30.05909152 83.17403736
OS 30.05497672 83.18062104
OS 30.049216 83.1896736
OS 30.04345528 83.19872616
OS 30.03769456 83.20942464
OS 30.03193384 83.22094608
OS 30.02535016 83.23411344
OS 30.01876648 83.24810376
OS 30.01300576 83.26209408
OS 30.00642208 83.27773032
OS 30.00148432 83.29418952
OS 29.9957236 83.31147168
OS 29.9957236 83.31229464
OS 29.99490064 83.31558648
OS 29.99325472 83.3213472
OS 29.9916088 83.32793088
OS 29.98913992 83.3378064
OS 29.987494 83.34850488
OS 29.98502512 83.36084928
OS 29.98255624 83.3748396
OS 29.9792644 83.3912988
OS 29.97679552 83.407758
OS 29.9751496 83.42668608
OS 29.97268072 83.44643712
OS 29.9710348 83.46783408
OS 29.96938888 83.490054
OS 29.96856592 83.51309688
OS 29.96856592 83.53696272
OS 29.96856592 83.53860864
OS 29.96856592 83.54190048
OS 29.96856592 83.54848416
OS 29.96938888 83.55671376
OS 29.96938888 83.56741224
OS 29.97021184 83.57975664
OS 29.9710348 83.59374696
OS 29.97185776 83.60856024
OS 29.97350368 83.62419648
OS 29.9751496 83.64147864
OS 29.9792644 83.67686592
OS 29.98584808 83.71389912
OS 29.99407768 83.75010936
OS 29.99407768 83.75093232
OS 29.9957236 83.75422416
OS 29.99654656 83.75916192
OS 29.99901544 83.7657456
OS 30.00148432 83.7739752
OS 30.00477616 83.78385072
OS 30.00889096 83.79372624
OS 30.01382872 83.80524768
OS 30.0245272 83.83075944
OS 30.0368716 83.85709416
OS 30.05250784 83.88425184
OS 30.06979 83.9097636
OS 30.07061296 83.91058656
OS 30.07225888 83.91305544
OS 30.07472776 83.91634728
OS 30.07884256 83.92046208
OS 30.08378032 83.9262228
OS 30.08954104 83.93198352
OS 30.09612472 83.93939016
OS 30.10435432 83.9467968
OS 30.11258392 83.95420344
OS 30.12163648 83.96243304
OS 30.14303344 83.97889224
OS 30.16607632 83.99452848
OS 30.19241104 84.0085188
OS 30.193234 84.00934176
OS 30.19570288 84.01016472
OS 30.19981768 84.01181064
OS 30.2055784 84.01427952
OS 30.21216208 84.0167484
OS 30.22039168 84.01921728
OS 30.2302672 84.02250912
OS 30.24096568 84.02580096
OS 30.25248712 84.0290928
OS 30.26483152 84.03238464
OS 30.27882184 84.03485352
OS 30.29281216 84.0373224
OS 30.32408464 84.0414372
OS 30.357826 84.04308312
OS 30.3660556 84.04308312
OS 30.37099336 84.04226016
OE
OB 29.63938192 83.2184772 I
OS 29.85252856 83.2184772
OS 29.85252856 83.058
OS 29.20732792 83.058
OS 29.20732792 83.2184772
OS 29.45421592 83.2184772
OS 29.45421592 83.84145792
OS 29.23942336 83.72295168
OS 29.18017024 83.87026152
OS 29.48713432 84.0332076
OS 29.63938192 84.0332076
OS 29.63938192 83.2184772
OE
OB 28.80736936 84.03979128 I
OS 28.82958928 84.03896832
OS 28.83452704 84.03896832
OS 28.84028776 84.03814536
OS 28.8476944 84.0373224
OS 28.85674696 84.03649944
OS 28.86662248 84.03567648
OS 28.88719648 84.0332076
OS 28.8888424 84.0332076
OS 28.89213424 84.03238464
OS 28.89789496 84.03156168
OS 28.90447864 84.02991576
OS 28.9135312 84.02826984
OS 28.92258376 84.02662392
OS 28.94398072 84.02168616
OS 28.94562664 84.02168616
OS 28.94891848 84.0208632
OS 28.9546792 84.01921728
OS 28.9629088 84.01757136
OS 28.97196136 84.01510248
OS 28.98183688 84.01181064
OS 29.00487976 84.00522696
OS 29.00487976 83.82417576
OS 29.0040568 83.82417576
OS 29.00241088 83.82582168
OS 28.99829608 83.82664464
OS 28.99418128 83.82911352
OS 28.98842056 83.8315824
OS 28.98183688 83.83405128
OS 28.97443024 83.83734312
OS 28.96620064 83.84063496
OS 28.94727256 83.84721864
OS 28.92752152 83.85462528
OS 28.9053016 83.86120896
OS 28.88390464 83.86614672
OS 28.88308168 83.86614672
OS 28.88143576 83.86696968
OS 28.87814392 83.86779264
OS 28.87402912 83.8686156
OS 28.86909136 83.86943856
OS 28.86333064 83.87026152
OS 28.84934032 83.8727304
OS 28.83370408 83.87519928
OS 28.81642192 83.87766816
OS 28.7983168 83.87849112
OS 28.78021168 83.87931408
OS 28.76869024 83.87931408
OS 28.76292952 83.87849112
OS 28.75552288 83.87766816
OS 28.74811624 83.8768452
OS 28.73988664 83.87602224
OS 28.72095856 83.8727304
OS 28.70120752 83.8686156
OS 28.68063352 83.86203192
OS 28.66170544 83.85380232
OS 28.66088248 83.85380232
OS 28.65923656 83.85297936
OS 28.65676768 83.85133344
OS 28.65347584 83.84886456
OS 28.64442328 83.8439268
OS 28.6337248 83.8356972
OS 28.62055744 83.82582168
OS 28.60739008 83.81430024
OS 28.59422272 83.79948696
OS 28.58187832 83.78385072
OS 28.58187832 83.78302776
OS 28.5802324 83.7822048
OS 28.57858648 83.77973592
OS 28.57694056 83.77562112
OS 28.57447168 83.77150632
OS 28.57117984 83.76656856
OS 28.56459616 83.75422416
OS 28.55718952 83.73858792
OS 28.54895992 83.7204828
OS 28.54237624 83.6999088
OS 28.53579256 83.67768888
OS 28.53579256 83.67686592
OS 28.5349696 83.67522
OS 28.53414664 83.67192816
OS 28.53332368 83.6669904
OS 28.53250072 83.66122968
OS 28.5308548 83.654646
OS 28.53003184 83.6464164
OS 28.52838592 83.63736384
OS 28.52674 83.62831128
OS 28.52591704 83.6176128
OS 28.52344816 83.59456992
OS 28.52180224 83.56905816
OS 28.52097928 83.54190048
OS 28.52097928 83.54107752
OS 28.52097928 83.53860864
OS 28.52097928 83.53449384
OS 28.52097928 83.52873312
OS 28.52180224 83.52132648
OS 28.52180224 83.51391984
OS 28.5226252 83.50486728
OS 28.5226252 83.49499176
OS 28.52427112 83.47277184
OS 28.52756296 83.448906
OS 28.5308548 83.42504016
OS 28.53579256 83.40117432
OS 28.53579256 83.40035136
OS 28.53661552 83.39870544
OS 28.53743848 83.3954136
OS 28.53826144 83.39047584
OS 28.53990736 83.38553808
OS 28.54237624 83.37977736
OS 28.547314 83.36496408
OS 28.55389768 83.34850488
OS 28.56212728 83.33039976
OS 28.57117984 83.3131176
OS 28.58270128 83.29583544
OS 28.58270128 83.29501248
OS 28.5843472 83.29418952
OS 28.588462 83.2884288
OS 28.59586864 83.28102216
OS 28.6049212 83.2719696
OS 28.61644264 83.26127112
OS 28.63043296 83.25057264
OS 28.64689216 83.23987416
OS 28.66417432 83.2308216
OS 28.66499728 83.2308216
OS 28.6666432 83.22999864
OS 28.66911208 83.22917568
OS 28.67322688 83.22752976
OS 28.67816464 83.22588384
OS 28.68392536 83.22341496
OS 28.69050904 83.22176904
OS 28.69791568 83.22012312
OS 28.71519784 83.21600832
OS 28.73577184 83.21189352
OS 28.75799176 83.20942464
OS 28.78268056 83.20860168
OS 28.79173312 83.20860168
OS 28.7983168 83.20942464
OS 28.8065464 83.20942464
OS 28.81559896 83.2102476
OS 28.83535 83.21271648
OS 28.83699592 83.21271648
OS 28.84028776 83.21353944
OS 28.84604848 83.2143624
OS 28.85345512 83.21600832
OS 28.86250768 83.21765424
OS 28.87156024 83.22012312
OS 28.8929572 83.22506088
OS 28.89460312 83.22506088
OS 28.89789496 83.2267068
OS 28.90365568 83.22835272
OS 28.91106232 83.2308216
OS 28.92011488 83.23329048
OS 28.9299904 83.23658232
OS 28.95138736 83.24398896
OS 28.95303328 83.24481192
OS 28.95632512 83.24563488
OS 28.96208584 83.24810376
OS 28.96866952 83.25057264
OS 28.97689912 83.25386448
OS 28.98595168 83.25797928
OS 29.00487976 83.26620888
OS 29.00487976 83.09585616
OS 29.0040568 83.09585616
OS 29.00158792 83.0950332
OS 28.99829608 83.09338728
OS 28.99418128 83.09174136
OS 28.9875976 83.08927248
OS 28.98101392 83.0868036
OS 28.97360728 83.08433472
OS 28.96455472 83.08104288
OS 28.94562664 83.0744592
OS 28.92422968 83.06869848
OS 28.90200976 83.0621148
OS 28.87896688 83.05717704
OS 28.87814392 83.05717704
OS 28.876498 83.05635408
OS 28.87320616 83.05635408
OS 28.8682684 83.05553112
OS 28.86333064 83.05470816
OS 28.85674696 83.05306224
OS 28.84934032 83.05223928
OS 28.84111072 83.05141632
OS 28.82218264 83.04894744
OS 28.80078568 83.04647856
OS 28.7777428 83.0456556
OS 28.75387696 83.04483264
OS 28.74400144 83.04483264
OS 28.7365948 83.0456556
OS 28.72754224 83.0456556
OS 28.71684376 83.04647856
OS 28.70449936 83.04730152
OS 28.691332 83.04894744
OS 28.67734168 83.05059336
OS 28.6625284 83.05223928
OS 28.63207888 83.058
OS 28.59998344 83.06540664
OS 28.56871096 83.07528216
OS 28.567888 83.07528216
OS 28.56541912 83.07692808
OS 28.56130432 83.078574
OS 28.5555436 83.08104288
OS 28.54813696 83.08433472
OS 28.53990736 83.08844952
OS 28.53167776 83.09256432
OS 28.52180224 83.09832504
OS 28.50040528 83.11066944
OS 28.4773624 83.12630568
OS 28.45431952 83.14523376
OS 28.43292256 83.16663072
OS 28.4320996 83.16745368
OS 28.43045368 83.1690996
OS 28.4279848 83.1732144
OS 28.42387 83.1773292
OS 28.41893224 83.18391288
OS 28.41399448 83.19049656
OS 28.40823376 83.19872616
OS 28.40165008 83.20860168
OS 28.3950664 83.2184772
OS 28.38848272 83.22999864
OS 28.38107608 83.24234304
OS 28.3744924 83.2555104
OS 28.36708576 83.27032368
OS 28.36050208 83.28513696
OS 28.34898064 83.3172324
OS 28.34898064 83.31805536
OS 28.34815768 83.3213472
OS 28.34651176 83.32628496
OS 28.34486584 83.33286864
OS 28.34239696 83.3419212
OS 28.33992808 83.35179672
OS 28.3374592 83.36414112
OS 28.33499032 83.37730848
OS 28.33252144 83.39212176
OS 28.33005256 83.40858096
OS 28.32758368 83.42586312
OS 28.3251148 83.44396824
OS 28.32346888 83.46371928
OS 28.32182296 83.48347032
OS 28.321 83.50486728
OS 28.321 83.5270872
OS 28.321 83.52873312
OS 28.321 83.53284792
OS 28.321 83.5394316
OS 28.32182296 83.5476612
OS 28.32182296 83.55835968
OS 28.32264592 83.57070408
OS 28.32346888 83.5846944
OS 28.3251148 83.60033064
OS 28.32676072 83.61678984
OS 28.32840664 83.634072
OS 28.33416736 83.67028224
OS 28.341574 83.7081384
OS 28.35144952 83.74434864
OS 28.35144952 83.7451716
OS 28.35309544 83.74846344
OS 28.35474136 83.7534012
OS 28.35721024 83.75998488
OS 28.36050208 83.76821448
OS 28.36461688 83.77809
OS 28.36873168 83.78878848
OS 28.3744924 83.80030992
OS 28.3868368 83.82582168
OS 28.40247304 83.85297936
OS 28.4197552 83.88013704
OS 28.4403292 83.9056488
OS 28.44115216 83.90647176
OS 28.44279808 83.90894064
OS 28.44608992 83.91223248
OS 28.45102768 83.91634728
OS 28.4567884 83.922108
OS 28.46337208 83.92869168
OS 28.47077872 83.93527536
OS 28.47983128 83.942682
OS 28.4897068 83.9509116
OS 28.50040528 83.9591412
OS 28.51192672 83.9673708
OS 28.52427112 83.9756004
OS 28.5514288 83.9920596
OS 28.58105536 84.00604992
OS 28.58187832 84.00687288
OS 28.58517016 84.00769584
OS 28.58928496 84.00934176
OS 28.59586864 84.01181064
OS 28.60327528 84.01427952
OS 28.6131508 84.0167484
OS 28.62384928 84.02004024
OS 28.63537072 84.02333208
OS 28.64853808 84.02662392
OS 28.66335136 84.02991576
OS 28.67816464 84.03238464
OS 28.69462384 84.03485352
OS 28.711906 84.0373224
OS 28.72918816 84.03896832
OS 28.76704432 84.04061424
OS 28.79749384 84.04061424
OS 28.80736936 84.03979128
OE
OB 30.54052312 83.59127808 H
OS 30.18006664 83.3295768
OS 30.18006664 83.32875384
OS 30.1808896 83.32628496
OS 30.18253552 83.32299312
OS 30.18418144 83.31805536
OS 30.18665032 83.31147168
OS 30.18994216 83.304888
OS 30.1973488 83.28925176
OS 30.20640136 83.2719696
OS 30.2179228 83.25386448
OS 30.23109016 83.23740528
OS 30.2384968 83.22917568
OS 30.24590344 83.222592
OS 30.2467264 83.222592
OS 30.24754936 83.22094608
OS 30.25001824 83.21930016
OS 30.25331008 83.21683128
OS 30.25742488 83.2143624
OS 30.26236264 83.21189352
OS 30.27470704 83.20530984
OS 30.28952032 83.19872616
OS 30.30680248 83.1937884
OS 30.32573056 83.1896736
OS 30.34630456 83.18802768
OS 30.3537112 83.18802768
OS 30.36111784 83.18885064
OS 30.37181632 83.19049656
OS 30.38333776 83.19296544
OS 30.39650512 83.19708024
OS 30.40967248 83.202018
OS 30.4236628 83.20942464
OS 30.42448576 83.20942464
OS 30.42530872 83.2102476
OS 30.42942352 83.21353944
OS 30.43683016 83.2184772
OS 30.44505976 83.22588384
OS 30.45493528 83.2349364
OS 30.46563376 83.24563488
OS 30.47633224 83.25880224
OS 30.48620776 83.27361552
OS 30.48620776 83.27443848
OS 30.48703072 83.27526144
OS 30.48867664 83.27773032
OS 30.49032256 83.28184512
OS 30.49279144 83.28595992
OS 30.49526032 83.29089768
OS 30.49855216 83.2966584
OS 30.50102104 83.30406504
OS 30.50760472 83.31970128
OS 30.51501136 83.33862936
OS 30.52159504 83.36002632
OS 30.52735576 83.38389216
OS 30.52735576 83.38471512
OS 30.52817872 83.387184
OS 30.52900168 83.39047584
OS 30.52982464 83.3954136
OS 30.5306476 83.40199728
OS 30.53229352 83.40940392
OS 30.53311648 83.41845648
OS 30.5347624 83.428332
OS 30.53640832 83.43903048
OS 30.53723128 83.45137488
OS 30.5388772 83.46454224
OS 30.53970016 83.4777096
OS 30.54134608 83.50815912
OS 30.54216904 83.54025456
OS 30.54216904 83.54107752
OS 30.54216904 83.54272344
OS 30.54216904 83.54519232
OS 30.54216904 83.54848416
OS 30.54216904 83.5558908
OS 30.54134608 83.56576632
OS 30.54134608 83.56658928
OS 30.54134608 83.5682352
OS 30.54134608 83.57070408
OS 30.54134608 83.57399592
OS 30.54052312 83.58222552
OS 30.54052312 83.59127808
OE
OB 30.35700304 83.89577328 H
OS 30.33972088 83.89577328
OS 30.33149128 83.89495032
OS 30.32161576 83.8933044
OS 30.30927136 83.89083552
OS 30.296104 83.88672072
OS 30.28293664 83.88178296
OS 30.26894632 83.87437632
OS 30.2673004 83.87355336
OS 30.2631856 83.87026152
OS 30.25660192 83.86532376
OS 30.24837232 83.85791712
OS 30.2384968 83.84886456
OS 30.22779832 83.83816608
OS 30.21709984 83.82499872
OS 30.20722432 83.80936248
OS 30.20722432 83.80853952
OS 30.20640136 83.80771656
OS 30.20475544 83.80524768
OS 30.20310952 83.80113288
OS 30.20064064 83.79701808
OS 30.19817176 83.79208032
OS 30.19570288 83.7863196
OS 30.19241104 83.77891296
OS 30.18582736 83.76327672
OS 30.17842072 83.74434864
OS 30.17183704 83.72295168
OS 30.16607632 83.69908584
OS 30.16607632 83.69826288
OS 30.16525336 83.695794
OS 30.1644304 83.69250216
OS 30.16360744 83.6875644
OS 30.16278448 83.68098072
OS 30.16113856 83.67357408
OS 30.1603156 83.66452152
OS 30.15866968 83.654646
OS 30.15702376 83.64394752
OS 30.1562008 83.63160312
OS 30.15455488 83.61925872
OS 30.15373192 83.6052684
OS 30.152086 83.57564184
OS 30.15126304 83.54272344
OS 30.15126304 83.54190048
OS 30.15126304 83.54025456
OS 30.15126304 83.53696272
OS 30.15126304 83.53367088
OS 30.15126304 83.52461832
OS 30.15126304 83.5147428
OS 30.15126304 83.51391984
OS 30.15126304 83.51227392
OS 30.15126304 83.50980504
OS 30.15126304 83.50733616
OS 30.15126304 83.49910656
OS 30.152086 83.48923104
OS 30.51501136 83.75175528
OS 30.51501136 83.75257824
OS 30.5141884 83.75504712
OS 30.51254248 83.75916192
OS 30.5100736 83.76409968
OS 30.50760472 83.7698604
OS 30.50431288 83.77644408
OS 30.49690624 83.79290328
OS 30.48703072 83.81018544
OS 30.47550928 83.82829056
OS 30.46234192 83.84557272
OS 30.45493528 83.85297936
OS 30.44670568 83.860386
OS 30.44588272 83.86120896
OS 30.44505976 83.86203192
OS 30.44259088 83.86367784
OS 30.43929904 83.86614672
OS 30.43518424 83.8686156
OS 30.43024648 83.87190744
OS 30.41790208 83.87849112
OS 30.4030888 83.88425184
OS 30.3866296 83.89001256
OS 30.36687856 83.89412736
OS 30.35700304 83.89577328
OE
SE
S P 0
OB 30.40246904 95.09126016 I
OS 30.40987568 95.09126016
OS 30.41810528 95.0904372
OS 30.42715784 95.08961424
OS 30.44690888 95.08714536
OS 30.46830584 95.08385352
OS 30.49052576 95.07973872
OS 30.51274568 95.07315504
OS 30.51356864 95.07315504
OS 30.51521456 95.07233208
OS 30.5185064 95.07150912
OS 30.5226212 95.0698632
OS 30.52755896 95.06821728
OS 30.53331968 95.0657484
OS 30.54731 95.05998768
OS 30.56294624 95.05175808
OS 30.57940544 95.04270552
OS 30.59586464 95.03200704
OS 30.61232384 95.01966264
OS 30.6131468 95.01966264
OS 30.61396976 95.01801672
OS 30.61890752 95.01307896
OS 30.62631416 95.00567232
OS 30.63536672 94.99497384
OS 30.6460652 94.98262944
OS 30.65676368 94.9669932
OS 30.6666392 94.94971104
OS 30.67569176 94.93078296
OS 30.67569176 94.92996
OS 30.67651472 94.92831408
OS 30.67816064 94.92502224
OS 30.6789836 94.9217304
OS 30.68145248 94.91596968
OS 30.6830984 94.91020896
OS 30.68474432 94.90362528
OS 30.6872132 94.89539568
OS 30.691328 94.87729056
OS 30.6954428 94.85671656
OS 30.69791168 94.83367368
OS 30.69873464 94.80816192
OS 30.69873464 94.80733896
OS 30.69873464 94.80569304
OS 30.69873464 94.8024012
OS 30.69873464 94.7982864
OS 30.69791168 94.79334864
OS 30.69791168 94.78676496
OS 30.69708872 94.77277464
OS 30.69461984 94.75631544
OS 30.69215096 94.73738736
OS 30.68803616 94.71845928
OS 30.6830984 94.6995312
OS 30.6830984 94.69870824
OS 30.68227544 94.69706232
OS 30.68145248 94.69459344
OS 30.68062952 94.6913016
OS 30.6789836 94.68636384
OS 30.67651472 94.68142608
OS 30.67157696 94.66908168
OS 30.66499328 94.6542684
OS 30.65758664 94.6378092
OS 30.64853408 94.62052704
OS 30.6378356 94.60242192
OS 30.6378356 94.60159896
OS 30.63618968 94.59995304
OS 30.63454376 94.59748416
OS 30.63289784 94.59419232
OS 30.629606 94.59007752
OS 30.62631416 94.58513976
OS 30.6172616 94.57279536
OS 30.60656312 94.55798208
OS 30.59421872 94.54234584
OS 30.5802284 94.52506368
OS 30.56459216 94.50695856
OS 30.5637692 94.5061356
OS 30.56294624 94.50448968
OS 30.56047736 94.5020208
OS 30.55718552 94.49872896
OS 30.55307072 94.49461416
OS 30.54813296 94.4896764
OS 30.53578856 94.477332
OS 30.52097528 94.46169576
OS 30.50451608 94.44523656
OS 30.485588 94.42713144
OS 30.46583696 94.4073804
OS 30.3251108 94.27406088
OS 30.73329896 94.27406088
OS 30.73329896 94.107
OS 30.07575392 94.107
OS 30.07575392 94.24031952
OS 30.3045368 94.4691024
OS 30.30535976 94.46992536
OS 30.30700568 94.47157128
OS 30.31112048 94.47568608
OS 30.31523528 94.47980088
OS 30.320996 94.4855616
OS 30.32675672 94.49214528
OS 30.34157 94.50695856
OS 30.3580292 94.52424072
OS 30.37531136 94.5431688
OS 30.39177056 94.56209688
OS 30.4074068 94.580202
OS 30.40822976 94.58102496
OS 30.40905272 94.58267088
OS 30.4115216 94.58513976
OS 30.41399048 94.5884316
OS 30.42139712 94.5966612
OS 30.42962672 94.60818264
OS 30.43950224 94.62135
OS 30.44937776 94.63534032
OS 30.45925328 94.64933064
OS 30.46748288 94.66332096
OS 30.46748288 94.66414392
OS 30.46830584 94.66496688
OS 30.47077472 94.66990464
OS 30.47488952 94.67648832
OS 30.47900432 94.68554088
OS 30.48394208 94.69623936
OS 30.48805688 94.7077608
OS 30.49217168 94.7201052
OS 30.49546352 94.73162664
OS 30.49546352 94.73327256
OS 30.49628648 94.73738736
OS 30.4979324 94.74314808
OS 30.49957832 94.75137768
OS 30.50040128 94.7612532
OS 30.5020472 94.77195168
OS 30.50287016 94.78347312
OS 30.50287016 94.79581752
OS 30.50287016 94.79746344
OS 30.50287016 94.80075528
OS 30.5020472 94.80569304
OS 30.5020472 94.81309968
OS 30.50040128 94.82132928
OS 30.49875536 94.82955888
OS 30.49710944 94.8394344
OS 30.4938176 94.84848696
OS 30.4938176 94.84930992
OS 30.49217168 94.85260176
OS 30.4897028 94.85753952
OS 30.48723392 94.86330024
OS 30.48311912 94.86988392
OS 30.47900432 94.87729056
OS 30.46748288 94.89128088
OS 30.46665992 94.89210384
OS 30.46419104 94.89457272
OS 30.4608992 94.89786456
OS 30.45596144 94.90197936
OS 30.44937776 94.90609416
OS 30.44197112 94.91103192
OS 30.43291856 94.91596968
OS 30.423866 94.92008448
OS 30.42304304 94.92090744
OS 30.4197512 94.9217304
OS 30.41399048 94.92337632
OS 30.4074068 94.9258452
OS 30.39835424 94.92831408
OS 30.38847872 94.92996
OS 30.37778024 94.93078296
OS 30.36543584 94.93160592
OS 30.35556032 94.93160592
OS 30.35062256 94.93078296
OS 30.34486184 94.92996
OS 30.33087152 94.92831408
OS 30.31441232 94.92502224
OS 30.29713016 94.92090744
OS 30.27820208 94.91432376
OS 30.259274 94.90609416
OS 30.25845104 94.90609416
OS 30.25680512 94.9052712
OS 30.25433624 94.90362528
OS 30.2510444 94.90197936
OS 30.2469296 94.89951048
OS 30.24199184 94.89621864
OS 30.22964744 94.888812
OS 30.21565712 94.87893648
OS 30.20002088 94.868238
OS 30.18356168 94.85507064
OS 30.16710248 94.84025736
OS 30.07163912 94.9628784
OS 30.07246208 94.96370136
OS 30.074108 94.96534728
OS 30.0782228 94.96863912
OS 30.0823376 94.97275392
OS 30.08892128 94.97769168
OS 30.09550496 94.9834524
OS 30.10373456 94.99003608
OS 30.11278712 94.99661976
OS 30.12266264 95.0040264
OS 30.13336112 95.01143304
OS 30.15804992 95.02706928
OS 30.18438464 95.04270552
OS 30.21318824 95.05669584
OS 30.2140112 95.0575188
OS 30.21648008 95.05834176
OS 30.22141784 95.05998768
OS 30.22717856 95.06245656
OS 30.2345852 95.06492544
OS 30.2428148 95.06821728
OS 30.25269032 95.07150912
OS 30.26421176 95.07480096
OS 30.27655616 95.0780928
OS 30.28972352 95.08056168
OS 30.30371384 95.08385352
OS 30.31852712 95.0863224
OS 30.35062256 95.0904372
OS 30.36708176 95.09208312
OS 30.39670832 95.09208312
OS 30.40246904 95.09126016
OE
OB 29.91609968 94.46251872 I
OS 29.91609968 94.46169576
OS 29.91609968 94.45840392
OS 29.91609968 94.45346616
OS 29.91609968 94.44688248
OS 29.91527672 94.43865288
OS 29.91445376 94.42960032
OS 29.9136308 94.41890184
OS 29.91280784 94.4073804
OS 29.909516 94.3826916
OS 29.9054012 94.35553392
OS 29.89881752 94.32755328
OS 29.89058792 94.3003956
OS 29.89058792 94.29957264
OS 29.88976496 94.29710376
OS 29.88811904 94.29381192
OS 29.88565016 94.28887416
OS 29.88318128 94.28311344
OS 29.8807124 94.2757068
OS 29.8724828 94.2592476
OS 29.86260728 94.24114248
OS 29.85026288 94.22139144
OS 29.8354496 94.2016404
OS 29.8189904 94.18353528
OS 29.81816744 94.18271232
OS 29.81652152 94.18188936
OS 29.81405264 94.17942048
OS 29.8107608 94.17612864
OS 29.806646 94.17201384
OS 29.80088528 94.16707608
OS 29.7943016 94.16213832
OS 29.78771792 94.15720056
OS 29.77125872 94.14567912
OS 29.75233064 94.13415768
OS 29.73011072 94.12263624
OS 29.70624488 94.11276072
OS 29.70542192 94.11276072
OS 29.70295304 94.11193776
OS 29.6996612 94.11029184
OS 29.69472344 94.10946888
OS 29.68813976 94.10782296
OS 29.68073312 94.10535408
OS 29.67250352 94.10370816
OS 29.662628 94.10123928
OS 29.65192952 94.0987704
OS 29.64040808 94.09712448
OS 29.62806368 94.09547856
OS 29.61489632 94.09300968
OS 29.58691568 94.0905408
OS 29.55646616 94.08971784
OS 29.54082992 94.08971784
OS 29.53260032 94.0905408
OS 29.52354776 94.09136376
OS 29.51284928 94.09136376
OS 29.50132784 94.09300968
OS 29.47663904 94.09547856
OS 29.45030432 94.09959336
OS 29.42314664 94.10535408
OS 29.39681192 94.11276072
OS 29.39598896 94.11276072
OS 29.39352008 94.11358368
OS 29.39022824 94.1152296
OS 29.38611344 94.11687552
OS 29.38035272 94.1193444
OS 29.37376904 94.12263624
OS 29.3581328 94.13004288
OS 29.34085064 94.1399184
OS 29.32274552 94.15143984
OS 29.3046404 94.16543016
OS 29.2881812 94.1810664
OS 29.28735824 94.18188936
OS 29.28653528 94.18353528
OS 29.2840664 94.18600416
OS 29.28159752 94.189296
OS 29.27830568 94.1934108
OS 29.27419088 94.19834856
OS 29.26513832 94.21151592
OS 29.2552628 94.22715216
OS 29.24538728 94.24525728
OS 29.23633472 94.26583128
OS 29.22810512 94.28887416
OS 29.22810512 94.28969712
OS 29.22728216 94.292166
OS 29.2264592 94.29545784
OS 29.22563624 94.3003956
OS 29.22399032 94.30615632
OS 29.2223444 94.31356296
OS 29.22069848 94.32179256
OS 29.21905256 94.33084512
OS 29.21740664 94.3415436
OS 29.21576072 94.35224208
OS 29.21246888 94.37693088
OS 29.21082296 94.40408856
OS 29.21 94.43289216
OS 29.21 95.07562392
OS 29.39269712 95.07562392
OS 29.39269712 94.44359064
OS 29.39269712 94.44276768
OS 29.39269712 94.44112176
OS 29.39269712 94.43865288
OS 29.39269712 94.43536104
OS 29.39352008 94.42630848
OS 29.39352008 94.41478704
OS 29.39434304 94.40079672
OS 29.39598896 94.3868064
OS 29.39845784 94.37199312
OS 29.40092672 94.35717984
OS 29.40174968 94.35553392
OS 29.40257264 94.35059616
OS 29.40504152 94.34401248
OS 29.4075104 94.33495992
OS 29.4116252 94.3250844
OS 29.41656296 94.31438592
OS 29.42314664 94.30368744
OS 29.43055328 94.29298896
OS 29.43137624 94.292166
OS 29.43466808 94.28887416
OS 29.43878288 94.2839364
OS 29.44536656 94.27817568
OS 29.4527732 94.271592
OS 29.46182576 94.26500832
OS 29.47170128 94.2592476
OS 29.48322272 94.25348688
OS 29.48486864 94.25266392
OS 29.48898344 94.25184096
OS 29.49556712 94.24937208
OS 29.50544264 94.2469032
OS 29.51696408 94.24443432
OS 29.53013144 94.2427884
OS 29.54576768 94.24114248
OS 29.56304984 94.24031952
OS 29.57045648 94.24031952
OS 29.57868608 94.24114248
OS 29.58938456 94.24196544
OS 29.60172896 94.2427884
OS 29.61407336 94.24525728
OS 29.62724072 94.24772616
OS 29.63958512 94.251018
OS 29.64123104 94.25184096
OS 29.64452288 94.25348688
OS 29.6502836 94.25595576
OS 29.65769024 94.26007056
OS 29.66591984 94.26500832
OS 29.6749724 94.271592
OS 29.683202 94.27899864
OS 29.6914316 94.2880512
OS 29.69225456 94.28969712
OS 29.69472344 94.29298896
OS 29.69883824 94.29874968
OS 29.70295304 94.30615632
OS 29.7078908 94.31603184
OS 29.71365152 94.32673032
OS 29.71858928 94.33989768
OS 29.72270408 94.353888
OS 29.72270408 94.35471096
OS 29.72352704 94.35553392
OS 29.72352704 94.3580028
OS 29.72435 94.36129464
OS 29.72599592 94.36952424
OS 29.7284648 94.38104568
OS 29.73011072 94.395036
OS 29.73175664 94.4114952
OS 29.7325796 94.43042328
OS 29.73340256 94.45099728
OS 29.73340256 95.07562392
OS 29.91609968 95.07562392
OS 29.91609968 94.46251872
OE
SE
S P 0
OB 30.6208176 76.8684772 I
OS 30.83396424 76.8684772
OS 30.83396424 76.708
OS 30.1887636 76.708
OS 30.1887636 76.8684772
OS 30.4356516 76.8684772
OS 30.4356516 77.49145792
OS 30.22085904 77.37295168
OS 30.16160592 77.52026152
OS 30.46857 77.6832076
OS 30.6208176 77.6832076
OS 30.6208176 76.8684772
OE
OB 29.64807888 77.67580096 I
OS 29.65713144 77.67580096
OS 29.66700696 77.674978
OS 29.69004984 77.67333208
OS 29.71391568 77.6708632
OS 29.73942744 77.66757136
OS 29.76411624 77.6626336
OS 29.7649392 77.6626336
OS 29.76740808 77.66181064
OS 29.77069992 77.66098768
OS 29.77481472 77.66016472
OS 29.78057544 77.6585188
OS 29.78715912 77.65687288
OS 29.80279536 77.65193512
OS 29.82007752 77.64535144
OS 29.83818264 77.63712184
OS 29.85711072 77.62806928
OS 29.87521584 77.61654784
OS 29.8760388 77.61654784
OS 29.87686176 77.61490192
OS 29.87933064 77.613256
OS 29.88262248 77.61078712
OS 29.89085208 77.60420344
OS 29.90155056 77.59432792
OS 29.913072 77.58280648
OS 29.92459344 77.5679932
OS 29.93611488 77.551534
OS 29.9459904 77.53342888
OS 29.9459904 77.53260592
OS 29.94681336 77.53096
OS 29.94845928 77.52849112
OS 29.9501052 77.52437632
OS 29.95175112 77.51943856
OS 29.95422 77.51367784
OS 29.95668888 77.5062712
OS 29.95915776 77.49886456
OS 29.96080368 77.489812
OS 29.96327256 77.48075944
OS 29.96738736 77.45936248
OS 29.9706792 77.43467368
OS 29.97150216 77.40833896
OS 29.97150216 77.407516
OS 29.97150216 77.40587008
OS 29.97150216 77.4034012
OS 29.97150216 77.3992864
OS 29.9706792 77.39434864
OS 29.9706792 77.38941088
OS 29.96985624 77.37624352
OS 29.96738736 77.36143024
OS 29.96491848 77.345794
OS 29.96080368 77.3293348
OS 29.95586592 77.31369856
OS 29.95586592 77.3128756
OS 29.95504296 77.31205264
OS 29.95339704 77.30711488
OS 29.94928224 77.29888528
OS 29.94434448 77.28900976
OS 29.93858376 77.27831128
OS 29.93117712 77.26596688
OS 29.92212456 77.25362248
OS 29.91224904 77.24210104
OS 29.91060312 77.24045512
OS 29.90731128 77.23716328
OS 29.90155056 77.23140256
OS 29.89332096 77.22481888
OS 29.88344544 77.21741224
OS 29.871924 77.20918264
OS 29.85875664 77.20095304
OS 29.84476632 77.1935464
OS 29.84394336 77.1935464
OS 29.8431204 77.19272344
OS 29.83818264 77.19025456
OS 29.82995304 77.18778568
OS 29.82007752 77.18367088
OS 29.80691016 77.17955608
OS 29.79291984 77.17544128
OS 29.7772836 77.17132648
OS 29.76000144 77.16803464
OS 29.76164736 77.16803464
OS 29.76576216 77.16638872
OS 29.7731688 77.16391984
OS 29.78222136 77.15980504
OS 29.79209688 77.15486728
OS 29.80279536 77.14746064
OS 29.8143168 77.13840808
OS 29.82583824 77.12688664
OS 29.82748416 77.12524072
OS 29.830776 77.12112592
OS 29.83653672 77.11289632
OS 29.84476632 77.1030208
OS 29.85299592 77.08903048
OS 29.8636944 77.07339424
OS 29.87439288 77.05446616
OS 29.88509136 77.03224624
OS 30.03980784 76.708
OS 29.82583824 76.708
OS 29.68922688 77.01907888
OS 29.68922688 77.01990184
OS 29.68840392 77.0207248
OS 29.68758096 77.02319368
OS 29.68593504 77.02648552
OS 29.68182024 77.03471512
OS 29.67523656 77.04376768
OS 29.66782992 77.05528912
OS 29.65877736 77.0659876
OS 29.64807888 77.07668608
OS 29.63573448 77.08573864
OS 29.63408856 77.0865616
OS 29.62997376 77.08903048
OS 29.62256712 77.09314528
OS 29.6126916 77.09726008
OS 29.6003472 77.10137488
OS 29.58717984 77.10548968
OS 29.5715436 77.10795856
OS 29.55426144 77.10878152
OS 29.51969712 77.10878152
OS 29.51969712 76.708
OS 29.337 76.708
OS 29.337 77.67662392
OS 29.63984928 77.67662392
OS 29.64807888 77.67580096
OE
OB 29.61598344 77.52437632 H
OS 29.51969712 77.52437632
OS 29.51969712 77.2511536
OS 29.60117016 77.2511536
OS 29.6085768 77.25197656
OS 29.61927528 77.25197656
OS 29.63079672 77.25279952
OS 29.64396408 77.25444544
OS 29.6702988 77.2593832
OS 29.67194472 77.26020616
OS 29.67605952 77.26102912
OS 29.6826432 77.263498
OS 29.6908728 77.26596688
OS 29.69992536 77.27008168
OS 29.70980088 77.27419648
OS 29.7196764 77.2799572
OS 29.72872896 77.28571792
OS 29.72955192 77.28654088
OS 29.73284376 77.28900976
OS 29.73695856 77.29312456
OS 29.74271928 77.29806232
OS 29.74848 77.304646
OS 29.75506368 77.31205264
OS 29.7608244 77.3211052
OS 29.76658512 77.33015776
OS 29.76740808 77.33098072
OS 29.769054 77.33509552
OS 29.77069992 77.34003328
OS 29.77399176 77.34743992
OS 29.77646064 77.35649248
OS 29.77810656 77.36719096
OS 29.77975248 77.3787124
OS 29.78057544 77.3910568
OS 29.78057544 77.39187976
OS 29.78057544 77.39434864
OS 29.78057544 77.39764048
OS 29.77975248 77.40257824
OS 29.77892952 77.40833896
OS 29.77810656 77.41492264
OS 29.77481472 77.43055888
OS 29.76987696 77.44701808
OS 29.76164736 77.46430024
OS 29.7567096 77.47170688
OS 29.75012592 77.47993648
OS 29.74354224 77.48652016
OS 29.73531264 77.49310384
OS 29.73448968 77.49310384
OS 29.73284376 77.49474976
OS 29.73037488 77.49639568
OS 29.72708304 77.4980416
OS 29.72214528 77.50051048
OS 29.71638456 77.50297936
OS 29.70897792 77.50544824
OS 29.70157128 77.50874008
OS 29.69251872 77.51203192
OS 29.6826432 77.5145008
OS 29.67112176 77.51696968
OS 29.65877736 77.51943856
OS 29.64561 77.52190744
OS 29.63161968 77.5227304
OS 29.61598344 77.52437632
OE
SE
S P 0
OB 30.49819656 79.47026016 I
OS 30.5056032 79.47026016
OS 30.5138328 79.4694372
OS 30.52288536 79.46861424
OS 30.5426364 79.46614536
OS 30.56403336 79.46285352
OS 30.58625328 79.45873872
OS 30.6084732 79.45215504
OS 30.60929616 79.45215504
OS 30.61094208 79.45133208
OS 30.61423392 79.45050912
OS 30.61834872 79.4488632
OS 30.62328648 79.44721728
OS 30.6290472 79.4447484
OS 30.64303752 79.43898768
OS 30.65867376 79.43075808
OS 30.67513296 79.42170552
OS 30.69159216 79.41100704
OS 30.70805136 79.39866264
OS 30.70887432 79.39866264
OS 30.70969728 79.39701672
OS 30.71463504 79.39207896
OS 30.72204168 79.38467232
OS 30.73109424 79.37397384
OS 30.74179272 79.36162944
OS 30.7524912 79.3459932
OS 30.76236672 79.32871104
OS 30.77141928 79.30978296
OS 30.77141928 79.30896
OS 30.77224224 79.30731408
OS 30.77388816 79.30402224
OS 30.77471112 79.3007304
OS 30.77718 79.29496968
OS 30.77882592 79.28920896
OS 30.78047184 79.28262528
OS 30.78294072 79.27439568
OS 30.78705552 79.25629056
OS 30.79117032 79.23571656
OS 30.7936392 79.21267368
OS 30.79446216 79.18716192
OS 30.79446216 79.18633896
OS 30.79446216 79.18469304
OS 30.79446216 79.1814012
OS 30.79446216 79.1772864
OS 30.7936392 79.17234864
OS 30.7936392 79.16576496
OS 30.79281624 79.15177464
OS 30.79034736 79.13531544
OS 30.78787848 79.11638736
OS 30.78376368 79.09745928
OS 30.77882592 79.0785312
OS 30.77882592 79.07770824
OS 30.77800296 79.07606232
OS 30.77718 79.07359344
OS 30.77635704 79.0703016
OS 30.77471112 79.06536384
OS 30.77224224 79.06042608
OS 30.76730448 79.04808168
OS 30.7607208 79.0332684
OS 30.75331416 79.0168092
OS 30.7442616 78.99952704
OS 30.73356312 78.98142192
OS 30.73356312 78.98059896
OS 30.7319172 78.97895304
OS 30.73027128 78.97648416
OS 30.72862536 78.97319232
OS 30.72533352 78.96907752
OS 30.72204168 78.96413976
OS 30.71298912 78.95179536
OS 30.70229064 78.93698208
OS 30.68994624 78.92134584
OS 30.67595592 78.90406368
OS 30.66031968 78.88595856
OS 30.65949672 78.8851356
OS 30.65867376 78.88348968
OS 30.65620488 78.8810208
OS 30.65291304 78.87772896
OS 30.64879824 78.87361416
OS 30.64386048 78.8686764
OS 30.63151608 78.856332
OS 30.6167028 78.84069576
OS 30.6002436 78.82423656
OS 30.58131552 78.80613144
OS 30.56156448 78.7863804
OS 30.42083832 78.65306088
OS 30.82902648 78.65306088
OS 30.82902648 78.486
OS 30.17148144 78.486
OS 30.17148144 78.61931952
OS 30.40026432 78.8481024
OS 30.40108728 78.84892536
OS 30.4027332 78.85057128
OS 30.406848 78.85468608
OS 30.4109628 78.85880088
OS 30.41672352 78.8645616
OS 30.42248424 78.87114528
OS 30.43729752 78.88595856
OS 30.45375672 78.90324072
OS 30.47103888 78.9221688
OS 30.48749808 78.94109688
OS 30.50313432 78.959202
OS 30.50395728 78.96002496
OS 30.50478024 78.96167088
OS 30.50724912 78.96413976
OS 30.509718 78.9674316
OS 30.51712464 78.9756612
OS 30.52535424 78.98718264
OS 30.53522976 79.00035
OS 30.54510528 79.01434032
OS 30.5549808 79.02833064
OS 30.5632104 79.04232096
OS 30.5632104 79.04314392
OS 30.56403336 79.04396688
OS 30.56650224 79.04890464
OS 30.57061704 79.05548832
OS 30.57473184 79.06454088
OS 30.5796696 79.07523936
OS 30.5837844 79.0867608
OS 30.5878992 79.0991052
OS 30.59119104 79.11062664
OS 30.59119104 79.11227256
OS 30.592014 79.11638736
OS 30.59365992 79.12214808
OS 30.59530584 79.13037768
OS 30.5961288 79.1402532
OS 30.59777472 79.15095168
OS 30.59859768 79.16247312
OS 30.59859768 79.17481752
OS 30.59859768 79.17646344
OS 30.59859768 79.17975528
OS 30.59777472 79.18469304
OS 30.59777472 79.19209968
OS 30.5961288 79.20032928
OS 30.59448288 79.20855888
OS 30.59283696 79.2184344
OS 30.58954512 79.22748696
OS 30.58954512 79.22830992
OS 30.5878992 79.23160176
OS 30.58543032 79.23653952
OS 30.58296144 79.24230024
OS 30.57884664 79.24888392
OS 30.57473184 79.25629056
OS 30.5632104 79.27028088
OS 30.56238744 79.27110384
OS 30.55991856 79.27357272
OS 30.55662672 79.27686456
OS 30.55168896 79.28097936
OS 30.54510528 79.28509416
OS 30.53769864 79.29003192
OS 30.52864608 79.29496968
OS 30.51959352 79.29908448
OS 30.51877056 79.29990744
OS 30.51547872 79.3007304
OS 30.509718 79.30237632
OS 30.50313432 79.3048452
OS 30.49408176 79.30731408
OS 30.48420624 79.30896
OS 30.47350776 79.30978296
OS 30.46116336 79.31060592
OS 30.45128784 79.31060592
OS 30.44635008 79.30978296
OS 30.44058936 79.30896
OS 30.42659904 79.30731408
OS 30.41013984 79.30402224
OS 30.39285768 79.29990744
OS 30.3739296 79.29332376
OS 30.35500152 79.28509416
OS 30.35417856 79.28509416
OS 30.35253264 79.2842712
OS 30.35006376 79.28262528
OS 30.34677192 79.28097936
OS 30.34265712 79.27851048
OS 30.33771936 79.27521864
OS 30.32537496 79.267812
OS 30.31138464 79.25793648
OS 30.2957484 79.247238
OS 30.2792892 79.23407064
OS 30.26283 79.21925736
OS 30.16736664 79.3418784
OS 30.1681896 79.34270136
OS 30.16983552 79.34434728
OS 30.17395032 79.34763912
OS 30.17806512 79.35175392
OS 30.1846488 79.35669168
OS 30.19123248 79.3624524
OS 30.19946208 79.36903608
OS 30.20851464 79.37561976
OS 30.21839016 79.3830264
OS 30.22908864 79.39043304
OS 30.25377744 79.40606928
OS 30.28011216 79.42170552
OS 30.30891576 79.43569584
OS 30.30973872 79.4365188
OS 30.3122076 79.43734176
OS 30.31714536 79.43898768
OS 30.32290608 79.44145656
OS 30.33031272 79.44392544
OS 30.33854232 79.44721728
OS 30.34841784 79.45050912
OS 30.35993928 79.45380096
OS 30.37228368 79.4570928
OS 30.38545104 79.45956168
OS 30.39944136 79.46285352
OS 30.41425464 79.4653224
OS 30.44635008 79.4694372
OS 30.46280928 79.47108312
OS 30.49243584 79.47108312
OS 30.49819656 79.47026016
OE
OB 29.64807888 79.45380096 I
OS 29.65713144 79.45380096
OS 29.66700696 79.452978
OS 29.69004984 79.45133208
OS 29.71391568 79.4488632
OS 29.73942744 79.44557136
OS 29.76411624 79.4406336
OS 29.7649392 79.4406336
OS 29.76740808 79.43981064
OS 29.77069992 79.43898768
OS 29.77481472 79.43816472
OS 29.78057544 79.4365188
OS 29.78715912 79.43487288
OS 29.80279536 79.42993512
OS 29.82007752 79.42335144
OS 29.83818264 79.41512184
OS 29.85711072 79.40606928
OS 29.87521584 79.39454784
OS 29.8760388 79.39454784
OS 29.87686176 79.39290192
OS 29.87933064 79.391256
OS 29.88262248 79.38878712
OS 29.89085208 79.38220344
OS 29.90155056 79.37232792
OS 29.913072 79.36080648
OS 29.92459344 79.3459932
OS 29.93611488 79.329534
OS 29.9459904 79.31142888
OS 29.9459904 79.31060592
OS 29.94681336 79.30896
OS 29.94845928 79.30649112
OS 29.9501052 79.30237632
OS 29.95175112 79.29743856
OS 29.95422 79.29167784
OS 29.95668888 79.2842712
OS 29.95915776 79.27686456
OS 29.96080368 79.267812
OS 29.96327256 79.25875944
OS 29.96738736 79.23736248
OS 29.9706792 79.21267368
OS 29.97150216 79.18633896
OS 29.97150216 79.185516
OS 29.97150216 79.18387008
OS 29.97150216 79.1814012
OS 29.97150216 79.1772864
OS 29.9706792 79.17234864
OS 29.9706792 79.16741088
OS 29.96985624 79.15424352
OS 29.96738736 79.13943024
OS 29.96491848 79.123794
OS 29.96080368 79.1073348
OS 29.95586592 79.09169856
OS 29.95586592 79.0908756
OS 29.95504296 79.09005264
OS 29.95339704 79.08511488
OS 29.94928224 79.07688528
OS 29.94434448 79.06700976
OS 29.93858376 79.05631128
OS 29.93117712 79.04396688
OS 29.92212456 79.03162248
OS 29.91224904 79.02010104
OS 29.91060312 79.01845512
OS 29.90731128 79.01516328
OS 29.90155056 79.00940256
OS 29.89332096 79.00281888
OS 29.88344544 78.99541224
OS 29.871924 78.98718264
OS 29.85875664 78.97895304
OS 29.84476632 78.9715464
OS 29.84394336 78.9715464
OS 29.8431204 78.97072344
OS 29.83818264 78.96825456
OS 29.82995304 78.96578568
OS 29.82007752 78.96167088
OS 29.80691016 78.95755608
OS 29.79291984 78.95344128
OS 29.7772836 78.94932648
OS 29.76000144 78.94603464
OS 29.76164736 78.94603464
OS 29.76576216 78.94438872
OS 29.7731688 78.94191984
OS 29.78222136 78.93780504
OS 29.79209688 78.93286728
OS 29.80279536 78.92546064
OS 29.8143168 78.91640808
OS 29.82583824 78.90488664
OS 29.82748416 78.90324072
OS 29.830776 78.89912592
OS 29.83653672 78.89089632
OS 29.84476632 78.8810208
OS 29.85299592 78.86703048
OS 29.8636944 78.85139424
OS 29.87439288 78.83246616
OS 29.88509136 78.81024624
OS 30.03980784 78.486
OS 29.82583824 78.486
OS 29.68922688 78.79707888
OS 29.68922688 78.79790184
OS 29.68840392 78.7987248
OS 29.68758096 78.80119368
OS 29.68593504 78.80448552
OS 29.68182024 78.81271512
OS 29.67523656 78.82176768
OS 29.66782992 78.83328912
OS 29.65877736 78.8439876
OS 29.64807888 78.85468608
OS 29.63573448 78.86373864
OS 29.63408856 78.8645616
OS 29.62997376 78.86703048
OS 29.62256712 78.87114528
OS 29.6126916 78.87526008
OS 29.6003472 78.87937488
OS 29.58717984 78.88348968
OS 29.5715436 78.88595856
OS 29.55426144 78.88678152
OS 29.51969712 78.88678152
OS 29.51969712 78.486
OS 29.337 78.486
OS 29.337 79.45462392
OS 29.63984928 79.45462392
OS 29.64807888 79.45380096
OE
OB 29.61598344 79.30237632 H
OS 29.51969712 79.30237632
OS 29.51969712 79.0291536
OS 29.60117016 79.0291536
OS 29.6085768 79.02997656
OS 29.61927528 79.02997656
OS 29.63079672 79.03079952
OS 29.64396408 79.03244544
OS 29.6702988 79.0373832
OS 29.67194472 79.03820616
OS 29.67605952 79.03902912
OS 29.6826432 79.041498
OS 29.6908728 79.04396688
OS 29.69992536 79.04808168
OS 29.70980088 79.05219648
OS 29.7196764 79.0579572
OS 29.72872896 79.06371792
OS 29.72955192 79.06454088
OS 29.73284376 79.06700976
OS 29.73695856 79.07112456
OS 29.74271928 79.07606232
OS 29.74848 79.082646
OS 29.75506368 79.09005264
OS 29.7608244 79.0991052
OS 29.76658512 79.10815776
OS 29.76740808 79.10898072
OS 29.769054 79.11309552
OS 29.77069992 79.11803328
OS 29.77399176 79.12543992
OS 29.77646064 79.13449248
OS 29.77810656 79.14519096
OS 29.77975248 79.1567124
OS 29.78057544 79.1690568
OS 29.78057544 79.16987976
OS 29.78057544 79.17234864
OS 29.78057544 79.17564048
OS 29.77975248 79.18057824
OS 29.77892952 79.18633896
OS 29.77810656 79.19292264
OS 29.77481472 79.20855888
OS 29.76987696 79.22501808
OS 29.76164736 79.24230024
OS 29.7567096 79.24970688
OS 29.75012592 79.25793648
OS 29.74354224 79.26452016
OS 29.73531264 79.27110384
OS 29.73448968 79.27110384
OS 29.73284376 79.27274976
OS 29.73037488 79.27439568
OS 29.72708304 79.2760416
OS 29.72214528 79.27851048
OS 29.71638456 79.28097936
OS 29.70897792 79.28344824
OS 29.70157128 79.28674008
OS 29.69251872 79.29003192
OS 29.6826432 79.2925008
OS 29.67112176 79.29496968
OS 29.65877736 79.29743856
OS 29.64561 79.29990744
OS 29.63161968 79.3007304
OS 29.61598344 79.30237632
OE
SE
S P 0
OB 30.63424912 89.63026016 I
OS 30.64247872 89.63026016
OS 30.65153128 89.6294372
OS 30.6614068 89.62861424
OS 30.68280376 89.62696832
OS 30.7066696 89.62367648
OS 30.73053544 89.61956168
OS 30.75357832 89.61380096
OS 30.75440128 89.61380096
OS 30.7560472 89.612978
OS 30.75933904 89.61215504
OS 30.76345384 89.61050912
OS 30.7683916 89.6088632
OS 30.77497528 89.60639432
OS 30.7889656 89.60145656
OS 30.80460184 89.59404992
OS 30.821884 89.58582032
OS 30.8383432 89.5759448
OS 30.8548024 89.56524632
OS 30.85562536 89.56524632
OS 30.85644832 89.5636004
OS 30.86138608 89.5594856
OS 30.86879272 89.55290192
OS 30.87784528 89.54384936
OS 30.8877208 89.53315088
OS 30.89841928 89.51998352
OS 30.9082948 89.50517024
OS 30.9165244 89.48871104
OS 30.9165244 89.48788808
OS 30.91734736 89.48706512
OS 30.91817032 89.48459624
OS 30.91981624 89.48048144
OS 30.92146216 89.47636664
OS 30.92310808 89.47142888
OS 30.92722288 89.45908448
OS 30.93133768 89.4442712
OS 30.93462952 89.42698904
OS 30.9370984 89.40806096
OS 30.93792136 89.38748696
OS 30.93792136 89.386664
OS 30.93792136 89.38337216
OS 30.93792136 89.37925736
OS 30.9370984 89.37267368
OS 30.9370984 89.36526704
OS 30.93545248 89.35703744
OS 30.93462952 89.34716192
OS 30.9329836 89.33646344
OS 30.92804584 89.31424352
OS 30.9206392 89.29037768
OS 30.91570144 89.27885624
OS 30.91076368 89.26651184
OS 30.90418 89.25581336
OS 30.89677336 89.24511488
OS 30.8959504 89.24429192
OS 30.89512744 89.242646
OS 30.89265856 89.24017712
OS 30.88936672 89.23606232
OS 30.88525192 89.23194752
OS 30.88031416 89.2261868
OS 30.87455344 89.22042608
OS 30.86796976 89.21466536
OS 30.85974016 89.20725872
OS 30.85151056 89.20067504
OS 30.842458 89.19409136
OS 30.83258248 89.18668472
OS 30.8095396 89.17351736
OS 30.78402784 89.16117296
OS 30.78649672 89.16117296
OS 30.7889656 89.16035
OS 30.79225744 89.15952704
OS 30.80048704 89.15788112
OS 30.81200848 89.15541224
OS 30.82517584 89.1521204
OS 30.83998912 89.14718264
OS 30.85397944 89.14224488
OS 30.86879272 89.1356612
OS 30.86961568 89.1356612
OS 30.87043864 89.13483824
OS 30.8753764 89.13236936
OS 30.88196008 89.12825456
OS 30.89101264 89.1233168
OS 30.90088816 89.11591016
OS 30.91158664 89.10850352
OS 30.92228512 89.09945096
OS 30.9329836 89.08875248
OS 30.93380656 89.08710656
OS 30.9370984 89.08381472
OS 30.94203616 89.078054
OS 30.94861984 89.0698244
OS 30.95520352 89.06077184
OS 30.9617872 89.0492504
OS 30.96919384 89.036906
OS 30.97495456 89.02373864
OS 30.97577752 89.02209272
OS 30.97742344 89.01715496
OS 30.97989232 89.00974832
OS 30.9823612 88.9998728
OS 30.98483008 88.9875284
OS 30.98729896 88.97353808
OS 30.98894488 88.95790184
OS 30.98976784 88.94144264
OS 30.98976784 88.94061968
OS 30.98976784 88.9381508
OS 30.98976784 88.93485896
OS 30.98976784 88.92909824
OS 30.98894488 88.92333752
OS 30.98812192 88.91593088
OS 30.98729896 88.90770128
OS 30.986476 88.89864872
OS 30.98318416 88.87807472
OS 30.9782464 88.85667776
OS 30.97166272 88.83445784
OS 30.96261016 88.81223792
OS 30.96261016 88.81141496
OS 30.9617872 88.80976904
OS 30.96014128 88.8064772
OS 30.9576724 88.8023624
OS 30.95520352 88.79742464
OS 30.95108872 88.79166392
OS 30.94285912 88.77849656
OS 30.93133768 88.76286032
OS 30.91734736 88.74640112
OS 30.90088816 88.72994192
OS 30.88113712 88.71430568
OS 30.88031416 88.71348272
OS 30.87866824 88.71265976
OS 30.8753764 88.71019088
OS 30.8712616 88.707722
OS 30.86550088 88.70443016
OS 30.8589172 88.70031536
OS 30.85151056 88.69620056
OS 30.84328096 88.6912628
OS 30.83340544 88.68632504
OS 30.82270696 88.68138728
OS 30.81118552 88.67644952
OS 30.79884112 88.67151176
OS 30.78649672 88.666574
OS 30.7725064 88.66163624
OS 30.74205688 88.65258368
OS 30.74123392 88.65258368
OS 30.73794208 88.65176072
OS 30.73382728 88.65093776
OS 30.7272436 88.64929184
OS 30.719014 88.64764592
OS 30.70913848 88.646
OS 30.69844 88.64353112
OS 30.6860956 88.6418852
OS 30.67210528 88.64023928
OS 30.657292 88.6377704
OS 30.6408328 88.63612448
OS 30.62355064 88.63447856
OS 30.60462256 88.63283264
OS 30.58569448 88.63200968
OS 30.56512048 88.63118672
OS 30.52891024 88.63118672
OS 30.52068064 88.63200968
OS 30.51162808 88.63200968
OS 30.49187704 88.63283264
OS 30.48693928 88.63283264
OS 30.48200152 88.6336556
OS 30.46636528 88.6336556
OS 30.45648976 88.63447856
OS 30.43673872 88.63612448
OS 30.43180096 88.63612448
OS 30.4268632 88.63694744
OS 30.42027952 88.63694744
OS 30.41204992 88.6377704
OS 30.40299736 88.63859336
OS 30.38324632 88.64023928
OS 30.38242336 88.64023928
OS 30.37913152 88.64106224
OS 30.37419376 88.64106224
OS 30.36761008 88.6418852
OS 30.3610264 88.64270816
OS 30.3527968 88.64353112
OS 30.33716056 88.646
OS 30.33716056 88.80318536
OS 30.33962944 88.80318536
OS 30.34209832 88.8023624
OS 30.34539016 88.80153944
OS 30.34950496 88.80071648
OS 30.35444272 88.79989352
OS 30.36761008 88.7982476
OS 30.38324632 88.79577872
OS 30.40052848 88.79330984
OS 30.42027952 88.79084096
OS 30.44167648 88.78837208
OS 30.44414536 88.78837208
OS 30.4474372 88.78754912
OS 30.45731272 88.78754912
OS 30.4638964 88.78672616
OS 30.47048008 88.78672616
OS 30.47870968 88.7859032
OS 30.4968148 88.78508024
OS 30.5173888 88.78425728
OS 30.53960872 88.78343432
OS 30.57828784 88.78343432
OS 30.58487152 88.78425728
OS 30.59886184 88.78508024
OS 30.61532104 88.7859032
OS 30.63342616 88.78754912
OS 30.65153128 88.790018
OS 30.66881344 88.79330984
OS 30.6696364 88.79330984
OS 30.67045936 88.7941328
OS 30.67292824 88.7941328
OS 30.67622008 88.79495576
OS 30.68444968 88.79742464
OS 30.6943252 88.80071648
OS 30.70584664 88.80565424
OS 30.71819104 88.810592
OS 30.73053544 88.81635272
OS 30.74205688 88.8229364
OS 30.7437028 88.82375936
OS 30.74699464 88.82622824
OS 30.7519324 88.83034304
OS 30.75851608 88.83610376
OS 30.76509976 88.8435104
OS 30.7725064 88.85174
OS 30.77909008 88.86079256
OS 30.7848508 88.87149104
OS 30.78567376 88.87313696
OS 30.78731968 88.8764288
OS 30.7889656 88.88218952
OS 30.79225744 88.89041912
OS 30.79472632 88.90029464
OS 30.79637224 88.91099312
OS 30.79801816 88.92333752
OS 30.79884112 88.93650488
OS 30.79884112 88.9381508
OS 30.79884112 88.9422656
OS 30.79801816 88.94802632
OS 30.7971952 88.95543296
OS 30.79554928 88.96448552
OS 30.79225744 88.97436104
OS 30.7889656 88.98423656
OS 30.78402784 88.99411208
OS 30.78320488 88.99493504
OS 30.78155896 88.99822688
OS 30.77826712 89.00316464
OS 30.77332936 89.00974832
OS 30.76756864 89.016332
OS 30.760162 89.02373864
OS 30.75110944 89.03114528
OS 30.74123392 89.03855192
OS 30.739588 89.03937488
OS 30.73629616 89.04184376
OS 30.72971248 89.0451356
OS 30.72148288 89.0492504
OS 30.7107844 89.0533652
OS 30.69761704 89.05830296
OS 30.68362672 89.06241776
OS 30.66716752 89.06653256
OS 30.66634456 89.06653256
OS 30.6655216 89.06735552
OS 30.66305272 89.06735552
OS 30.65893792 89.06817848
OS 30.65482312 89.06900144
OS 30.64988536 89.0698244
OS 30.63754096 89.07229328
OS 30.62190472 89.0739392
OS 30.6037996 89.07558512
OS 30.5832256 89.07640808
OS 30.56100568 89.07723104
OS 30.45402088 89.07723104
OS 30.45402088 89.21548832
OS 30.5667664 89.21548832
OS 30.57252712 89.21631128
OS 30.58569448 89.21713424
OS 30.60050776 89.2179572
OS 30.61696696 89.22042608
OS 30.6326032 89.22289496
OS 30.64741648 89.2261868
OS 30.64823944 89.2261868
OS 30.6490624 89.22700976
OS 30.65400016 89.22865568
OS 30.66058384 89.23112456
OS 30.6696364 89.2344164
OS 30.67951192 89.2385312
OS 30.68938744 89.24429192
OS 30.69926296 89.25005264
OS 30.70831552 89.25663632
OS 30.70913848 89.25745928
OS 30.71243032 89.25992816
OS 30.71654512 89.26404296
OS 30.72148288 89.26980368
OS 30.72642064 89.27638736
OS 30.73218136 89.28461696
OS 30.73711912 89.29284656
OS 30.74123392 89.30272208
OS 30.74205688 89.30354504
OS 30.74287984 89.30765984
OS 30.74452576 89.3125976
OS 30.74617168 89.31918128
OS 30.7478176 89.32741088
OS 30.74946352 89.3372864
OS 30.75110944 89.34716192
OS 30.75110944 89.3578604
OS 30.75110944 89.35868336
OS 30.75110944 89.36032928
OS 30.75110944 89.36362112
OS 30.75028648 89.36773592
OS 30.75028648 89.37267368
OS 30.74946352 89.3784344
OS 30.74617168 89.39160176
OS 30.74205688 89.40559208
OS 30.73465024 89.42040536
OS 30.72559768 89.43521864
OS 30.719014 89.44180232
OS 30.71243032 89.44756304
OS 30.71160736 89.44756304
OS 30.7107844 89.44920896
OS 30.70831552 89.45085488
OS 30.70502368 89.4525008
OS 30.70090888 89.45496968
OS 30.69597112 89.45743856
OS 30.6902104 89.45990744
OS 30.68280376 89.46319928
OS 30.67539712 89.46649112
OS 30.66634456 89.46896
OS 30.65646904 89.47142888
OS 30.64577056 89.47389776
OS 30.63424912 89.47636664
OS 30.62108176 89.4771896
OS 30.6079144 89.47883552
OS 30.57828784 89.47883552
OS 30.57170416 89.47801256
OS 30.56512048 89.47801256
OS 30.55689088 89.4771896
OS 30.53960872 89.47636664
OS 30.52068064 89.47389776
OS 30.50010664 89.47142888
OS 30.47870968 89.46731408
OS 30.47788672 89.46731408
OS 30.4762408 89.46649112
OS 30.47294896 89.46649112
OS 30.46883416 89.46566816
OS 30.4638964 89.46402224
OS 30.45813568 89.46237632
OS 30.45072904 89.4607304
OS 30.4433224 89.45908448
OS 30.42604024 89.45496968
OS 30.4062892 89.45003192
OS 30.3857152 89.4442712
OS 30.36349528 89.43768752
OS 30.36349528 89.58993512
OS 30.3651412 89.59075808
OS 30.369256 89.59158104
OS 30.37583968 89.59404992
OS 30.38406928 89.5965188
OS 30.39312184 89.59898768
OS 30.40382032 89.60227952
OS 30.4268632 89.60804024
OS 30.42850912 89.60804024
OS 30.43180096 89.60968616
OS 30.43838464 89.61050912
OS 30.44579128 89.61215504
OS 30.45484384 89.61462392
OS 30.46554232 89.61626984
OS 30.48776224 89.62038464
OS 30.48940816 89.62038464
OS 30.4927 89.6212076
OS 30.49928368 89.62203056
OS 30.50669032 89.62367648
OS 30.51574288 89.6253224
OS 30.52644136 89.62614536
OS 30.54866128 89.62861424
OS 30.5503072 89.62861424
OS 30.554422 89.6294372
OS 30.56018272 89.6294372
OS 30.56841232 89.63026016
OS 30.57828784 89.63026016
OS 30.58898632 89.63108312
OS 30.62684248 89.63108312
OS 30.63424912 89.63026016
OE
OB 30.17009968 89.00151872 I
OS 30.17009968 89.00069576
OS 30.17009968 88.99740392
OS 30.17009968 88.99246616
OS 30.17009968 88.98588248
OS 30.16927672 88.97765288
OS 30.16845376 88.96860032
OS 30.1676308 88.95790184
OS 30.16680784 88.9463804
OS 30.163516 88.9216916
OS 30.1594012 88.89453392
OS 30.15281752 88.86655328
OS 30.14458792 88.8393956
OS 30.14458792 88.83857264
OS 30.14376496 88.83610376
OS 30.14211904 88.83281192
OS 30.13965016 88.82787416
OS 30.13718128 88.82211344
OS 30.1347124 88.8147068
OS 30.1264828 88.7982476
OS 30.11660728 88.78014248
OS 30.10426288 88.76039144
OS 30.0894496 88.7406404
OS 30.0729904 88.72253528
OS 30.07216744 88.72171232
OS 30.07052152 88.72088936
OS 30.06805264 88.71842048
OS 30.0647608 88.71512864
OS 30.060646 88.71101384
OS 30.05488528 88.70607608
OS 30.0483016 88.70113832
OS 30.04171792 88.69620056
OS 30.02525872 88.68467912
OS 30.00633064 88.67315768
OS 29.98411072 88.66163624
OS 29.96024488 88.65176072
OS 29.95942192 88.65176072
OS 29.95695304 88.65093776
OS 29.9536612 88.64929184
OS 29.94872344 88.64846888
OS 29.94213976 88.64682296
OS 29.93473312 88.64435408
OS 29.92650352 88.64270816
OS 29.916628 88.64023928
OS 29.90592952 88.6377704
OS 29.89440808 88.63612448
OS 29.88206368 88.63447856
OS 29.86889632 88.63200968
OS 29.84091568 88.6295408
OS 29.81046616 88.62871784
OS 29.79482992 88.62871784
OS 29.78660032 88.6295408
OS 29.77754776 88.63036376
OS 29.76684928 88.63036376
OS 29.75532784 88.63200968
OS 29.73063904 88.63447856
OS 29.70430432 88.63859336
OS 29.67714664 88.64435408
OS 29.65081192 88.65176072
OS 29.64998896 88.65176072
OS 29.64752008 88.65258368
OS 29.64422824 88.6542296
OS 29.64011344 88.65587552
OS 29.63435272 88.6583444
OS 29.62776904 88.66163624
OS 29.6121328 88.66904288
OS 29.59485064 88.6789184
OS 29.57674552 88.69043984
OS 29.5586404 88.70443016
OS 29.5421812 88.7200664
OS 29.54135824 88.72088936
OS 29.54053528 88.72253528
OS 29.5380664 88.72500416
OS 29.53559752 88.728296
OS 29.53230568 88.7324108
OS 29.52819088 88.73734856
OS 29.51913832 88.75051592
OS 29.5092628 88.76615216
OS 29.49938728 88.78425728
OS 29.49033472 88.80483128
OS 29.48210512 88.82787416
OS 29.48210512 88.82869712
OS 29.48128216 88.831166
OS 29.4804592 88.83445784
OS 29.47963624 88.8393956
OS 29.47799032 88.84515632
OS 29.4763444 88.85256296
OS 29.47469848 88.86079256
OS 29.47305256 88.86984512
OS 29.47140664 88.8805436
OS 29.46976072 88.89124208
OS 29.46646888 88.91593088
OS 29.46482296 88.94308856
OS 29.464 88.97189216
OS 29.464 89.61462392
OS 29.64669712 89.61462392
OS 29.64669712 88.98259064
OS 29.64669712 88.98176768
OS 29.64669712 88.98012176
OS 29.64669712 88.97765288
OS 29.64669712 88.97436104
OS 29.64752008 88.96530848
OS 29.64752008 88.95378704
OS 29.64834304 88.93979672
OS 29.64998896 88.9258064
OS 29.65245784 88.91099312
OS 29.65492672 88.89617984
OS 29.65574968 88.89453392
OS 29.65657264 88.88959616
OS 29.65904152 88.88301248
OS 29.6615104 88.87395992
OS 29.6656252 88.8640844
OS 29.67056296 88.85338592
OS 29.67714664 88.84268744
OS 29.68455328 88.83198896
OS 29.68537624 88.831166
OS 29.68866808 88.82787416
OS 29.69278288 88.8229364
OS 29.69936656 88.81717568
OS 29.7067732 88.810592
OS 29.71582576 88.80400832
OS 29.72570128 88.7982476
OS 29.73722272 88.79248688
OS 29.73886864 88.79166392
OS 29.74298344 88.79084096
OS 29.74956712 88.78837208
OS 29.75944264 88.7859032
OS 29.77096408 88.78343432
OS 29.78413144 88.7817884
OS 29.79976768 88.78014248
OS 29.81704984 88.77931952
OS 29.82445648 88.77931952
OS 29.83268608 88.78014248
OS 29.84338456 88.78096544
OS 29.85572896 88.7817884
OS 29.86807336 88.78425728
OS 29.88124072 88.78672616
OS 29.89358512 88.790018
OS 29.89523104 88.79084096
OS 29.89852288 88.79248688
OS 29.9042836 88.79495576
OS 29.91169024 88.79907056
OS 29.91991984 88.80400832
OS 29.9289724 88.810592
OS 29.937202 88.81799864
OS 29.9454316 88.8270512
OS 29.94625456 88.82869712
OS 29.94872344 88.83198896
OS 29.95283824 88.83774968
OS 29.95695304 88.84515632
OS 29.9618908 88.85503184
OS 29.96765152 88.86573032
OS 29.97258928 88.87889768
OS 29.97670408 88.892888
OS 29.97670408 88.89371096
OS 29.97752704 88.89453392
OS 29.97752704 88.8970028
OS 29.97835 88.90029464
OS 29.97999592 88.90852424
OS 29.9824648 88.92004568
OS 29.98411072 88.934036
OS 29.98575664 88.9504952
OS 29.9865796 88.96942328
OS 29.98740256 88.98999728
OS 29.98740256 89.61462392
OS 30.17009968 89.61462392
OS 30.17009968 89.00151872
OE
SE
S P 0
OB 30.44579128 97.81163064 I
OS 30.44496832 97.78941072
OS 30.44496832 97.78447296
OS 30.44414536 97.77871224
OS 30.4433224 97.7713056
OS 30.44249944 97.76225304
OS 30.44167648 97.75237752
OS 30.4392076 97.73180352
OS 30.4392076 97.7301576
OS 30.43838464 97.72686576
OS 30.43756168 97.72110504
OS 30.43591576 97.71452136
OS 30.43426984 97.7054688
OS 30.43262392 97.69641624
OS 30.42768616 97.67501928
OS 30.42768616 97.67337336
OS 30.4268632 97.67008152
OS 30.42521728 97.6643208
OS 30.42357136 97.6560912
OS 30.42110248 97.64703864
OS 30.41781064 97.63716312
OS 30.41122696 97.61412024
OS 30.23017576 97.61412024
OS 30.23017576 97.6149432
OS 30.23182168 97.61658912
OS 30.23264464 97.62070392
OS 30.23511352 97.62481872
OS 30.2375824 97.63057944
OS 30.24005128 97.63716312
OS 30.24334312 97.64456976
OS 30.24663496 97.65279936
OS 30.25321864 97.67172744
OS 30.26062528 97.69147848
OS 30.26720896 97.7136984
OS 30.27214672 97.73509536
OS 30.27214672 97.73591832
OS 30.27296968 97.73756424
OS 30.27379264 97.74085608
OS 30.2746156 97.74497088
OS 30.27543856 97.74990864
OS 30.27626152 97.75566936
OS 30.2787304 97.76965968
OS 30.28119928 97.78529592
OS 30.28366816 97.80257808
OS 30.28449112 97.8206832
OS 30.28531408 97.83878832
OS 30.28531408 97.85030976
OS 30.28449112 97.85607048
OS 30.28366816 97.86347712
OS 30.2828452 97.87088376
OS 30.28202224 97.87911336
OS 30.2787304 97.89804144
OS 30.2746156 97.91779248
OS 30.26803192 97.93836648
OS 30.25980232 97.95729456
OS 30.25980232 97.95811752
OS 30.25897936 97.95976344
OS 30.25733344 97.96223232
OS 30.25486456 97.96552416
OS 30.2499268 97.97457672
OS 30.2416972 97.9852752
OS 30.23182168 97.99844256
OS 30.22030024 98.01160992
OS 30.20548696 98.02477728
OS 30.18985072 98.03712168
OS 30.18902776 98.03712168
OS 30.1882048 98.0387676
OS 30.18573592 98.04041352
OS 30.18162112 98.04205944
OS 30.17750632 98.04452832
OS 30.17256856 98.04782016
OS 30.16022416 98.05440384
OS 30.14458792 98.06181048
OS 30.1264828 98.07004008
OS 30.1059088 98.07662376
OS 30.08368888 98.08320744
OS 30.08286592 98.08320744
OS 30.08122 98.0840304
OS 30.07792816 98.08485336
OS 30.0729904 98.08567632
OS 30.06722968 98.08649928
OS 30.060646 98.0881452
OS 30.0524164 98.08896816
OS 30.04336384 98.09061408
OS 30.03431128 98.09226
OS 30.0236128 98.09308296
OS 30.00056992 98.09555184
OS 29.97505816 98.09719776
OS 29.94790048 98.09802072
OS 29.94707752 98.09802072
OS 29.94460864 98.09802072
OS 29.94049384 98.09802072
OS 29.93473312 98.09802072
OS 29.92732648 98.09719776
OS 29.91991984 98.09719776
OS 29.91086728 98.0963748
OS 29.90099176 98.0963748
OS 29.87877184 98.09472888
OS 29.854906 98.09143704
OS 29.83104016 98.0881452
OS 29.80717432 98.08320744
OS 29.80635136 98.08320744
OS 29.80470544 98.08238448
OS 29.8014136 98.08156152
OS 29.79647584 98.08073856
OS 29.79153808 98.07909264
OS 29.78577736 98.07662376
OS 29.77096408 98.071686
OS 29.75450488 98.06510232
OS 29.73639976 98.05687272
OS 29.7191176 98.04782016
OS 29.70183544 98.03629872
OS 29.70101248 98.03629872
OS 29.70018952 98.0346528
OS 29.6944288 98.030538
OS 29.68702216 98.02313136
OS 29.6779696 98.0140788
OS 29.66727112 98.00255736
OS 29.65657264 97.98856704
OS 29.64587416 97.97210784
OS 29.6368216 97.95482568
OS 29.6368216 97.95400272
OS 29.63599864 97.9523568
OS 29.63517568 97.94988792
OS 29.63352976 97.94577312
OS 29.63188384 97.94083536
OS 29.62941496 97.93507464
OS 29.62776904 97.92849096
OS 29.62612312 97.92108432
OS 29.62200832 97.90380216
OS 29.61789352 97.88322816
OS 29.61542464 97.86100824
OS 29.61460168 97.83631944
OS 29.61460168 97.82726688
OS 29.61542464 97.8206832
OS 29.61542464 97.8124536
OS 29.6162476 97.80340104
OS 29.61871648 97.78365
OS 29.61871648 97.78200408
OS 29.61953944 97.77871224
OS 29.6203624 97.77295152
OS 29.62200832 97.76554488
OS 29.62365424 97.75649232
OS 29.62612312 97.74743976
OS 29.63106088 97.7260428
OS 29.63106088 97.72439688
OS 29.6327068 97.72110504
OS 29.63435272 97.71534432
OS 29.6368216 97.70793768
OS 29.63929048 97.69888512
OS 29.64258232 97.6890096
OS 29.64998896 97.66761264
OS 29.65081192 97.66596672
OS 29.65163488 97.66267488
OS 29.65410376 97.65691416
OS 29.65657264 97.65033048
OS 29.65986448 97.64210088
OS 29.66397928 97.63304832
OS 29.67220888 97.61412024
OS 29.50185616 97.61412024
OS 29.50185616 97.6149432
OS 29.5010332 97.61741208
OS 29.49938728 97.62070392
OS 29.49774136 97.62481872
OS 29.49527248 97.6314024
OS 29.4928036 97.63798608
OS 29.49033472 97.64539272
OS 29.48704288 97.65444528
OS 29.4804592 97.67337336
OS 29.47469848 97.69477032
OS 29.4681148 97.71699024
OS 29.46317704 97.74003312
OS 29.46317704 97.74085608
OS 29.46235408 97.742502
OS 29.46235408 97.74579384
OS 29.46153112 97.7507316
OS 29.46070816 97.75566936
OS 29.45906224 97.76225304
OS 29.45823928 97.76965968
OS 29.45741632 97.77788928
OS 29.45494744 97.79681736
OS 29.45247856 97.81821432
OS 29.4516556 97.8412572
OS 29.45083264 97.86512304
OS 29.45083264 97.87499856
OS 29.4516556 97.8824052
OS 29.4516556 97.89145776
OS 29.45247856 97.90215624
OS 29.45330152 97.91450064
OS 29.45494744 97.927668
OS 29.45659336 97.94165832
OS 29.45823928 97.9564716
OS 29.464 97.98692112
OS 29.47140664 98.01901656
OS 29.48128216 98.05028904
OS 29.48128216 98.051112
OS 29.48292808 98.05358088
OS 29.484574 98.05769568
OS 29.48704288 98.0634564
OS 29.49033472 98.07086304
OS 29.49444952 98.07909264
OS 29.49856432 98.08732224
OS 29.50432504 98.09719776
OS 29.51666944 98.11859472
OS 29.53230568 98.1416376
OS 29.55123376 98.16468048
OS 29.57263072 98.18607744
OS 29.57345368 98.1869004
OS 29.5750996 98.18854632
OS 29.5792144 98.1910152
OS 29.5833292 98.19513
OS 29.58991288 98.20006776
OS 29.59649656 98.20500552
OS 29.60472616 98.21076624
OS 29.61460168 98.21734992
OS 29.6244772 98.2239336
OS 29.63599864 98.23051728
OS 29.64834304 98.23792392
OS 29.6615104 98.2445076
OS 29.67632368 98.25191424
OS 29.69113696 98.25849792
OS 29.7232324 98.27001936
OS 29.72405536 98.27001936
OS 29.7273472 98.27084232
OS 29.73228496 98.27248824
OS 29.73886864 98.27413416
OS 29.7479212 98.27660304
OS 29.75779672 98.27907192
OS 29.77014112 98.2815408
OS 29.78330848 98.28400968
OS 29.79812176 98.28647856
OS 29.81458096 98.28894744
OS 29.83186312 98.29141632
OS 29.84996824 98.2938852
OS 29.86971928 98.29553112
OS 29.88947032 98.29717704
OS 29.91086728 98.298
OS 29.9330872 98.298
OS 29.93473312 98.298
OS 29.93884792 98.298
OS 29.9454316 98.298
OS 29.9536612 98.29717704
OS 29.96435968 98.29717704
OS 29.97670408 98.29635408
OS 29.9906944 98.29553112
OS 30.00633064 98.2938852
OS 30.02278984 98.29223928
OS 30.040072 98.29059336
OS 30.07628224 98.28483264
OS 30.1141384 98.277426
OS 30.15034864 98.26755048
OS 30.1511716 98.26755048
OS 30.15446344 98.26590456
OS 30.1594012 98.26425864
OS 30.16598488 98.26178976
OS 30.17421448 98.25849792
OS 30.18409 98.25438312
OS 30.19478848 98.25026832
OS 30.20630992 98.2445076
OS 30.23182168 98.2321632
OS 30.25897936 98.21652696
OS 30.28613704 98.1992448
OS 30.3116488 98.1786708
OS 30.31247176 98.17784784
OS 30.31494064 98.17620192
OS 30.31823248 98.17291008
OS 30.32234728 98.16797232
OS 30.328108 98.1622116
OS 30.33469168 98.15562792
OS 30.34127536 98.14822128
OS 30.348682 98.13916872
OS 30.3569116 98.1292932
OS 30.3651412 98.11859472
OS 30.3733708 98.10707328
OS 30.3816004 98.09472888
OS 30.3980596 98.0675712
OS 30.41204992 98.03794464
OS 30.41287288 98.03712168
OS 30.41369584 98.03382984
OS 30.41534176 98.02971504
OS 30.41781064 98.02313136
OS 30.42027952 98.01572472
OS 30.4227484 98.0058492
OS 30.42604024 97.99515072
OS 30.42933208 97.98362928
OS 30.43262392 97.97046192
OS 30.43591576 97.95564864
OS 30.43838464 97.94083536
OS 30.44085352 97.92437616
OS 30.4433224 97.907094
OS 30.44496832 97.88981184
OS 30.44661424 97.85195568
OS 30.44661424 97.82150616
OS 30.44579128 97.81163064
OE
OB 29.6244772 96.97961808 I
OS 29.6244772 96.76647144
OS 29.464 96.76647144
OS 29.464 97.41167208
OS 29.6244772 97.41167208
OS 29.6244772 97.16478408
OS 30.24745792 97.16478408
OS 30.12895168 97.37957664
OS 30.27626152 97.43882976
OS 30.4392076 97.13186568
OS 30.4392076 96.97961808
OS 29.6244772 96.97961808
OE
OB 29.6244772 96.14513664 I
OS 29.6244772 95.93199
OS 29.464 95.93199
OS 29.464 96.57719064
OS 29.6244772 96.57719064
OS 29.6244772 96.33030264
OS 30.24745792 96.33030264
OS 30.12895168 96.5450952
OS 30.27626152 96.60434832
OS 30.4392076 96.29738424
OS 30.4392076 96.14513664
OS 29.6244772 96.14513664
OE
SE
S P 0
OB 30.84025328 81.24826016 I
OS 30.85095176 81.2474372
OS 30.86165024 81.24661424
OS 30.87317168 81.24579128
OS 30.8748176 81.24579128
OS 30.8789324 81.24496832
OS 30.88469312 81.24496832
OS 30.89292272 81.24414536
OS 30.90197528 81.2433224
OS 30.91267376 81.24167648
OS 30.93489368 81.2392076
OS 30.9365396 81.2392076
OS 30.9406544 81.23838464
OS 30.94641512 81.23756168
OS 30.95382176 81.23673872
OS 30.96369728 81.2350928
OS 30.9735728 81.23344688
OS 30.99496976 81.22933208
OS 30.99661568 81.22933208
OS 30.99990752 81.22850912
OS 31.00566824 81.22768616
OS 31.01225192 81.22604024
OS 31.02048152 81.22439432
OS 31.02953408 81.2227484
OS 31.0476392 81.2186336
OS 31.0476392 81.05157272
OS 31.04681624 81.05157272
OS 31.0435244 81.05321864
OS 31.03858664 81.05486456
OS 31.03200296 81.05651048
OS 31.02459632 81.05897936
OS 31.01554376 81.06144824
OS 31.00566824 81.06474008
OS 30.99496976 81.06720896
OS 30.99332384 81.06720896
OS 30.990032 81.06885488
OS 30.98427128 81.0705008
OS 30.97686464 81.07214672
OS 30.96863504 81.07379264
OS 30.95875952 81.07626152
OS 30.94806104 81.0787304
OS 30.9365396 81.08037632
OS 30.93489368 81.08037632
OS 30.93160184 81.08119928
OS 30.92584112 81.08202224
OS 30.91761152 81.08366816
OS 30.90855896 81.08531408
OS 30.89868344 81.08696
OS 30.87646352 81.08942888
OS 30.8748176 81.08942888
OS 30.87152576 81.09025184
OS 30.86576504 81.09025184
OS 30.85753544 81.0910748
OS 30.84930584 81.09189776
OS 30.83943032 81.09189776
OS 30.81885632 81.09272072
OS 30.80157416 81.09272072
OS 30.79005272 81.09189776
OS 30.77770832 81.0910748
OS 30.763718 81.08942888
OS 30.74972768 81.08696
OS 30.73656032 81.08449112
OS 30.7349144 81.08449112
OS 30.7307996 81.0828452
OS 30.72503888 81.08119928
OS 30.71763224 81.0787304
OS 30.70857968 81.07626152
OS 30.69952712 81.07214672
OS 30.69047456 81.06803192
OS 30.68224496 81.06309416
OS 30.681422 81.0622712
OS 30.67895312 81.06062528
OS 30.67483832 81.05733344
OS 30.67072352 81.0540416
OS 30.6649628 81.04910384
OS 30.66002504 81.04334312
OS 30.65508728 81.03675944
OS 30.65097248 81.0293528
OS 30.65097248 81.02852984
OS 30.64932656 81.02606096
OS 30.6485036 81.02194616
OS 30.64685768 81.01618544
OS 30.64521176 81.00960176
OS 30.64356584 81.00219512
OS 30.64274288 80.99396552
OS 30.64191992 80.98491296
OS 30.64191992 80.98326704
OS 30.64191992 80.9799752
OS 30.64274288 80.97421448
OS 30.6443888 80.96680784
OS 30.64685768 80.95857824
OS 30.65014952 80.94952568
OS 30.65508728 80.94129608
OS 30.66167096 80.93224352
OS 30.66249392 80.93142056
OS 30.66578576 80.92895168
OS 30.66990056 80.92483688
OS 30.67648424 80.91907616
OS 30.68389088 80.91331544
OS 30.69294344 80.90673176
OS 30.70364192 80.89932512
OS 30.71598632 80.89274144
OS 30.71763224 80.89191848
OS 30.72174704 80.8894496
OS 30.72915368 80.88615776
OS 30.73820624 80.88204296
OS 30.74972768 80.8771052
OS 30.76289504 80.87134448
OS 30.77688536 80.86558376
OS 30.7925216 80.85982304
OS 30.79334456 80.85982304
OS 30.79416752 80.85900008
OS 30.7966364 80.85817712
OS 30.79992824 80.85735416
OS 30.80815784 80.85406232
OS 30.81967928 80.84994752
OS 30.83284664 80.84583272
OS 30.84765992 80.840072
OS 30.86329616 80.83431128
OS 30.87975536 80.8277276
OS 30.88057832 80.8277276
OS 30.88140128 80.82690464
OS 30.88387016 80.82608168
OS 30.887162 80.82443576
OS 30.89621456 80.82114392
OS 30.907736 80.81620616
OS 30.92090336 80.81044544
OS 30.93571664 80.80386176
OS 30.95135288 80.79645512
OS 30.96698912 80.78822552
OS 30.96781208 80.78822552
OS 30.96863504 80.78740256
OS 30.97110392 80.78575664
OS 30.97439576 80.78411072
OS 30.98262536 80.77917296
OS 30.99250088 80.77341224
OS 31.00484528 80.76518264
OS 31.01718968 80.75613008
OS 31.03035704 80.7454316
OS 31.0435244 80.73391016
OS 31.04517032 80.73226424
OS 31.04928512 80.72814944
OS 31.05504584 80.72156576
OS 31.06327544 80.7125132
OS 31.07150504 80.70181472
OS 31.0805576 80.68947032
OS 31.08961016 80.67465704
OS 31.09783976 80.6590208
OS 31.09783976 80.65819784
OS 31.09866272 80.65737488
OS 31.09948568 80.654906
OS 31.1011316 80.65161416
OS 31.10277752 80.64749936
OS 31.10442344 80.64173864
OS 31.10853824 80.6302172
OS 31.11183008 80.61458096
OS 31.11512192 80.5972988
OS 31.1175908 80.57754776
OS 31.11841376 80.5561508
OS 31.11841376 80.55532784
OS 31.11841376 80.55285896
OS 31.11841376 80.54874416
OS 31.1175908 80.54298344
OS 31.1175908 80.53639976
OS 31.11676784 80.52817016
OS 31.11594488 80.5191176
OS 31.11512192 80.50924208
OS 31.11100712 80.48784512
OS 31.10606936 80.46480224
OS 31.09866272 80.4409364
OS 31.0887872 80.41789352
OS 31.0887872 80.41707056
OS 31.08714128 80.41542464
OS 31.08549536 80.4121328
OS 31.08302648 80.408018
OS 31.0805576 80.40308024
OS 31.0764428 80.39731952
OS 31.06739024 80.38415216
OS 31.0558688 80.36851592
OS 31.04187848 80.35287968
OS 31.02541928 80.33642048
OS 31.0064912 80.3216072
OS 31.00566824 80.3216072
OS 31.00402232 80.31996128
OS 31.00155344 80.31831536
OS 30.99743864 80.31502352
OS 30.99250088 80.31255464
OS 30.9859172 80.30843984
OS 30.97933352 80.30432504
OS 30.97110392 80.30021024
OS 30.96205136 80.29609544
OS 30.9529988 80.29115768
OS 30.93160184 80.28210512
OS 30.907736 80.27305256
OS 30.88140128 80.26482296
OS 30.88057832 80.26482296
OS 30.87810944 80.264
OS 30.87399464 80.26317704
OS 30.86905688 80.26235408
OS 30.86165024 80.26070816
OS 30.8542436 80.25906224
OS 30.84436808 80.25741632
OS 30.83449256 80.2557704
OS 30.82297112 80.25412448
OS 30.81062672 80.25247856
OS 30.79745936 80.25083264
OS 30.78346904 80.24918672
OS 30.75384248 80.2475408
OS 30.72257 80.24671784
OS 30.70281896 80.24671784
OS 30.69458936 80.2475408
OS 30.67566128 80.2475408
OS 30.66413984 80.24836376
OS 30.6526184 80.24918672
OS 30.6279296 80.25083264
OS 30.60159488 80.25247856
OS 30.5744372 80.2557704
OS 30.57361424 80.2557704
OS 30.57114536 80.25659336
OS 30.56785352 80.25659336
OS 30.5620928 80.25741632
OS 30.55633208 80.25823928
OS 30.54810248 80.2598852
OS 30.53987288 80.26070816
OS 30.53082032 80.26235408
OS 30.50942336 80.26646888
OS 30.48555752 80.27140664
OS 30.46004576 80.27716736
OS 30.434534 80.284574
OS 30.434534 80.46480224
OS 30.43617992 80.46397928
OS 30.44029472 80.46233336
OS 30.4468784 80.46068744
OS 30.45593096 80.4573956
OS 30.46662944 80.45410376
OS 30.47897384 80.44998896
OS 30.49131824 80.44587416
OS 30.50530856 80.44175936
OS 30.50613152 80.44175936
OS 30.50695448 80.4409364
OS 30.51189224 80.44011344
OS 30.51929888 80.43846752
OS 30.52835144 80.43599864
OS 30.53987288 80.4327068
OS 30.55221728 80.43023792
OS 30.56538464 80.42694608
OS 30.57937496 80.42365424
OS 30.58102088 80.42365424
OS 30.58595864 80.42283128
OS 30.59336528 80.42118536
OS 30.6032408 80.41953944
OS 30.61393928 80.41789352
OS 30.62710664 80.41542464
OS 30.640274 80.41377872
OS 30.65426432 80.4121328
OS 30.65591024 80.4121328
OS 30.660848 80.41130984
OS 30.66825464 80.41048688
OS 30.6773072 80.41048688
OS 30.68800568 80.40966392
OS 30.70035008 80.40884096
OS 30.7266848 80.408018
OS 30.73573736 80.408018
OS 30.74478992 80.40884096
OS 30.75713432 80.40884096
OS 30.77112464 80.40966392
OS 30.78593792 80.41130984
OS 30.8007512 80.41377872
OS 30.81474152 80.4162476
OS 30.81556448 80.4162476
OS 30.81638744 80.41707056
OS 30.82050224 80.41789352
OS 30.82708592 80.4203624
OS 30.83613848 80.42283128
OS 30.84519104 80.42612312
OS 30.85506656 80.43023792
OS 30.86494208 80.43517568
OS 30.87399464 80.4409364
OS 30.8748176 80.44175936
OS 30.87810944 80.44340528
OS 30.88222424 80.44669712
OS 30.887162 80.45163488
OS 30.89209976 80.45657264
OS 30.89786048 80.46315632
OS 30.9036212 80.47056296
OS 30.907736 80.4779696
OS 30.90855896 80.47879256
OS 30.90938192 80.4820844
OS 30.91102784 80.4861992
OS 30.91349672 80.49195992
OS 30.91514264 80.49936656
OS 30.91678856 80.50759616
OS 30.91761152 80.51664872
OS 30.91843448 80.52570128
OS 30.91843448 80.52652424
OS 30.91843448 80.5273472
OS 30.91843448 80.531462
OS 30.91761152 80.53804568
OS 30.9159656 80.54627528
OS 30.91349672 80.5561508
OS 30.90938192 80.56602632
OS 30.90444416 80.57590184
OS 30.89786048 80.5849544
OS 30.89703752 80.58577736
OS 30.89374568 80.5890692
OS 30.88963088 80.59400696
OS 30.8830472 80.59976768
OS 30.87564056 80.60635136
OS 30.866588 80.613758
OS 30.85588952 80.62034168
OS 30.84354512 80.62774832
OS 30.8418992 80.62857128
OS 30.8377844 80.63104016
OS 30.83120072 80.634332
OS 30.82214816 80.63926976
OS 30.81062672 80.64420752
OS 30.79745936 80.64996824
OS 30.78346904 80.65572896
OS 30.7678328 80.66148968
OS 30.76700984 80.66148968
OS 30.76618688 80.66231264
OS 30.763718 80.6631356
OS 30.76042616 80.66395856
OS 30.75219656 80.6672504
OS 30.74067512 80.6713652
OS 30.72750776 80.67548
OS 30.71269448 80.68124072
OS 30.69705824 80.68700144
OS 30.68059904 80.69276216
OS 30.67977608 80.69276216
OS 30.67895312 80.69358512
OS 30.67648424 80.69440808
OS 30.6731924 80.696054
OS 30.6649628 80.69934584
OS 30.65344136 80.7042836
OS 30.640274 80.71004432
OS 30.62546072 80.716628
OS 30.60982448 80.72403464
OS 30.59418824 80.73144128
OS 30.59336528 80.73144128
OS 30.59254232 80.73226424
OS 30.59007344 80.73391016
OS 30.5867816 80.73555608
OS 30.578552 80.74049384
OS 30.56867648 80.74625456
OS 30.55633208 80.75448416
OS 30.54398768 80.76353672
OS 30.53082032 80.77341224
OS 30.51765296 80.78493368
OS 30.51600704 80.7865796
OS 30.51189224 80.7906944
OS 30.50613152 80.79727808
OS 30.49872488 80.80633064
OS 30.49049528 80.81785208
OS 30.48144272 80.83019648
OS 30.47239016 80.84500976
OS 30.46416056 80.860646
OS 30.46416056 80.86146896
OS 30.4633376 80.86311488
OS 30.46251464 80.86558376
OS 30.46086872 80.8688756
OS 30.4592228 80.8729904
OS 30.45757688 80.87792816
OS 30.45428504 80.89109552
OS 30.4509932 80.90673176
OS 30.44770136 80.92483688
OS 30.44523248 80.94541088
OS 30.44440952 80.9676308
OS 30.44440952 80.96845376
OS 30.44440952 80.97009968
OS 30.44440952 80.97339152
OS 30.44440952 80.97750632
OS 30.44523248 80.98244408
OS 30.44523248 80.9882048
OS 30.4468784 81.00219512
OS 30.44934728 81.01865432
OS 30.45346208 81.03675944
OS 30.45839984 81.05651048
OS 30.46498352 81.07543856
OS 30.46498352 81.07626152
OS 30.46580648 81.07790744
OS 30.4674524 81.08037632
OS 30.46909832 81.08449112
OS 30.47074424 81.08860592
OS 30.47403608 81.09354368
OS 30.48061976 81.10588808
OS 30.48967232 81.1198784
OS 30.50119376 81.13551464
OS 30.51436112 81.15032792
OS 30.52999736 81.1651412
OS 30.53082032 81.16596416
OS 30.53246624 81.16678712
OS 30.53493512 81.169256
OS 30.53822696 81.17172488
OS 30.54234176 81.17501672
OS 30.54810248 81.17830856
OS 30.5538632 81.18242336
OS 30.56126984 81.18736112
OS 30.57772904 81.19723664
OS 30.59665712 81.20711216
OS 30.6197 81.21698768
OS 30.6443888 81.22604024
OS 30.64521176 81.22604024
OS 30.64768064 81.2268632
OS 30.65179544 81.22850912
OS 30.6567332 81.22933208
OS 30.66331688 81.23180096
OS 30.67154648 81.23344688
OS 30.681422 81.2350928
OS 30.69212048 81.23756168
OS 30.70364192 81.24003056
OS 30.71598632 81.24167648
OS 30.72997664 81.24414536
OS 30.74478992 81.24579128
OS 30.76124912 81.24661424
OS 30.77770832 81.24826016
OS 30.8130956 81.24908312
OS 30.83120072 81.24908312
OS 30.84025328 81.24826016
OE
OB 31.61877344 81.24826016 I
OS 31.62618008 81.24826016
OS 31.63440968 81.2474372
OS 31.64346224 81.24661424
OS 31.66321328 81.24414536
OS 31.68461024 81.24085352
OS 31.70683016 81.23673872
OS 31.72905008 81.23015504
OS 31.72987304 81.23015504
OS 31.73151896 81.22933208
OS 31.7348108 81.22850912
OS 31.7389256 81.2268632
OS 31.74386336 81.22521728
OS 31.74962408 81.2227484
OS 31.7636144 81.21698768
OS 31.77925064 81.20875808
OS 31.79570984 81.19970552
OS 31.81216904 81.18900704
OS 31.82862824 81.17666264
OS 31.8294512 81.17666264
OS 31.83027416 81.17501672
OS 31.83521192 81.17007896
OS 31.84261856 81.16267232
OS 31.85167112 81.15197384
OS 31.8623696 81.13962944
OS 31.87306808 81.1239932
OS 31.8829436 81.10671104
OS 31.89199616 81.08778296
OS 31.89199616 81.08696
OS 31.89281912 81.08531408
OS 31.89446504 81.08202224
OS 31.895288 81.0787304
OS 31.89775688 81.07296968
OS 31.8994028 81.06720896
OS 31.90104872 81.06062528
OS 31.9035176 81.05239568
OS 31.9076324 81.03429056
OS 31.9117472 81.01371656
OS 31.91421608 80.99067368
OS 31.91503904 80.96516192
OS 31.91503904 80.96433896
OS 31.91503904 80.96269304
OS 31.91503904 80.9594012
OS 31.91503904 80.9552864
OS 31.91421608 80.95034864
OS 31.91421608 80.94376496
OS 31.91339312 80.92977464
OS 31.91092424 80.91331544
OS 31.90845536 80.89438736
OS 31.90434056 80.87545928
OS 31.8994028 80.8565312
OS 31.8994028 80.85570824
OS 31.89857984 80.85406232
OS 31.89775688 80.85159344
OS 31.89693392 80.8483016
OS 31.895288 80.84336384
OS 31.89281912 80.83842608
OS 31.88788136 80.82608168
OS 31.88129768 80.8112684
OS 31.87389104 80.7948092
OS 31.86483848 80.77752704
OS 31.85414 80.75942192
OS 31.85414 80.75859896
OS 31.85249408 80.75695304
OS 31.85084816 80.75448416
OS 31.84920224 80.75119232
OS 31.8459104 80.74707752
OS 31.84261856 80.74213976
OS 31.833566 80.72979536
OS 31.82286752 80.71498208
OS 31.81052312 80.69934584
OS 31.7965328 80.68206368
OS 31.78089656 80.66395856
OS 31.7800736 80.6631356
OS 31.77925064 80.66148968
OS 31.77678176 80.6590208
OS 31.77348992 80.65572896
OS 31.76937512 80.65161416
OS 31.76443736 80.6466764
OS 31.75209296 80.634332
OS 31.73727968 80.61869576
OS 31.72082048 80.60223656
OS 31.7018924 80.58413144
OS 31.68214136 80.5643804
OS 31.5414152 80.43106088
OS 31.94960336 80.43106088
OS 31.94960336 80.264
OS 31.29205832 80.264
OS 31.29205832 80.39731952
OS 31.5208412 80.6261024
OS 31.52166416 80.62692536
OS 31.52331008 80.62857128
OS 31.52742488 80.63268608
OS 31.53153968 80.63680088
OS 31.5373004 80.6425616
OS 31.54306112 80.64914528
OS 31.5578744 80.66395856
OS 31.5743336 80.68124072
OS 31.59161576 80.7001688
OS 31.60807496 80.71909688
OS 31.6237112 80.737202
OS 31.62453416 80.73802496
OS 31.62535712 80.73967088
OS 31.627826 80.74213976
OS 31.63029488 80.7454316
OS 31.63770152 80.7536612
OS 31.64593112 80.76518264
OS 31.65580664 80.77835
OS 31.66568216 80.79234032
OS 31.67555768 80.80633064
OS 31.68378728 80.82032096
OS 31.68378728 80.82114392
OS 31.68461024 80.82196688
OS 31.68707912 80.82690464
OS 31.69119392 80.83348832
OS 31.69530872 80.84254088
OS 31.70024648 80.85323936
OS 31.70436128 80.8647608
OS 31.70847608 80.8771052
OS 31.71176792 80.88862664
OS 31.71176792 80.89027256
OS 31.71259088 80.89438736
OS 31.7142368 80.90014808
OS 31.71588272 80.90837768
OS 31.71670568 80.9182532
OS 31.7183516 80.92895168
OS 31.71917456 80.94047312
OS 31.71917456 80.95281752
OS 31.71917456 80.95446344
OS 31.71917456 80.95775528
OS 31.7183516 80.96269304
OS 31.7183516 80.97009968
OS 31.71670568 80.97832928
OS 31.71505976 80.98655888
OS 31.71341384 80.9964344
OS 31.710122 81.00548696
OS 31.710122 81.00630992
OS 31.70847608 81.00960176
OS 31.7060072 81.01453952
OS 31.70353832 81.02030024
OS 31.69942352 81.02688392
OS 31.69530872 81.03429056
OS 31.68378728 81.04828088
OS 31.68296432 81.04910384
OS 31.68049544 81.05157272
OS 31.6772036 81.05486456
OS 31.67226584 81.05897936
OS 31.66568216 81.06309416
OS 31.65827552 81.06803192
OS 31.64922296 81.07296968
OS 31.6401704 81.07708448
OS 31.63934744 81.07790744
OS 31.6360556 81.0787304
OS 31.63029488 81.08037632
OS 31.6237112 81.0828452
OS 31.61465864 81.08531408
OS 31.60478312 81.08696
OS 31.59408464 81.08778296
OS 31.58174024 81.08860592
OS 31.57186472 81.08860592
OS 31.56692696 81.08778296
OS 31.56116624 81.08696
OS 31.54717592 81.08531408
OS 31.53071672 81.08202224
OS 31.51343456 81.07790744
OS 31.49450648 81.07132376
OS 31.4755784 81.06309416
OS 31.47475544 81.06309416
OS 31.47310952 81.0622712
OS 31.47064064 81.06062528
OS 31.4673488 81.05897936
OS 31.463234 81.05651048
OS 31.45829624 81.05321864
OS 31.44595184 81.045812
OS 31.43196152 81.03593648
OS 31.41632528 81.025238
OS 31.39986608 81.01207064
OS 31.38340688 80.99725736
OS 31.28794352 81.1198784
OS 31.28876648 81.12070136
OS 31.2904124 81.12234728
OS 31.2945272 81.12563912
OS 31.298642 81.12975392
OS 31.30522568 81.13469168
OS 31.31180936 81.1404524
OS 31.32003896 81.14703608
OS 31.32909152 81.15361976
OS 31.33896704 81.1610264
OS 31.34966552 81.16843304
OS 31.37435432 81.18406928
OS 31.40068904 81.19970552
OS 31.42949264 81.21369584
OS 31.4303156 81.2145188
OS 31.43278448 81.21534176
OS 31.43772224 81.21698768
OS 31.44348296 81.21945656
OS 31.4508896 81.22192544
OS 31.4591192 81.22521728
OS 31.46899472 81.22850912
OS 31.48051616 81.23180096
OS 31.49286056 81.2350928
OS 31.50602792 81.23756168
OS 31.52001824 81.24085352
OS 31.53483152 81.2433224
OS 31.56692696 81.2474372
OS 31.58338616 81.24908312
OS 31.61301272 81.24908312
OS 31.61877344 81.24826016
OE
OB 29.90537072 81.23180096 I
OS 29.91689216 81.230978
OS 29.92923656 81.23015504
OS 29.94322688 81.22933208
OS 29.95804016 81.22768616
OS 29.9736764 81.22604024
OS 30.0065948 81.22110248
OS 30.0395132 81.21369584
OS 30.07160864 81.20464328
OS 30.0724316 81.20464328
OS 30.07572344 81.20299736
OS 30.07983824 81.20135144
OS 30.08559896 81.19970552
OS 30.0930056 81.19641368
OS 30.1012352 81.19312184
OS 30.11028776 81.18818408
OS 30.12016328 81.18324632
OS 30.1423832 81.17090192
OS 30.16542608 81.15608864
OS 30.18929192 81.13880648
OS 30.21068888 81.11823248
OS 30.21151184 81.11740952
OS 30.21315776 81.1157636
OS 30.2164496 81.11247176
OS 30.21974144 81.107534
OS 30.2246792 81.10259624
OS 30.22961696 81.0951896
OS 30.23620064 81.08778296
OS 30.24196136 81.0787304
OS 30.24854504 81.06803192
OS 30.25595168 81.05733344
OS 30.26253536 81.04498904
OS 30.269942 81.03182168
OS 30.27652568 81.01865432
OS 30.28310936 81.00384104
OS 30.2946308 80.9717456
OS 30.2946308 80.97092264
OS 30.29545376 80.9676308
OS 30.29709968 80.96269304
OS 30.2987456 80.95610936
OS 30.30121448 80.9470568
OS 30.30368336 80.93718128
OS 30.30615224 80.92565984
OS 30.30862112 80.91166952
OS 30.31109 80.89685624
OS 30.31355888 80.88122
OS 30.31602776 80.86393784
OS 30.31849664 80.84500976
OS 30.32014256 80.82525872
OS 30.32178848 80.80468472
OS 30.32261144 80.7824648
OS 30.32261144 80.76024488
OS 30.32261144 80.75859896
OS 30.32261144 80.75530712
OS 30.32261144 80.7495464
OS 30.32261144 80.7413168
OS 30.32178848 80.73144128
OS 30.32096552 80.71991984
OS 30.32014256 80.70675248
OS 30.3193196 80.69276216
OS 30.31767368 80.67712592
OS 30.31602776 80.66066672
OS 30.31109 80.6261024
OS 30.30368336 80.59071512
OS 30.2946308 80.55532784
OS 30.2946308 80.55450488
OS 30.29298488 80.55121304
OS 30.29133896 80.54627528
OS 30.28969304 80.5396916
OS 30.2864012 80.53228496
OS 30.2822864 80.5232324
OS 30.2781716 80.51253392
OS 30.27323384 80.50183544
OS 30.26088944 80.47714664
OS 30.24607616 80.45081192
OS 30.22797104 80.4244772
OS 30.20739704 80.39896544
OS 30.20657408 80.39814248
OS 30.20492816 80.39649656
OS 30.20163632 80.39238176
OS 30.19669856 80.38826696
OS 30.19093784 80.38250624
OS 30.18435416 80.37674552
OS 30.17612456 80.36933888
OS 30.167072 80.36193224
OS 30.15637352 80.3545256
OS 30.14485208 80.346296
OS 30.13250768 80.33724344
OS 30.11934032 80.32901384
OS 30.10535 80.32078424
OS 30.08971376 80.3133776
OS 30.07407752 80.305148
OS 30.05679536 80.29856432
OS 30.0559724 80.29856432
OS 30.05268056 80.2969184
OS 30.0477428 80.29527248
OS 30.04033616 80.2928036
OS 30.0312836 80.29033472
OS 30.02058512 80.28786584
OS 30.00824072 80.284574
OS 29.99507336 80.28128216
OS 29.97943712 80.27799032
OS 29.96297792 80.27469848
OS 29.9448728 80.2722296
OS 29.92512176 80.26976072
OS 29.90454776 80.26729184
OS 29.8831508 80.26564592
OS 29.86093088 80.26482296
OS 29.83706504 80.264
OS 29.591 80.264
OS 29.591 81.23262392
OS 29.89631816 81.23262392
OS 29.90537072 81.23180096
OE
OB 29.86586864 81.07955336 H
OS 29.77369712 81.07955336
OS 29.77369712 80.41707056
OS 29.85928496 80.41707056
OS 29.8666916 80.41789352
OS 29.87574416 80.41871648
OS 29.88644264 80.41953944
OS 29.89961 80.42118536
OS 29.91360032 80.42365424
OS 29.92923656 80.42694608
OS 29.9448728 80.43106088
OS 29.96215496 80.4368216
OS 29.97861416 80.44340528
OS 29.99589632 80.45081192
OS 30.01235552 80.45986448
OS 30.02799176 80.47056296
OS 30.04280504 80.48290736
OS 30.05679536 80.49689768
OS 30.05761832 80.49772064
OS 30.0600872 80.50101248
OS 30.06337904 80.50512728
OS 30.06749384 80.51171096
OS 30.07325456 80.52076352
OS 30.07901528 80.531462
OS 30.08559896 80.5438064
OS 30.09218264 80.55861968
OS 30.09794336 80.57507888
OS 30.10452704 80.593184
OS 30.11028776 80.613758
OS 30.11604848 80.63680088
OS 30.12016328 80.66148968
OS 30.12345512 80.6878244
OS 30.125924 80.716628
OS 30.12674696 80.74790048
OS 30.12674696 80.74872344
OS 30.12674696 80.75119232
OS 30.12674696 80.75530712
OS 30.12674696 80.76106784
OS 30.12674696 80.76847448
OS 30.125924 80.77588112
OS 30.125924 80.78493368
OS 30.12510104 80.7948092
OS 30.12345512 80.81702912
OS 30.12098624 80.840072
OS 30.1176944 80.86393784
OS 30.1135796 80.88780368
OS 30.1135796 80.88862664
OS 30.11275664 80.89027256
OS 30.11193368 80.8935644
OS 30.11111072 80.89850216
OS 30.1094648 80.90343992
OS 30.10781888 80.9100236
OS 30.10370408 80.92401392
OS 30.09794336 80.94047312
OS 30.09053672 80.95775528
OS 30.08148416 80.9758604
OS 30.07078568 80.9923196
OS 30.07078568 80.99314256
OS 30.06913976 80.99396552
OS 30.06502496 80.99972624
OS 30.05844128 81.00713288
OS 30.04938872 81.01618544
OS 30.03869024 81.02688392
OS 30.02469992 81.0375824
OS 30.00906368 81.04828088
OS 29.99095856 81.05733344
OS 29.9901356 81.05733344
OS 29.98848968 81.0581564
OS 29.9860208 81.05980232
OS 29.981906 81.06062528
OS 29.97696824 81.0622712
OS 29.97120752 81.06474008
OS 29.96462384 81.066386
OS 29.95639424 81.06885488
OS 29.94816464 81.0705008
OS 29.93828912 81.07214672
OS 29.91689216 81.07626152
OS 29.89302632 81.0787304
OS 29.86586864 81.07955336
OE
SE
S P 0
OB 30.57279128 102.12963064 I
OS 30.57196832 102.10741072
OS 30.57196832 102.10247296
OS 30.57114536 102.09671224
OS 30.5703224 102.0893056
OS 30.56949944 102.08025304
OS 30.56867648 102.07037752
OS 30.5662076 102.04980352
OS 30.5662076 102.0481576
OS 30.56538464 102.04486576
OS 30.56456168 102.03910504
OS 30.56291576 102.03252136
OS 30.56126984 102.0234688
OS 30.55962392 102.01441624
OS 30.55468616 101.99301928
OS 30.55468616 101.99137336
OS 30.5538632 101.98808152
OS 30.55221728 101.9823208
OS 30.55057136 101.9740912
OS 30.54810248 101.96503864
OS 30.54481064 101.95516312
OS 30.53822696 101.93212024
OS 30.35717576 101.93212024
OS 30.35717576 101.9329432
OS 30.35882168 101.93458912
OS 30.35964464 101.93870392
OS 30.36211352 101.94281872
OS 30.3645824 101.94857944
OS 30.36705128 101.95516312
OS 30.37034312 101.96256976
OS 30.37363496 101.97079936
OS 30.38021864 101.98972744
OS 30.38762528 102.00947848
OS 30.39420896 102.0316984
OS 30.39914672 102.05309536
OS 30.39914672 102.05391832
OS 30.39996968 102.05556424
OS 30.40079264 102.05885608
OS 30.4016156 102.06297088
OS 30.40243856 102.06790864
OS 30.40326152 102.07366936
OS 30.4057304 102.08765968
OS 30.40819928 102.10329592
OS 30.41066816 102.12057808
OS 30.41149112 102.1386832
OS 30.41231408 102.15678832
OS 30.41231408 102.16830976
OS 30.41149112 102.17407048
OS 30.41066816 102.18147712
OS 30.4098452 102.18888376
OS 30.40902224 102.19711336
OS 30.4057304 102.21604144
OS 30.4016156 102.23579248
OS 30.39503192 102.25636648
OS 30.38680232 102.27529456
OS 30.38680232 102.27611752
OS 30.38597936 102.27776344
OS 30.38433344 102.28023232
OS 30.38186456 102.28352416
OS 30.3769268 102.29257672
OS 30.3686972 102.3032752
OS 30.35882168 102.31644256
OS 30.34730024 102.32960992
OS 30.33248696 102.34277728
OS 30.31685072 102.35512168
OS 30.31602776 102.35512168
OS 30.3152048 102.3567676
OS 30.31273592 102.35841352
OS 30.30862112 102.36005944
OS 30.30450632 102.36252832
OS 30.29956856 102.36582016
OS 30.28722416 102.37240384
OS 30.27158792 102.37981048
OS 30.2534828 102.38804008
OS 30.2329088 102.39462376
OS 30.21068888 102.40120744
OS 30.20986592 102.40120744
OS 30.20822 102.4020304
OS 30.20492816 102.40285336
OS 30.1999904 102.40367632
OS 30.19422968 102.40449928
OS 30.187646 102.4061452
OS 30.1794164 102.40696816
OS 30.17036384 102.40861408
OS 30.16131128 102.41026
OS 30.1506128 102.41108296
OS 30.12756992 102.41355184
OS 30.10205816 102.41519776
OS 30.07490048 102.41602072
OS 30.07407752 102.41602072
OS 30.07160864 102.41602072
OS 30.06749384 102.41602072
OS 30.06173312 102.41602072
OS 30.05432648 102.41519776
OS 30.04691984 102.41519776
OS 30.03786728 102.4143748
OS 30.02799176 102.4143748
OS 30.00577184 102.41272888
OS 29.981906 102.40943704
OS 29.95804016 102.4061452
OS 29.93417432 102.40120744
OS 29.93335136 102.40120744
OS 29.93170544 102.40038448
OS 29.9284136 102.39956152
OS 29.92347584 102.39873856
OS 29.91853808 102.39709264
OS 29.91277736 102.39462376
OS 29.89796408 102.389686
OS 29.88150488 102.38310232
OS 29.86339976 102.37487272
OS 29.8461176 102.36582016
OS 29.82883544 102.35429872
OS 29.82801248 102.35429872
OS 29.82718952 102.3526528
OS 29.8214288 102.348538
OS 29.81402216 102.34113136
OS 29.8049696 102.3320788
OS 29.79427112 102.32055736
OS 29.78357264 102.30656704
OS 29.77287416 102.29010784
OS 29.7638216 102.27282568
OS 29.7638216 102.27200272
OS 29.76299864 102.2703568
OS 29.76217568 102.26788792
OS 29.76052976 102.26377312
OS 29.75888384 102.25883536
OS 29.75641496 102.25307464
OS 29.75476904 102.24649096
OS 29.75312312 102.23908432
OS 29.74900832 102.22180216
OS 29.74489352 102.20122816
OS 29.74242464 102.17900824
OS 29.74160168 102.15431944
OS 29.74160168 102.14526688
OS 29.74242464 102.1386832
OS 29.74242464 102.1304536
OS 29.7432476 102.12140104
OS 29.74571648 102.10165
OS 29.74571648 102.10000408
OS 29.74653944 102.09671224
OS 29.7473624 102.09095152
OS 29.74900832 102.08354488
OS 29.75065424 102.07449232
OS 29.75312312 102.06543976
OS 29.75806088 102.0440428
OS 29.75806088 102.04239688
OS 29.7597068 102.03910504
OS 29.76135272 102.03334432
OS 29.7638216 102.02593768
OS 29.76629048 102.01688512
OS 29.76958232 102.0070096
OS 29.77698896 101.98561264
OS 29.77781192 101.98396672
OS 29.77863488 101.98067488
OS 29.78110376 101.97491416
OS 29.78357264 101.96833048
OS 29.78686448 101.96010088
OS 29.79097928 101.95104832
OS 29.79920888 101.93212024
OS 29.62885616 101.93212024
OS 29.62885616 101.9329432
OS 29.6280332 101.93541208
OS 29.62638728 101.93870392
OS 29.62474136 101.94281872
OS 29.62227248 101.9494024
OS 29.6198036 101.95598608
OS 29.61733472 101.96339272
OS 29.61404288 101.97244528
OS 29.6074592 101.99137336
OS 29.60169848 102.01277032
OS 29.5951148 102.03499024
OS 29.59017704 102.05803312
OS 29.59017704 102.05885608
OS 29.58935408 102.060502
OS 29.58935408 102.06379384
OS 29.58853112 102.0687316
OS 29.58770816 102.07366936
OS 29.58606224 102.08025304
OS 29.58523928 102.08765968
OS 29.58441632 102.09588928
OS 29.58194744 102.11481736
OS 29.57947856 102.13621432
OS 29.5786556 102.1592572
OS 29.57783264 102.18312304
OS 29.57783264 102.19299856
OS 29.5786556 102.2004052
OS 29.5786556 102.20945776
OS 29.57947856 102.22015624
OS 29.58030152 102.23250064
OS 29.58194744 102.245668
OS 29.58359336 102.25965832
OS 29.58523928 102.2744716
OS 29.591 102.30492112
OS 29.59840664 102.33701656
OS 29.60828216 102.36828904
OS 29.60828216 102.369112
OS 29.60992808 102.37158088
OS 29.611574 102.37569568
OS 29.61404288 102.3814564
OS 29.61733472 102.38886304
OS 29.62144952 102.39709264
OS 29.62556432 102.40532224
OS 29.63132504 102.41519776
OS 29.64366944 102.43659472
OS 29.65930568 102.4596376
OS 29.67823376 102.48268048
OS 29.69963072 102.50407744
OS 29.70045368 102.5049004
OS 29.7020996 102.50654632
OS 29.7062144 102.5090152
OS 29.7103292 102.51313
OS 29.71691288 102.51806776
OS 29.72349656 102.52300552
OS 29.73172616 102.52876624
OS 29.74160168 102.53534992
OS 29.7514772 102.5419336
OS 29.76299864 102.54851728
OS 29.77534304 102.55592392
OS 29.7885104 102.5625076
OS 29.80332368 102.56991424
OS 29.81813696 102.57649792
OS 29.8502324 102.58801936
OS 29.85105536 102.58801936
OS 29.8543472 102.58884232
OS 29.85928496 102.59048824
OS 29.86586864 102.59213416
OS 29.8749212 102.59460304
OS 29.88479672 102.59707192
OS 29.89714112 102.5995408
OS 29.91030848 102.60200968
OS 29.92512176 102.60447856
OS 29.94158096 102.60694744
OS 29.95886312 102.60941632
OS 29.97696824 102.6118852
OS 29.99671928 102.61353112
OS 30.01647032 102.61517704
OS 30.03786728 102.616
OS 30.0600872 102.616
OS 30.06173312 102.616
OS 30.06584792 102.616
OS 30.0724316 102.616
OS 30.0806612 102.61517704
OS 30.09135968 102.61517704
OS 30.10370408 102.61435408
OS 30.1176944 102.61353112
OS 30.13333064 102.6118852
OS 30.14978984 102.61023928
OS 30.167072 102.60859336
OS 30.20328224 102.60283264
OS 30.2411384 102.595426
OS 30.27734864 102.58555048
OS 30.2781716 102.58555048
OS 30.28146344 102.58390456
OS 30.2864012 102.58225864
OS 30.29298488 102.57978976
OS 30.30121448 102.57649792
OS 30.31109 102.57238312
OS 30.32178848 102.56826832
OS 30.33330992 102.5625076
OS 30.35882168 102.5501632
OS 30.38597936 102.53452696
OS 30.41313704 102.5172448
OS 30.4386488 102.4966708
OS 30.43947176 102.49584784
OS 30.44194064 102.49420192
OS 30.44523248 102.49091008
OS 30.44934728 102.48597232
OS 30.455108 102.4802116
OS 30.46169168 102.47362792
OS 30.46827536 102.46622128
OS 30.475682 102.45716872
OS 30.4839116 102.4472932
OS 30.4921412 102.43659472
OS 30.5003708 102.42507328
OS 30.5086004 102.41272888
OS 30.5250596 102.3855712
OS 30.53904992 102.35594464
OS 30.53987288 102.35512168
OS 30.54069584 102.35182984
OS 30.54234176 102.34771504
OS 30.54481064 102.34113136
OS 30.54727952 102.33372472
OS 30.5497484 102.3238492
OS 30.55304024 102.31315072
OS 30.55633208 102.30162928
OS 30.55962392 102.28846192
OS 30.56291576 102.27364864
OS 30.56538464 102.25883536
OS 30.56785352 102.24237616
OS 30.5703224 102.225094
OS 30.57196832 102.20781184
OS 30.57361424 102.16995568
OS 30.57361424 102.13950616
OS 30.57279128 102.12963064
OE
OB 30.57526016 101.42023912 I
OS 30.57526016 101.41283248
OS 30.5744372 101.40460288
OS 30.57361424 101.39555032
OS 30.57114536 101.37579928
OS 30.56785352 101.35440232
OS 30.56373872 101.3321824
OS 30.55715504 101.30996248
OS 30.55715504 101.30913952
OS 30.55633208 101.3074936
OS 30.55550912 101.30420176
OS 30.5538632 101.30008696
OS 30.55221728 101.2951492
OS 30.5497484 101.28938848
OS 30.54398768 101.27539816
OS 30.53575808 101.25976192
OS 30.52670552 101.24330272
OS 30.51600704 101.22684352
OS 30.50366264 101.21038432
OS 30.50366264 101.20956136
OS 30.50201672 101.2087384
OS 30.49707896 101.20380064
OS 30.48967232 101.196394
OS 30.47897384 101.18734144
OS 30.46662944 101.17664296
OS 30.4509932 101.16594448
OS 30.43371104 101.15606896
OS 30.41478296 101.1470164
OS 30.41396 101.1470164
OS 30.41231408 101.14619344
OS 30.40902224 101.14454752
OS 30.4057304 101.14372456
OS 30.39996968 101.14125568
OS 30.39420896 101.13960976
OS 30.38762528 101.13796384
OS 30.37939568 101.13549496
OS 30.36129056 101.13138016
OS 30.34071656 101.12726536
OS 30.31767368 101.12479648
OS 30.29216192 101.12397352
OS 30.29133896 101.12397352
OS 30.28969304 101.12397352
OS 30.2864012 101.12397352
OS 30.2822864 101.12397352
OS 30.27734864 101.12479648
OS 30.27076496 101.12479648
OS 30.25677464 101.12561944
OS 30.24031544 101.12808832
OS 30.22138736 101.1305572
OS 30.20245928 101.134672
OS 30.1835312 101.13960976
OS 30.18270824 101.13960976
OS 30.18106232 101.14043272
OS 30.17859344 101.14125568
OS 30.1753016 101.14207864
OS 30.17036384 101.14372456
OS 30.16542608 101.14619344
OS 30.15308168 101.1511312
OS 30.1382684 101.15771488
OS 30.1218092 101.16512152
OS 30.10452704 101.17417408
OS 30.08642192 101.18487256
OS 30.08559896 101.18487256
OS 30.08395304 101.18651848
OS 30.08148416 101.1881644
OS 30.07819232 101.18981032
OS 30.07407752 101.19310216
OS 30.06913976 101.196394
OS 30.05679536 101.20544656
OS 30.04198208 101.21614504
OS 30.02634584 101.22848944
OS 30.00906368 101.24247976
OS 29.99095856 101.258116
OS 29.9901356 101.25893896
OS 29.98848968 101.25976192
OS 29.9860208 101.2622308
OS 29.98272896 101.26552264
OS 29.97861416 101.26963744
OS 29.9736764 101.2745752
OS 29.961332 101.2869196
OS 29.94569576 101.30173288
OS 29.92923656 101.31819208
OS 29.91113144 101.33712016
OS 29.8913804 101.3568712
OS 29.75806088 101.49759736
OS 29.75806088 101.0894092
OS 29.591 101.0894092
OS 29.591 101.74695424
OS 29.72431952 101.74695424
OS 29.9531024 101.51817136
OS 29.95392536 101.5173484
OS 29.95557128 101.51570248
OS 29.95968608 101.51158768
OS 29.96380088 101.50747288
OS 29.9695616 101.50171216
OS 29.97614528 101.49595144
OS 29.99095856 101.48113816
OS 30.00824072 101.46467896
OS 30.0271688 101.4473968
OS 30.04609688 101.4309376
OS 30.064202 101.41530136
OS 30.06502496 101.4144784
OS 30.06667088 101.41365544
OS 30.06913976 101.41118656
OS 30.0724316 101.40871768
OS 30.0806612 101.40131104
OS 30.09218264 101.39308144
OS 30.10535 101.38320592
OS 30.11934032 101.3733304
OS 30.13333064 101.36345488
OS 30.14732096 101.35522528
OS 30.14814392 101.35522528
OS 30.14896688 101.35440232
OS 30.15390464 101.35193344
OS 30.16048832 101.34781864
OS 30.16954088 101.34370384
OS 30.18023936 101.33876608
OS 30.1917608 101.33465128
OS 30.2041052 101.33053648
OS 30.21562664 101.32724464
OS 30.21727256 101.32724464
OS 30.22138736 101.32642168
OS 30.22714808 101.32477576
OS 30.23537768 101.32312984
OS 30.2452532 101.32230688
OS 30.25595168 101.32066096
OS 30.26747312 101.319838
OS 30.27981752 101.319838
OS 30.28146344 101.319838
OS 30.28475528 101.319838
OS 30.28969304 101.32066096
OS 30.29709968 101.32066096
OS 30.30532928 101.32230688
OS 30.31355888 101.3239528
OS 30.3234344 101.32559872
OS 30.33248696 101.32889056
OS 30.33330992 101.32889056
OS 30.33660176 101.33053648
OS 30.34153952 101.33300536
OS 30.34730024 101.33547424
OS 30.35388392 101.33958904
OS 30.36129056 101.34370384
OS 30.37528088 101.35522528
OS 30.37610384 101.35604824
OS 30.37857272 101.35851712
OS 30.38186456 101.36180896
OS 30.38597936 101.36674672
OS 30.39009416 101.3733304
OS 30.39503192 101.38073704
OS 30.39996968 101.3897896
OS 30.40408448 101.39884216
OS 30.40490744 101.39966512
OS 30.4057304 101.40295696
OS 30.40737632 101.40871768
OS 30.4098452 101.41530136
OS 30.41231408 101.42435392
OS 30.41396 101.43422944
OS 30.41478296 101.44492792
OS 30.41560592 101.45727232
OS 30.41560592 101.46714784
OS 30.41478296 101.4720856
OS 30.41396 101.47784632
OS 30.41231408 101.49183664
OS 30.40902224 101.50829584
OS 30.40490744 101.525578
OS 30.39832376 101.54450608
OS 30.39009416 101.56343416
OS 30.39009416 101.56425712
OS 30.3892712 101.56590304
OS 30.38762528 101.56837192
OS 30.38597936 101.57166376
OS 30.38351048 101.57577856
OS 30.38021864 101.58071632
OS 30.372812 101.59306072
OS 30.36293648 101.60705104
OS 30.352238 101.62268728
OS 30.33907064 101.63914648
OS 30.32425736 101.65560568
OS 30.4468784 101.75106904
OS 30.44770136 101.75024608
OS 30.44934728 101.74860016
OS 30.45263912 101.74448536
OS 30.45675392 101.74037056
OS 30.46169168 101.73378688
OS 30.4674524 101.7272032
OS 30.47403608 101.7189736
OS 30.48061976 101.70992104
OS 30.4880264 101.70004552
OS 30.49543304 101.68934704
OS 30.51106928 101.66465824
OS 30.52670552 101.63832352
OS 30.54069584 101.60951992
OS 30.5415188 101.60869696
OS 30.54234176 101.60622808
OS 30.54398768 101.60129032
OS 30.54645656 101.5955296
OS 30.54892544 101.58812296
OS 30.55221728 101.57989336
OS 30.55550912 101.57001784
OS 30.55880096 101.5584964
OS 30.5620928 101.546152
OS 30.56456168 101.53298464
OS 30.56785352 101.51899432
OS 30.5703224 101.50418104
OS 30.5744372 101.4720856
OS 30.57608312 101.4556264
OS 30.57608312 101.42599984
OS 30.57526016 101.42023912
OE
SE
S P 0
OB 30.57279128 105.81263064 I
OS 30.57196832 105.79041072
OS 30.57196832 105.78547296
OS 30.57114536 105.77971224
OS 30.5703224 105.7723056
OS 30.56949944 105.76325304
OS 30.56867648 105.75337752
OS 30.5662076 105.73280352
OS 30.5662076 105.7311576
OS 30.56538464 105.72786576
OS 30.56456168 105.72210504
OS 30.56291576 105.71552136
OS 30.56126984 105.7064688
OS 30.55962392 105.69741624
OS 30.55468616 105.67601928
OS 30.55468616 105.67437336
OS 30.5538632 105.67108152
OS 30.55221728 105.6653208
OS 30.55057136 105.6570912
OS 30.54810248 105.64803864
OS 30.54481064 105.63816312
OS 30.53822696 105.61512024
OS 30.35717576 105.61512024
OS 30.35717576 105.6159432
OS 30.35882168 105.61758912
OS 30.35964464 105.62170392
OS 30.36211352 105.62581872
OS 30.3645824 105.63157944
OS 30.36705128 105.63816312
OS 30.37034312 105.64556976
OS 30.37363496 105.65379936
OS 30.38021864 105.67272744
OS 30.38762528 105.69247848
OS 30.39420896 105.7146984
OS 30.39914672 105.73609536
OS 30.39914672 105.73691832
OS 30.39996968 105.73856424
OS 30.40079264 105.74185608
OS 30.4016156 105.74597088
OS 30.40243856 105.75090864
OS 30.40326152 105.75666936
OS 30.4057304 105.77065968
OS 30.40819928 105.78629592
OS 30.41066816 105.80357808
OS 30.41149112 105.8216832
OS 30.41231408 105.83978832
OS 30.41231408 105.85130976
OS 30.41149112 105.85707048
OS 30.41066816 105.86447712
OS 30.4098452 105.87188376
OS 30.40902224 105.88011336
OS 30.4057304 105.89904144
OS 30.4016156 105.91879248
OS 30.39503192 105.93936648
OS 30.38680232 105.95829456
OS 30.38680232 105.95911752
OS 30.38597936 105.96076344
OS 30.38433344 105.96323232
OS 30.38186456 105.96652416
OS 30.3769268 105.97557672
OS 30.3686972 105.9862752
OS 30.35882168 105.99944256
OS 30.34730024 106.01260992
OS 30.33248696 106.02577728
OS 30.31685072 106.03812168
OS 30.31602776 106.03812168
OS 30.3152048 106.0397676
OS 30.31273592 106.04141352
OS 30.30862112 106.04305944
OS 30.30450632 106.04552832
OS 30.29956856 106.04882016
OS 30.28722416 106.05540384
OS 30.27158792 106.06281048
OS 30.2534828 106.07104008
OS 30.2329088 106.07762376
OS 30.21068888 106.08420744
OS 30.20986592 106.08420744
OS 30.20822 106.0850304
OS 30.20492816 106.08585336
OS 30.1999904 106.08667632
OS 30.19422968 106.08749928
OS 30.187646 106.0891452
OS 30.1794164 106.08996816
OS 30.17036384 106.09161408
OS 30.16131128 106.09326
OS 30.1506128 106.09408296
OS 30.12756992 106.09655184
OS 30.10205816 106.09819776
OS 30.07490048 106.09902072
OS 30.07407752 106.09902072
OS 30.07160864 106.09902072
OS 30.06749384 106.09902072
OS 30.06173312 106.09902072
OS 30.05432648 106.09819776
OS 30.04691984 106.09819776
OS 30.03786728 106.0973748
OS 30.02799176 106.0973748
OS 30.00577184 106.09572888
OS 29.981906 106.09243704
OS 29.95804016 106.0891452
OS 29.93417432 106.08420744
OS 29.93335136 106.08420744
OS 29.93170544 106.08338448
OS 29.9284136 106.08256152
OS 29.92347584 106.08173856
OS 29.91853808 106.08009264
OS 29.91277736 106.07762376
OS 29.89796408 106.072686
OS 29.88150488 106.06610232
OS 29.86339976 106.05787272
OS 29.8461176 106.04882016
OS 29.82883544 106.03729872
OS 29.82801248 106.03729872
OS 29.82718952 106.0356528
OS 29.8214288 106.031538
OS 29.81402216 106.02413136
OS 29.8049696 106.0150788
OS 29.79427112 106.00355736
OS 29.78357264 105.98956704
OS 29.77287416 105.97310784
OS 29.7638216 105.95582568
OS 29.7638216 105.95500272
OS 29.76299864 105.9533568
OS 29.76217568 105.95088792
OS 29.76052976 105.94677312
OS 29.75888384 105.94183536
OS 29.75641496 105.93607464
OS 29.75476904 105.92949096
OS 29.75312312 105.92208432
OS 29.74900832 105.90480216
OS 29.74489352 105.88422816
OS 29.74242464 105.86200824
OS 29.74160168 105.83731944
OS 29.74160168 105.82826688
OS 29.74242464 105.8216832
OS 29.74242464 105.8134536
OS 29.7432476 105.80440104
OS 29.74571648 105.78465
OS 29.74571648 105.78300408
OS 29.74653944 105.77971224
OS 29.7473624 105.77395152
OS 29.74900832 105.76654488
OS 29.75065424 105.75749232
OS 29.75312312 105.74843976
OS 29.75806088 105.7270428
OS 29.75806088 105.72539688
OS 29.7597068 105.72210504
OS 29.76135272 105.71634432
OS 29.7638216 105.70893768
OS 29.76629048 105.69988512
OS 29.76958232 105.6900096
OS 29.77698896 105.66861264
OS 29.77781192 105.66696672
OS 29.77863488 105.66367488
OS 29.78110376 105.65791416
OS 29.78357264 105.65133048
OS 29.78686448 105.64310088
OS 29.79097928 105.63404832
OS 29.79920888 105.61512024
OS 29.62885616 105.61512024
OS 29.62885616 105.6159432
OS 29.6280332 105.61841208
OS 29.62638728 105.62170392
OS 29.62474136 105.62581872
OS 29.62227248 105.6324024
OS 29.6198036 105.63898608
OS 29.61733472 105.64639272
OS 29.61404288 105.65544528
OS 29.6074592 105.67437336
OS 29.60169848 105.69577032
OS 29.5951148 105.71799024
OS 29.59017704 105.74103312
OS 29.59017704 105.74185608
OS 29.58935408 105.743502
OS 29.58935408 105.74679384
OS 29.58853112 105.7517316
OS 29.58770816 105.75666936
OS 29.58606224 105.76325304
OS 29.58523928 105.77065968
OS 29.58441632 105.77888928
OS 29.58194744 105.79781736
OS 29.57947856 105.81921432
OS 29.5786556 105.8422572
OS 29.57783264 105.86612304
OS 29.57783264 105.87599856
OS 29.5786556 105.8834052
OS 29.5786556 105.89245776
OS 29.57947856 105.90315624
OS 29.58030152 105.91550064
OS 29.58194744 105.928668
OS 29.58359336 105.94265832
OS 29.58523928 105.9574716
OS 29.591 105.98792112
OS 29.59840664 106.02001656
OS 29.60828216 106.05128904
OS 29.60828216 106.052112
OS 29.60992808 106.05458088
OS 29.611574 106.05869568
OS 29.61404288 106.0644564
OS 29.61733472 106.07186304
OS 29.62144952 106.08009264
OS 29.62556432 106.08832224
OS 29.63132504 106.09819776
OS 29.64366944 106.11959472
OS 29.65930568 106.1426376
OS 29.67823376 106.16568048
OS 29.69963072 106.18707744
OS 29.70045368 106.1879004
OS 29.7020996 106.18954632
OS 29.7062144 106.1920152
OS 29.7103292 106.19613
OS 29.71691288 106.20106776
OS 29.72349656 106.20600552
OS 29.73172616 106.21176624
OS 29.74160168 106.21834992
OS 29.7514772 106.2249336
OS 29.76299864 106.23151728
OS 29.77534304 106.23892392
OS 29.7885104 106.2455076
OS 29.80332368 106.25291424
OS 29.81813696 106.25949792
OS 29.8502324 106.27101936
OS 29.85105536 106.27101936
OS 29.8543472 106.27184232
OS 29.85928496 106.27348824
OS 29.86586864 106.27513416
OS 29.8749212 106.27760304
OS 29.88479672 106.28007192
OS 29.89714112 106.2825408
OS 29.91030848 106.28500968
OS 29.92512176 106.28747856
OS 29.94158096 106.28994744
OS 29.95886312 106.29241632
OS 29.97696824 106.2948852
OS 29.99671928 106.29653112
OS 30.01647032 106.29817704
OS 30.03786728 106.299
OS 30.0600872 106.299
OS 30.06173312 106.299
OS 30.06584792 106.299
OS 30.0724316 106.299
OS 30.0806612 106.29817704
OS 30.09135968 106.29817704
OS 30.10370408 106.29735408
OS 30.1176944 106.29653112
OS 30.13333064 106.2948852
OS 30.14978984 106.29323928
OS 30.167072 106.29159336
OS 30.20328224 106.28583264
OS 30.2411384 106.278426
OS 30.27734864 106.26855048
OS 30.2781716 106.26855048
OS 30.28146344 106.26690456
OS 30.2864012 106.26525864
OS 30.29298488 106.26278976
OS 30.30121448 106.25949792
OS 30.31109 106.25538312
OS 30.32178848 106.25126832
OS 30.33330992 106.2455076
OS 30.35882168 106.2331632
OS 30.38597936 106.21752696
OS 30.41313704 106.2002448
OS 30.4386488 106.1796708
OS 30.43947176 106.17884784
OS 30.44194064 106.17720192
OS 30.44523248 106.17391008
OS 30.44934728 106.16897232
OS 30.455108 106.1632116
OS 30.46169168 106.15662792
OS 30.46827536 106.14922128
OS 30.475682 106.14016872
OS 30.4839116 106.1302932
OS 30.4921412 106.11959472
OS 30.5003708 106.10807328
OS 30.5086004 106.09572888
OS 30.5250596 106.0685712
OS 30.53904992 106.03894464
OS 30.53987288 106.03812168
OS 30.54069584 106.03482984
OS 30.54234176 106.03071504
OS 30.54481064 106.02413136
OS 30.54727952 106.01672472
OS 30.5497484 106.0068492
OS 30.55304024 105.99615072
OS 30.55633208 105.98462928
OS 30.55962392 105.97146192
OS 30.56291576 105.95664864
OS 30.56538464 105.94183536
OS 30.56785352 105.92537616
OS 30.5703224 105.908094
OS 30.57196832 105.89081184
OS 30.57361424 105.85295568
OS 30.57361424 105.82250616
OS 30.57279128 105.81263064
OE
OB 29.94816464 104.86869552 I
OS 29.94816464 104.72220864
OS 29.7885104 104.72220864
OS 29.7885104 104.86869552
OS 29.591 104.86869552
OS 29.591 105.04563192
OS 29.7885104 105.04563192
OS 29.7885104 105.496614
OS 29.94322688 105.496614
OS 30.55962392 105.1180524
OS 30.55962392 104.86869552
OS 29.94816464 104.86869552
OE
OB 30.38433344 105.04316304 H
OS 29.94816464 105.3196776
OS 29.94816464 105.04316304
OS 30.38433344 105.04316304
OE
SE
S P 0
OB 30.97925224 75.78726016 I
OS 30.98995072 75.7864372
OS 31.0006492 75.78561424
OS 31.01217064 75.78479128
OS 31.01381656 75.78479128
OS 31.01793136 75.78396832
OS 31.02369208 75.78396832
OS 31.03192168 75.78314536
OS 31.04097424 75.7823224
OS 31.05167272 75.78067648
OS 31.07389264 75.7782076
OS 31.07553856 75.7782076
OS 31.07965336 75.77738464
OS 31.08541408 75.77656168
OS 31.09282072 75.77573872
OS 31.10269624 75.7740928
OS 31.11257176 75.77244688
OS 31.13396872 75.76833208
OS 31.13561464 75.76833208
OS 31.13890648 75.76750912
OS 31.1446672 75.76668616
OS 31.15125088 75.76504024
OS 31.15948048 75.76339432
OS 31.16853304 75.7617484
OS 31.18663816 75.7576336
OS 31.18663816 75.59057272
OS 31.1858152 75.59057272
OS 31.18252336 75.59221864
OS 31.1775856 75.59386456
OS 31.17100192 75.59551048
OS 31.16359528 75.59797936
OS 31.15454272 75.60044824
OS 31.1446672 75.60374008
OS 31.13396872 75.60620896
OS 31.1323228 75.60620896
OS 31.12903096 75.60785488
OS 31.12327024 75.6095008
OS 31.1158636 75.61114672
OS 31.107634 75.61279264
OS 31.09775848 75.61526152
OS 31.08706 75.6177304
OS 31.07553856 75.61937632
OS 31.07389264 75.61937632
OS 31.0706008 75.62019928
OS 31.06484008 75.62102224
OS 31.05661048 75.62266816
OS 31.04755792 75.62431408
OS 31.0376824 75.62596
OS 31.01546248 75.62842888
OS 31.01381656 75.62842888
OS 31.01052472 75.62925184
OS 31.004764 75.62925184
OS 30.9965344 75.6300748
OS 30.9883048 75.63089776
OS 30.97842928 75.63089776
OS 30.95785528 75.63172072
OS 30.94057312 75.63172072
OS 30.92905168 75.63089776
OS 30.91670728 75.6300748
OS 30.90271696 75.62842888
OS 30.88872664 75.62596
OS 30.87555928 75.62349112
OS 30.87391336 75.62349112
OS 30.86979856 75.6218452
OS 30.86403784 75.62019928
OS 30.8566312 75.6177304
OS 30.84757864 75.61526152
OS 30.83852608 75.61114672
OS 30.82947352 75.60703192
OS 30.82124392 75.60209416
OS 30.82042096 75.6012712
OS 30.81795208 75.59962528
OS 30.81383728 75.59633344
OS 30.80972248 75.5930416
OS 30.80396176 75.58810384
OS 30.799024 75.58234312
OS 30.79408624 75.57575944
OS 30.78997144 75.5683528
OS 30.78997144 75.56752984
OS 30.78832552 75.56506096
OS 30.78750256 75.56094616
OS 30.78585664 75.55518544
OS 30.78421072 75.54860176
OS 30.7825648 75.54119512
OS 30.78174184 75.53296552
OS 30.78091888 75.52391296
OS 30.78091888 75.52226704
OS 30.78091888 75.5189752
OS 30.78174184 75.51321448
OS 30.78338776 75.50580784
OS 30.78585664 75.49757824
OS 30.78914848 75.48852568
OS 30.79408624 75.48029608
OS 30.80066992 75.47124352
OS 30.80149288 75.47042056
OS 30.80478472 75.46795168
OS 30.80889952 75.46383688
OS 30.8154832 75.45807616
OS 30.82288984 75.45231544
OS 30.8319424 75.44573176
OS 30.84264088 75.43832512
OS 30.85498528 75.43174144
OS 30.8566312 75.43091848
OS 30.860746 75.4284496
OS 30.86815264 75.42515776
OS 30.8772052 75.42104296
OS 30.88872664 75.4161052
OS 30.901894 75.41034448
OS 30.91588432 75.40458376
OS 30.93152056 75.39882304
OS 30.93234352 75.39882304
OS 30.93316648 75.39800008
OS 30.93563536 75.39717712
OS 30.9389272 75.39635416
OS 30.9471568 75.39306232
OS 30.95867824 75.38894752
OS 30.9718456 75.38483272
OS 30.98665888 75.379072
OS 31.00229512 75.37331128
OS 31.01875432 75.3667276
OS 31.01957728 75.3667276
OS 31.02040024 75.36590464
OS 31.02286912 75.36508168
OS 31.02616096 75.36343576
OS 31.03521352 75.36014392
OS 31.04673496 75.35520616
OS 31.05990232 75.34944544
OS 31.0747156 75.34286176
OS 31.09035184 75.33545512
OS 31.10598808 75.32722552
OS 31.10681104 75.32722552
OS 31.107634 75.32640256
OS 31.11010288 75.32475664
OS 31.11339472 75.32311072
OS 31.12162432 75.31817296
OS 31.13149984 75.31241224
OS 31.14384424 75.30418264
OS 31.15618864 75.29513008
OS 31.169356 75.2844316
OS 31.18252336 75.27291016
OS 31.18416928 75.27126424
OS 31.18828408 75.26714944
OS 31.1940448 75.26056576
OS 31.2022744 75.2515132
OS 31.210504 75.24081472
OS 31.21955656 75.22847032
OS 31.22860912 75.21365704
OS 31.23683872 75.1980208
OS 31.23683872 75.19719784
OS 31.23766168 75.19637488
OS 31.23848464 75.193906
OS 31.24013056 75.19061416
OS 31.24177648 75.18649936
OS 31.2434224 75.18073864
OS 31.2475372 75.1692172
OS 31.25082904 75.15358096
OS 31.25412088 75.1362988
OS 31.25658976 75.11654776
OS 31.25741272 75.0951508
OS 31.25741272 75.09432784
OS 31.25741272 75.09185896
OS 31.25741272 75.08774416
OS 31.25658976 75.08198344
OS 31.25658976 75.07539976
OS 31.2557668 75.06717016
OS 31.25494384 75.0581176
OS 31.25412088 75.04824208
OS 31.25000608 75.02684512
OS 31.24506832 75.00380224
OS 31.23766168 74.9799364
OS 31.22778616 74.95689352
OS 31.22778616 74.95607056
OS 31.22614024 74.95442464
OS 31.22449432 74.9511328
OS 31.22202544 74.947018
OS 31.21955656 74.94208024
OS 31.21544176 74.93631952
OS 31.2063892 74.92315216
OS 31.19486776 74.90751592
OS 31.18087744 74.89187968
OS 31.16441824 74.87542048
OS 31.14549016 74.8606072
OS 31.1446672 74.8606072
OS 31.14302128 74.85896128
OS 31.1405524 74.85731536
OS 31.1364376 74.85402352
OS 31.13149984 74.85155464
OS 31.12491616 74.84743984
OS 31.11833248 74.84332504
OS 31.11010288 74.83921024
OS 31.10105032 74.83509544
OS 31.09199776 74.83015768
OS 31.0706008 74.82110512
OS 31.04673496 74.81205256
OS 31.02040024 74.80382296
OS 31.01957728 74.80382296
OS 31.0171084 74.803
OS 31.0129936 74.80217704
OS 31.00805584 74.80135408
OS 31.0006492 74.79970816
OS 30.99324256 74.79806224
OS 30.98336704 74.79641632
OS 30.97349152 74.7947704
OS 30.96197008 74.79312448
OS 30.94962568 74.79147856
OS 30.93645832 74.78983264
OS 30.922468 74.78818672
OS 30.89284144 74.7865408
OS 30.86156896 74.78571784
OS 30.84181792 74.78571784
OS 30.83358832 74.7865408
OS 30.81466024 74.7865408
OS 30.8031388 74.78736376
OS 30.79161736 74.78818672
OS 30.76692856 74.78983264
OS 30.74059384 74.79147856
OS 30.71343616 74.7947704
OS 30.7126132 74.7947704
OS 30.71014432 74.79559336
OS 30.70685248 74.79559336
OS 30.70109176 74.79641632
OS 30.69533104 74.79723928
OS 30.68710144 74.7988852
OS 30.67887184 74.79970816
OS 30.66981928 74.80135408
OS 30.64842232 74.80546888
OS 30.62455648 74.81040664
OS 30.59904472 74.81616736
OS 30.57353296 74.823574
OS 30.57353296 75.00380224
OS 30.57517888 75.00297928
OS 30.57929368 75.00133336
OS 30.58587736 74.99968744
OS 30.59492992 74.9963956
OS 30.6056284 74.99310376
OS 30.6179728 74.98898896
OS 30.6303172 74.98487416
OS 30.64430752 74.98075936
OS 30.64513048 74.98075936
OS 30.64595344 74.9799364
OS 30.6508912 74.97911344
OS 30.65829784 74.97746752
OS 30.6673504 74.97499864
OS 30.67887184 74.9717068
OS 30.69121624 74.96923792
OS 30.7043836 74.96594608
OS 30.71837392 74.96265424
OS 30.72001984 74.96265424
OS 30.7249576 74.96183128
OS 30.73236424 74.96018536
OS 30.74223976 74.95853944
OS 30.75293824 74.95689352
OS 30.7661056 74.95442464
OS 30.77927296 74.95277872
OS 30.79326328 74.9511328
OS 30.7949092 74.9511328
OS 30.79984696 74.95030984
OS 30.8072536 74.94948688
OS 30.81630616 74.94948688
OS 30.82700464 74.94866392
OS 30.83934904 74.94784096
OS 30.86568376 74.947018
OS 30.87473632 74.947018
OS 30.88378888 74.94784096
OS 30.89613328 74.94784096
OS 30.9101236 74.94866392
OS 30.92493688 74.95030984
OS 30.93975016 74.95277872
OS 30.95374048 74.9552476
OS 30.95456344 74.9552476
OS 30.9553864 74.95607056
OS 30.9595012 74.95689352
OS 30.96608488 74.9593624
OS 30.97513744 74.96183128
OS 30.98419 74.96512312
OS 30.99406552 74.96923792
OS 31.00394104 74.97417568
OS 31.0129936 74.9799364
OS 31.01381656 74.98075936
OS 31.0171084 74.98240528
OS 31.0212232 74.98569712
OS 31.02616096 74.99063488
OS 31.03109872 74.99557264
OS 31.03685944 75.00215632
OS 31.04262016 75.00956296
OS 31.04673496 75.0169696
OS 31.04755792 75.01779256
OS 31.04838088 75.0210844
OS 31.0500268 75.0251992
OS 31.05249568 75.03095992
OS 31.0541416 75.03836656
OS 31.05578752 75.04659616
OS 31.05661048 75.05564872
OS 31.05743344 75.06470128
OS 31.05743344 75.06552424
OS 31.05743344 75.0663472
OS 31.05743344 75.070462
OS 31.05661048 75.07704568
OS 31.05496456 75.08527528
OS 31.05249568 75.0951508
OS 31.04838088 75.10502632
OS 31.04344312 75.11490184
OS 31.03685944 75.1239544
OS 31.03603648 75.12477736
OS 31.03274464 75.1280692
OS 31.02862984 75.13300696
OS 31.02204616 75.13876768
OS 31.01463952 75.14535136
OS 31.00558696 75.152758
OS 30.99488848 75.15934168
OS 30.98254408 75.16674832
OS 30.98089816 75.16757128
OS 30.97678336 75.17004016
OS 30.97019968 75.173332
OS 30.96114712 75.17826976
OS 30.94962568 75.18320752
OS 30.93645832 75.18896824
OS 30.922468 75.19472896
OS 30.90683176 75.20048968
OS 30.9060088 75.20048968
OS 30.90518584 75.20131264
OS 30.90271696 75.2021356
OS 30.89942512 75.20295856
OS 30.89119552 75.2062504
OS 30.87967408 75.2103652
OS 30.86650672 75.21448
OS 30.85169344 75.22024072
OS 30.8360572 75.22600144
OS 30.819598 75.23176216
OS 30.81877504 75.23176216
OS 30.81795208 75.23258512
OS 30.8154832 75.23340808
OS 30.81219136 75.235054
OS 30.80396176 75.23834584
OS 30.79244032 75.2432836
OS 30.77927296 75.24904432
OS 30.76445968 75.255628
OS 30.74882344 75.26303464
OS 30.7331872 75.27044128
OS 30.73236424 75.27044128
OS 30.73154128 75.27126424
OS 30.7290724 75.27291016
OS 30.72578056 75.27455608
OS 30.71755096 75.27949384
OS 30.70767544 75.28525456
OS 30.69533104 75.29348416
OS 30.68298664 75.30253672
OS 30.66981928 75.31241224
OS 30.65665192 75.32393368
OS 30.655006 75.3255796
OS 30.6508912 75.3296944
OS 30.64513048 75.33627808
OS 30.63772384 75.34533064
OS 30.62949424 75.35685208
OS 30.62044168 75.36919648
OS 30.61138912 75.38400976
OS 30.60315952 75.399646
OS 30.60315952 75.40046896
OS 30.60233656 75.40211488
OS 30.6015136 75.40458376
OS 30.59986768 75.4078756
OS 30.59822176 75.4119904
OS 30.59657584 75.41692816
OS 30.593284 75.43009552
OS 30.58999216 75.44573176
OS 30.58670032 75.46383688
OS 30.58423144 75.48441088
OS 30.58340848 75.5066308
OS 30.58340848 75.50745376
OS 30.58340848 75.50909968
OS 30.58340848 75.51239152
OS 30.58340848 75.51650632
OS 30.58423144 75.52144408
OS 30.58423144 75.5272048
OS 30.58587736 75.54119512
OS 30.58834624 75.55765432
OS 30.59246104 75.57575944
OS 30.5973988 75.59551048
OS 30.60398248 75.61443856
OS 30.60398248 75.61526152
OS 30.60480544 75.61690744
OS 30.60645136 75.61937632
OS 30.60809728 75.62349112
OS 30.6097432 75.62760592
OS 30.61303504 75.63254368
OS 30.61961872 75.64488808
OS 30.62867128 75.6588784
OS 30.64019272 75.67451464
OS 30.65336008 75.68932792
OS 30.66899632 75.7041412
OS 30.66981928 75.70496416
OS 30.6714652 75.70578712
OS 30.67393408 75.708256
OS 30.67722592 75.71072488
OS 30.68134072 75.71401672
OS 30.68710144 75.71730856
OS 30.69286216 75.72142336
OS 30.7002688 75.72636112
OS 30.716728 75.73623664
OS 30.73565608 75.74611216
OS 30.75869896 75.75598768
OS 30.78338776 75.76504024
OS 30.78421072 75.76504024
OS 30.7866796 75.7658632
OS 30.7907944 75.76750912
OS 30.79573216 75.76833208
OS 30.80231584 75.77080096
OS 30.81054544 75.77244688
OS 30.82042096 75.7740928
OS 30.83111944 75.77656168
OS 30.84264088 75.77903056
OS 30.85498528 75.78067648
OS 30.8689756 75.78314536
OS 30.88378888 75.78479128
OS 30.90024808 75.78561424
OS 30.91670728 75.78726016
OS 30.95209456 75.78808312
OS 30.97019968 75.78808312
OS 30.97925224 75.78726016
OE
OB 31.88039344 74.9634772 I
OS 32.09354008 74.9634772
OS 32.09354008 74.803
OS 31.44833944 74.803
OS 31.44833944 74.9634772
OS 31.69522744 74.9634772
OS 31.69522744 75.58645792
OS 31.48043488 75.46795168
OS 31.42118176 75.61526152
OS 31.72814584 75.7782076
OS 31.88039344 75.7782076
OS 31.88039344 74.9634772
OE
OB 30.04436968 75.77080096 I
OS 30.05589112 75.769978
OS 30.06823552 75.76915504
OS 30.08222584 75.76833208
OS 30.09703912 75.76668616
OS 30.11267536 75.76504024
OS 30.14559376 75.76010248
OS 30.17851216 75.75269584
OS 30.2106076 75.74364328
OS 30.21143056 75.74364328
OS 30.2147224 75.74199736
OS 30.2188372 75.74035144
OS 30.22459792 75.73870552
OS 30.23200456 75.73541368
OS 30.24023416 75.73212184
OS 30.24928672 75.72718408
OS 30.25916224 75.72224632
OS 30.28138216 75.70990192
OS 30.30442504 75.69508864
OS 30.32829088 75.67780648
OS 30.34968784 75.65723248
OS 30.3505108 75.65640952
OS 30.35215672 75.6547636
OS 30.35544856 75.65147176
OS 30.3587404 75.646534
OS 30.36367816 75.64159624
OS 30.36861592 75.6341896
OS 30.3751996 75.62678296
OS 30.38096032 75.6177304
OS 30.387544 75.60703192
OS 30.39495064 75.59633344
OS 30.40153432 75.58398904
OS 30.40894096 75.57082168
OS 30.41552464 75.55765432
OS 30.42210832 75.54284104
OS 30.43362976 75.5107456
OS 30.43362976 75.50992264
OS 30.43445272 75.5066308
OS 30.43609864 75.50169304
OS 30.43774456 75.49510936
OS 30.44021344 75.4860568
OS 30.44268232 75.47618128
OS 30.4451512 75.46465984
OS 30.44762008 75.45066952
OS 30.45008896 75.43585624
OS 30.45255784 75.42022
OS 30.45502672 75.40293784
OS 30.4574956 75.38400976
OS 30.45914152 75.36425872
OS 30.46078744 75.34368472
OS 30.4616104 75.3214648
OS 30.4616104 75.29924488
OS 30.4616104 75.29759896
OS 30.4616104 75.29430712
OS 30.4616104 75.2885464
OS 30.4616104 75.2803168
OS 30.46078744 75.27044128
OS 30.45996448 75.25891984
OS 30.45914152 75.24575248
OS 30.45831856 75.23176216
OS 30.45667264 75.21612592
OS 30.45502672 75.19966672
OS 30.45008896 75.1651024
OS 30.44268232 75.12971512
OS 30.43362976 75.09432784
OS 30.43362976 75.09350488
OS 30.43198384 75.09021304
OS 30.43033792 75.08527528
OS 30.428692 75.0786916
OS 30.42540016 75.07128496
OS 30.42128536 75.0622324
OS 30.41717056 75.05153392
OS 30.4122328 75.04083544
OS 30.3998884 75.01614664
OS 30.38507512 74.98981192
OS 30.36697 74.9634772
OS 30.346396 74.93796544
OS 30.34557304 74.93714248
OS 30.34392712 74.93549656
OS 30.34063528 74.93138176
OS 30.33569752 74.92726696
OS 30.3299368 74.92150624
OS 30.32335312 74.91574552
OS 30.31512352 74.90833888
OS 30.30607096 74.90093224
OS 30.29537248 74.8935256
OS 30.28385104 74.885296
OS 30.27150664 74.87624344
OS 30.25833928 74.86801384
OS 30.24434896 74.85978424
OS 30.22871272 74.8523776
OS 30.21307648 74.844148
OS 30.19579432 74.83756432
OS 30.19497136 74.83756432
OS 30.19167952 74.8359184
OS 30.18674176 74.83427248
OS 30.17933512 74.8318036
OS 30.17028256 74.82933472
OS 30.15958408 74.82686584
OS 30.14723968 74.823574
OS 30.13407232 74.82028216
OS 30.11843608 74.81699032
OS 30.10197688 74.81369848
OS 30.08387176 74.8112296
OS 30.06412072 74.80876072
OS 30.04354672 74.80629184
OS 30.02214976 74.80464592
OS 29.99992984 74.80382296
OS 29.976064 74.803
OS 29.72999896 74.803
OS 29.72999896 75.77162392
OS 30.03531712 75.77162392
OS 30.04436968 75.77080096
OE
OB 30.0048676 75.61855336 H
OS 29.91269608 75.61855336
OS 29.91269608 74.95607056
OS 29.99828392 74.95607056
OS 30.00569056 74.95689352
OS 30.01474312 74.95771648
OS 30.0254416 74.95853944
OS 30.03860896 74.96018536
OS 30.05259928 74.96265424
OS 30.06823552 74.96594608
OS 30.08387176 74.97006088
OS 30.10115392 74.9758216
OS 30.11761312 74.98240528
OS 30.13489528 74.98981192
OS 30.15135448 74.99886448
OS 30.16699072 75.00956296
OS 30.181804 75.02190736
OS 30.19579432 75.03589768
OS 30.19661728 75.03672064
OS 30.19908616 75.04001248
OS 30.202378 75.04412728
OS 30.2064928 75.05071096
OS 30.21225352 75.05976352
OS 30.21801424 75.070462
OS 30.22459792 75.0828064
OS 30.2311816 75.09761968
OS 30.23694232 75.11407888
OS 30.243526 75.132184
OS 30.24928672 75.152758
OS 30.25504744 75.17580088
OS 30.25916224 75.20048968
OS 30.26245408 75.2268244
OS 30.26492296 75.255628
OS 30.26574592 75.28690048
OS 30.26574592 75.28772344
OS 30.26574592 75.29019232
OS 30.26574592 75.29430712
OS 30.26574592 75.30006784
OS 30.26574592 75.30747448
OS 30.26492296 75.31488112
OS 30.26492296 75.32393368
OS 30.2641 75.3338092
OS 30.26245408 75.35602912
OS 30.2599852 75.379072
OS 30.25669336 75.40293784
OS 30.25257856 75.42680368
OS 30.25257856 75.42762664
OS 30.2517556 75.42927256
OS 30.25093264 75.4325644
OS 30.25010968 75.43750216
OS 30.24846376 75.44243992
OS 30.24681784 75.4490236
OS 30.24270304 75.46301392
OS 30.23694232 75.47947312
OS 30.22953568 75.49675528
OS 30.22048312 75.5148604
OS 30.20978464 75.5313196
OS 30.20978464 75.53214256
OS 30.20813872 75.53296552
OS 30.20402392 75.53872624
OS 30.19744024 75.54613288
OS 30.18838768 75.55518544
OS 30.1776892 75.56588392
OS 30.16369888 75.5765824
OS 30.14806264 75.58728088
OS 30.12995752 75.59633344
OS 30.12913456 75.59633344
OS 30.12748864 75.5971564
OS 30.12501976 75.59880232
OS 30.12090496 75.59962528
OS 30.1159672 75.6012712
OS 30.11020648 75.60374008
OS 30.1036228 75.605386
OS 30.0953932 75.60785488
OS 30.0871636 75.6095008
OS 30.07728808 75.61114672
OS 30.05589112 75.61526152
OS 30.03202528 75.6177304
OS 30.0048676 75.61855336
OE
SE
S P 0
OB 31.07388248 28.65380096 I
OS 31.0878728 28.652978
OS 31.10350904 28.65133208
OS 31.1207912 28.64968616
OS 31.13971928 28.64721728
OS 31.15947032 28.64392544
OS 31.18004432 28.6406336
OS 31.20061832 28.63569584
OS 31.22119232 28.62993512
OS 31.24094336 28.62335144
OS 31.25987144 28.61512184
OS 31.27797656 28.60689224
OS 31.29443576 28.59619376
OS 31.29525872 28.5953708
OS 31.2977276 28.59372488
OS 31.3018424 28.59043304
OS 31.30760312 28.58549528
OS 31.31336384 28.5789116
OS 31.32077048 28.57150496
OS 31.32817712 28.56327536
OS 31.33640672 28.55257688
OS 31.34381336 28.54105544
OS 31.35122 28.52871104
OS 31.35862664 28.51389776
OS 31.36438736 28.49826152
OS 31.37014808 28.48097936
OS 31.37426288 28.46287424
OS 31.37673176 28.4431232
OS 31.37755472 28.42172624
OS 31.37755472 28.42008032
OS 31.37755472 28.41596552
OS 31.37673176 28.40855888
OS 31.37673176 28.39950632
OS 31.37508584 28.38880784
OS 31.37343992 28.37646344
OS 31.371794 28.36411904
OS 31.36850216 28.35095168
OS 31.36850216 28.34930576
OS 31.36685624 28.34519096
OS 31.36521032 28.33860728
OS 31.36191848 28.33037768
OS 31.35862664 28.32050216
OS 31.35368888 28.30980368
OS 31.34875112 28.29828224
OS 31.34216744 28.28758376
OS 31.34134448 28.28593784
OS 31.3388756 28.282646
OS 31.33558376 28.27770824
OS 31.32982304 28.2703016
OS 31.32406232 28.26289496
OS 31.31583272 28.2538424
OS 31.30760312 28.24478984
OS 31.2977276 28.23656024
OS 31.29690464 28.23573728
OS 31.29278984 28.2332684
OS 31.28785208 28.2291536
OS 31.28044544 28.22421584
OS 31.27056992 28.21845512
OS 31.25987144 28.2126944
OS 31.24835 28.20693368
OS 31.23518264 28.20199592
OS 31.23682856 28.20199592
OS 31.24176632 28.20035
OS 31.24835 28.19870408
OS 31.25740256 28.1962352
OS 31.26810104 28.19294336
OS 31.27962248 28.18882856
OS 31.29196688 28.1838908
OS 31.30431128 28.17813008
OS 31.3059572 28.17730712
OS 31.310072 28.17483824
OS 31.31583272 28.1715464
OS 31.32406232 28.16578568
OS 31.33311488 28.159202
OS 31.34216744 28.15179536
OS 31.35204296 28.1427428
OS 31.36191848 28.13286728
OS 31.36274144 28.13122136
OS 31.36603328 28.12792952
OS 31.37014808 28.1221688
OS 31.3759088 28.1139392
OS 31.38249248 28.10488664
OS 31.38907616 28.0933652
OS 31.39565984 28.0810208
OS 31.40142056 28.06703048
OS 31.40224352 28.06538456
OS 31.40388944 28.0604468
OS 31.40635832 28.05304016
OS 31.4088272 28.04234168
OS 31.41129608 28.02999728
OS 31.41376496 28.01600696
OS 31.41541088 28.00037072
OS 31.41623384 27.98308856
OS 31.41623384 27.98144264
OS 31.41623384 27.97650488
OS 31.41541088 27.96909824
OS 31.41458792 27.95839976
OS 31.412942 27.94687832
OS 31.41129608 27.93206504
OS 31.40800424 27.9164288
OS 31.40388944 27.8999696
OS 31.39812872 27.88186448
OS 31.39154504 27.86375936
OS 31.3841384 27.84483128
OS 31.37426288 27.82672616
OS 31.36274144 27.80862104
OS 31.34957408 27.79133888
OS 31.33393784 27.77487968
OS 31.31665568 27.7600664
OS 31.31583272 27.75924344
OS 31.31171792 27.75677456
OS 31.3059572 27.75348272
OS 31.29855056 27.74854496
OS 31.28785208 27.74278424
OS 31.27550768 27.73702352
OS 31.2606944 27.72961688
OS 31.24341224 27.7230332
OS 31.22448416 27.71644952
OS 31.2030872 27.70986584
OS 31.17922136 27.70328216
OS 31.1537096 27.69752144
OS 31.12572896 27.69258368
OS 31.09527944 27.68929184
OS 31.06400696 27.68682296
OS 31.02944264 27.686
OS 30.734 27.686
OS 30.734 28.65462392
OS 31.06236104 28.65462392
OS 31.07388248 28.65380096
OE
OB 32.0178176 27.8464772 I
OS 32.23096424 27.8464772
OS 32.23096424 27.686
OS 31.5857636 27.686
OS 31.5857636 27.8464772
OS 31.8326516 27.8464772
OS 31.8326516 28.46945792
OS 31.61785904 28.35095168
OS 31.55860592 28.49826152
OS 31.86557 28.6612076
OS 32.0178176 28.6612076
OS 32.0178176 27.8464772
OE
OB 31.04096408 28.50978296 H
OS 30.9150512 28.50978296
OS 30.9150512 28.2538424
OS 31.03273448 28.2538424
OS 31.04096408 28.25466536
OS 31.0508396 28.25548832
OS 31.06236104 28.25631128
OS 31.07470544 28.25878016
OS 31.0878728 28.26124904
OS 31.09939424 28.26454088
OS 31.10104016 28.26536384
OS 31.104332 28.2661868
OS 31.11009272 28.26865568
OS 31.11749936 28.27194752
OS 31.12572896 28.27606232
OS 31.13395856 28.28100008
OS 31.14218816 28.2867608
OS 31.15041776 28.29334448
OS 31.15124072 28.29416744
OS 31.1537096 28.29663632
OS 31.15700144 28.30075112
OS 31.16111624 28.30568888
OS 31.166054 28.31227256
OS 31.17099176 28.3196792
OS 31.17510656 28.3279088
OS 31.1783984 28.33696136
OS 31.17922136 28.33778432
OS 31.18004432 28.34107616
OS 31.18169024 28.34601392
OS 31.18333616 28.3525976
OS 31.18498208 28.3608272
OS 31.18580504 28.36987976
OS 31.18745096 28.37975528
OS 31.18745096 28.3896308
OS 31.18745096 28.39127672
OS 31.18745096 28.39456856
OS 31.186628 28.39950632
OS 31.186628 28.40609
OS 31.18498208 28.41349664
OS 31.18333616 28.42172624
OS 31.18169024 28.4307788
OS 31.1783984 28.4390084
OS 31.1783984 28.43983136
OS 31.17675248 28.4431232
OS 31.1742836 28.447238
OS 31.17181472 28.45217576
OS 31.16769992 28.45793648
OS 31.16276216 28.46452016
OS 31.15617848 28.47110384
OS 31.1495948 28.47686456
OS 31.14877184 28.47768752
OS 31.14630296 28.47933344
OS 31.1413652 28.48262528
OS 31.13560448 28.48591712
OS 31.1290208 28.48920896
OS 31.11996824 28.49332376
OS 31.11009272 28.49743856
OS 31.09939424 28.5007304
OS 31.09774832 28.50155336
OS 31.09363352 28.50237632
OS 31.0878728 28.50402224
OS 31.07882024 28.50566816
OS 31.06812176 28.50731408
OS 31.0549544 28.50813704
OS 31.04096408 28.50978296
OE
OB 31.04507888 28.11476216 H
OS 30.9150512 28.11476216
OS 30.9150512 27.83495576
OS 31.04919368 27.83495576
OS 31.05742328 27.83577872
OS 31.06812176 27.83660168
OS 31.0796432 27.83742464
OS 31.09281056 27.83989352
OS 31.10597792 27.8423624
OS 31.11832232 27.84565424
OS 31.11996824 27.8464772
OS 31.12408304 27.84812312
OS 31.12984376 27.850592
OS 31.13807336 27.85388384
OS 31.14712592 27.85799864
OS 31.15617848 27.86375936
OS 31.16523104 27.86952008
OS 31.1742836 27.87610376
OS 31.17510656 27.87692672
OS 31.17757544 27.8793956
OS 31.18169024 27.8835104
OS 31.186628 27.88927112
OS 31.19238872 27.8958548
OS 31.19814944 27.9040844
OS 31.2030872 27.912314
OS 31.20802496 27.92218952
OS 31.20884792 27.92383544
OS 31.20967088 27.92712728
OS 31.2113168 27.93206504
OS 31.21378568 27.93947168
OS 31.21625456 27.94852424
OS 31.21790048 27.9575768
OS 31.21872344 27.96827528
OS 31.2195464 27.97979672
OS 31.2195464 27.98061968
OS 31.2195464 27.9822656
OS 31.2195464 27.98555744
OS 31.21872344 27.9904952
OS 31.21790048 27.99543296
OS 31.21707752 28.00201664
OS 31.21378568 28.01600696
OS 31.20802496 28.0316432
OS 31.20391016 28.0398728
OS 31.19979536 28.0481024
OS 31.19403464 28.056332
OS 31.18745096 28.0645616
OS 31.18004432 28.07196824
OS 31.17181472 28.07855192
OS 31.17099176 28.07937488
OS 31.16934584 28.08019784
OS 31.16687696 28.08184376
OS 31.16276216 28.08431264
OS 31.1578244 28.08678152
OS 31.15206368 28.09007336
OS 31.14465704 28.0933652
OS 31.13642744 28.09665704
OS 31.12655192 28.09994888
OS 31.11585344 28.10324072
OS 31.104332 28.10653256
OS 31.09116464 28.10900144
OS 31.07717432 28.11147032
OS 31.06153808 28.11311624
OS 31.04507888 28.11476216
OE
SE
S P 0
OB 32.17223944 108.40980096 I
OS 32.18211496 108.40980096
OS 32.19281344 108.408978
OS 32.20433488 108.40815504
OS 32.21667928 108.40733208
OS 32.22984664 108.40568616
OS 32.25782728 108.40157136
OS 32.28663088 108.3966336
OS 32.31461152 108.39004992
OS 32.31543448 108.39004992
OS 32.31790336 108.38922696
OS 32.32201816 108.38758104
OS 32.32695592 108.38593512
OS 32.33271664 108.3842892
OS 32.34012328 108.38182032
OS 32.34835288 108.37852848
OS 32.35658248 108.37523664
OS 32.37633352 108.36618408
OS 32.39608456 108.35630856
OS 32.41665856 108.34396416
OS 32.43558664 108.32997384
OS 32.4364096 108.32915088
OS 32.43805552 108.32832792
OS 32.4405244 108.32585904
OS 32.44381624 108.3225672
OS 32.4528688 108.3143376
OS 32.46356728 108.30281616
OS 32.47591168 108.28882584
OS 32.48825608 108.27236664
OS 32.49977752 108.25343856
OS 32.510476 108.23286456
OS 32.510476 108.2320416
OS 32.51129896 108.23039568
OS 32.51294488 108.22710384
OS 32.5145908 108.22298904
OS 32.51623672 108.21722832
OS 32.5187056 108.21064464
OS 32.52117448 108.203238
OS 32.52364336 108.1950084
OS 32.52611224 108.18595584
OS 32.52858112 108.17608032
OS 32.53269592 108.1538604
OS 32.53598776 108.1291716
OS 32.53681072 108.10201392
OS 32.53681072 108.10119096
OS 32.53681072 108.09872208
OS 32.53681072 108.09460728
OS 32.53681072 108.08884656
OS 32.53598776 108.08226288
OS 32.5351648 108.07485624
OS 32.53434184 108.06580368
OS 32.53351888 108.05592816
OS 32.53022704 108.0345312
OS 32.52611224 108.01148832
OS 32.51952856 107.98679952
OS 32.51129896 107.96211072
OS 32.51129896 107.96128776
OS 32.510476 107.95964184
OS 32.50883008 107.95552704
OS 32.5063612 107.95141224
OS 32.50389232 107.94565152
OS 32.50060048 107.93906784
OS 32.49237088 107.92425456
OS 32.4816724 107.9069724
OS 32.46850504 107.88804432
OS 32.4528688 107.86911624
OS 32.43558664 107.85101112
OS 32.43476368 107.85018816
OS 32.43311776 107.8493652
OS 32.43064888 107.84689632
OS 32.42653408 107.84360448
OS 32.42159632 107.83948968
OS 32.4158356 107.83537488
OS 32.40925192 107.83043712
OS 32.40184528 107.8246764
OS 32.39279272 107.81891568
OS 32.38374016 107.81315496
OS 32.3623432 107.80081056
OS 32.33847736 107.78928912
OS 32.31214264 107.77859064
OS 32.31131968 107.77859064
OS 32.3088508 107.77776768
OS 32.304736 107.77612176
OS 32.29897528 107.77447584
OS 32.2923916 107.77282992
OS 32.28333904 107.77036104
OS 32.27346352 107.76789216
OS 32.26276504 107.76624624
OS 32.25042064 107.76377736
OS 32.23725328 107.76130848
OS 32.22326296 107.7588396
OS 32.20844968 107.75719368
OS 32.19281344 107.75554776
OS 32.17553128 107.75390184
OS 32.140144 107.75307888
OS 32.04797248 107.75307888
OS 32.04797248 107.442
OS 31.8644524 107.442
OS 31.8644524 108.41062392
OS 32.16400984 108.41062392
OS 32.17223944 108.40980096
OE
OB 32.99849128 108.42626016 I
OS 33.00672088 108.42626016
OS 33.01577344 108.4254372
OS 33.02564896 108.42461424
OS 33.04704592 108.42296832
OS 33.07091176 108.41967648
OS 33.0947776 108.41556168
OS 33.11782048 108.40980096
OS 33.11864344 108.40980096
OS 33.12028936 108.408978
OS 33.1235812 108.40815504
OS 33.127696 108.40650912
OS 33.13263376 108.4048632
OS 33.13921744 108.40239432
OS 33.15320776 108.39745656
OS 33.168844 108.39004992
OS 33.18612616 108.38182032
OS 33.20258536 108.3719448
OS 33.21904456 108.36124632
OS 33.21986752 108.36124632
OS 33.22069048 108.3596004
OS 33.22562824 108.3554856
OS 33.23303488 108.34890192
OS 33.24208744 108.33984936
OS 33.25196296 108.32915088
OS 33.26266144 108.31598352
OS 33.27253696 108.30117024
OS 33.28076656 108.28471104
OS 33.28076656 108.28388808
OS 33.28158952 108.28306512
OS 33.28241248 108.28059624
OS 33.2840584 108.27648144
OS 33.28570432 108.27236664
OS 33.28735024 108.26742888
OS 33.29146504 108.25508448
OS 33.29557984 108.2402712
OS 33.29887168 108.22298904
OS 33.30134056 108.20406096
OS 33.30216352 108.18348696
OS 33.30216352 108.182664
OS 33.30216352 108.17937216
OS 33.30216352 108.17525736
OS 33.30134056 108.16867368
OS 33.30134056 108.16126704
OS 33.29969464 108.15303744
OS 33.29887168 108.14316192
OS 33.29722576 108.13246344
OS 33.292288 108.11024352
OS 33.28488136 108.08637768
OS 33.2799436 108.07485624
OS 33.27500584 108.06251184
OS 33.26842216 108.05181336
OS 33.26101552 108.04111488
OS 33.26019256 108.04029192
OS 33.2593696 108.038646
OS 33.25690072 108.03617712
OS 33.25360888 108.03206232
OS 33.24949408 108.02794752
OS 33.24455632 108.0221868
OS 33.2387956 108.01642608
OS 33.23221192 108.01066536
OS 33.22398232 108.00325872
OS 33.21575272 107.99667504
OS 33.20670016 107.99009136
OS 33.19682464 107.98268472
OS 33.17378176 107.96951736
OS 33.14827 107.95717296
OS 33.15073888 107.95717296
OS 33.15320776 107.95635
OS 33.1564996 107.95552704
OS 33.1647292 107.95388112
OS 33.17625064 107.95141224
OS 33.189418 107.9481204
OS 33.20423128 107.94318264
OS 33.2182216 107.93824488
OS 33.23303488 107.9316612
OS 33.23385784 107.9316612
OS 33.2346808 107.93083824
OS 33.23961856 107.92836936
OS 33.24620224 107.92425456
OS 33.2552548 107.9193168
OS 33.26513032 107.91191016
OS 33.2758288 107.90450352
OS 33.28652728 107.89545096
OS 33.29722576 107.88475248
OS 33.29804872 107.88310656
OS 33.30134056 107.87981472
OS 33.30627832 107.874054
OS 33.312862 107.8658244
OS 33.31944568 107.85677184
OS 33.32602936 107.8452504
OS 33.333436 107.832906
OS 33.33919672 107.81973864
OS 33.34001968 107.81809272
OS 33.3416656 107.81315496
OS 33.34413448 107.80574832
OS 33.34660336 107.7958728
OS 33.34907224 107.7835284
OS 33.35154112 107.76953808
OS 33.35318704 107.75390184
OS 33.35401 107.73744264
OS 33.35401 107.73661968
OS 33.35401 107.7341508
OS 33.35401 107.73085896
OS 33.35401 107.72509824
OS 33.35318704 107.71933752
OS 33.35236408 107.71193088
OS 33.35154112 107.70370128
OS 33.35071816 107.69464872
OS 33.34742632 107.67407472
OS 33.34248856 107.65267776
OS 33.33590488 107.63045784
OS 33.32685232 107.60823792
OS 33.32685232 107.60741496
OS 33.32602936 107.60576904
OS 33.32438344 107.6024772
OS 33.32191456 107.5983624
OS 33.31944568 107.59342464
OS 33.31533088 107.58766392
OS 33.30710128 107.57449656
OS 33.29557984 107.55886032
OS 33.28158952 107.54240112
OS 33.26513032 107.52594192
OS 33.24537928 107.51030568
OS 33.24455632 107.50948272
OS 33.2429104 107.50865976
OS 33.23961856 107.50619088
OS 33.23550376 107.503722
OS 33.22974304 107.50043016
OS 33.22315936 107.49631536
OS 33.21575272 107.49220056
OS 33.20752312 107.4872628
OS 33.1976476 107.48232504
OS 33.18694912 107.47738728
OS 33.17542768 107.47244952
OS 33.16308328 107.46751176
OS 33.15073888 107.462574
OS 33.13674856 107.45763624
OS 33.10629904 107.44858368
OS 33.10547608 107.44858368
OS 33.10218424 107.44776072
OS 33.09806944 107.44693776
OS 33.09148576 107.44529184
OS 33.08325616 107.44364592
OS 33.07338064 107.442
OS 33.06268216 107.43953112
OS 33.05033776 107.4378852
OS 33.03634744 107.43623928
OS 33.02153416 107.4337704
OS 33.00507496 107.43212448
OS 32.9877928 107.43047856
OS 32.96886472 107.42883264
OS 32.94993664 107.42800968
OS 32.92936264 107.42718672
OS 32.8931524 107.42718672
OS 32.8849228 107.42800968
OS 32.87587024 107.42800968
OS 32.8561192 107.42883264
OS 32.85118144 107.42883264
OS 32.84624368 107.4296556
OS 32.83060744 107.4296556
OS 32.82073192 107.43047856
OS 32.80098088 107.43212448
OS 32.79604312 107.43212448
OS 32.79110536 107.43294744
OS 32.78452168 107.43294744
OS 32.77629208 107.4337704
OS 32.76723952 107.43459336
OS 32.74748848 107.43623928
OS 32.74666552 107.43623928
OS 32.74337368 107.43706224
OS 32.73843592 107.43706224
OS 32.73185224 107.4378852
OS 32.72526856 107.43870816
OS 32.71703896 107.43953112
OS 32.70140272 107.442
OS 32.70140272 107.59918536
OS 32.7038716 107.59918536
OS 32.70634048 107.5983624
OS 32.70963232 107.59753944
OS 32.71374712 107.59671648
OS 32.71868488 107.59589352
OS 32.73185224 107.5942476
OS 32.74748848 107.59177872
OS 32.76477064 107.58930984
OS 32.78452168 107.58684096
OS 32.80591864 107.58437208
OS 32.80838752 107.58437208
OS 32.81167936 107.58354912
OS 32.82155488 107.58354912
OS 32.82813856 107.58272616
OS 32.83472224 107.58272616
OS 32.84295184 107.5819032
OS 32.86105696 107.58108024
OS 32.88163096 107.58025728
OS 32.90385088 107.57943432
OS 32.94253 107.57943432
OS 32.94911368 107.58025728
OS 32.963104 107.58108024
OS 32.9795632 107.5819032
OS 32.99766832 107.58354912
OS 33.01577344 107.586018
OS 33.0330556 107.58930984
OS 33.03387856 107.58930984
OS 33.03470152 107.5901328
OS 33.0371704 107.5901328
OS 33.04046224 107.59095576
OS 33.04869184 107.59342464
OS 33.05856736 107.59671648
OS 33.0700888 107.60165424
OS 33.0824332 107.606592
OS 33.0947776 107.61235272
OS 33.10629904 107.6189364
OS 33.10794496 107.61975936
OS 33.1112368 107.62222824
OS 33.11617456 107.62634304
OS 33.12275824 107.63210376
OS 33.12934192 107.6395104
OS 33.13674856 107.64774
OS 33.14333224 107.65679256
OS 33.14909296 107.66749104
OS 33.14991592 107.66913696
OS 33.15156184 107.6724288
OS 33.15320776 107.67818952
OS 33.1564996 107.68641912
OS 33.15896848 107.69629464
OS 33.1606144 107.70699312
OS 33.16226032 107.71933752
OS 33.16308328 107.73250488
OS 33.16308328 107.7341508
OS 33.16308328 107.7382656
OS 33.16226032 107.74402632
OS 33.16143736 107.75143296
OS 33.15979144 107.76048552
OS 33.1564996 107.77036104
OS 33.15320776 107.78023656
OS 33.14827 107.79011208
OS 33.14744704 107.79093504
OS 33.14580112 107.79422688
OS 33.14250928 107.79916464
OS 33.13757152 107.80574832
OS 33.1318108 107.812332
OS 33.12440416 107.81973864
OS 33.1153516 107.82714528
OS 33.10547608 107.83455192
OS 33.10383016 107.83537488
OS 33.10053832 107.83784376
OS 33.09395464 107.8411356
OS 33.08572504 107.8452504
OS 33.07502656 107.8493652
OS 33.0618592 107.85430296
OS 33.04786888 107.85841776
OS 33.03140968 107.86253256
OS 33.03058672 107.86253256
OS 33.02976376 107.86335552
OS 33.02729488 107.86335552
OS 33.02318008 107.86417848
OS 33.01906528 107.86500144
OS 33.01412752 107.8658244
OS 33.00178312 107.86829328
OS 32.98614688 107.8699392
OS 32.96804176 107.87158512
OS 32.94746776 107.87240808
OS 32.92524784 107.87323104
OS 32.81826304 107.87323104
OS 32.81826304 108.01148832
OS 32.93100856 108.01148832
OS 32.93676928 108.01231128
OS 32.94993664 108.01313424
OS 32.96474992 108.0139572
OS 32.98120912 108.01642608
OS 32.99684536 108.01889496
OS 33.01165864 108.0221868
OS 33.0124816 108.0221868
OS 33.01330456 108.02300976
OS 33.01824232 108.02465568
OS 33.024826 108.02712456
OS 33.03387856 108.0304164
OS 33.04375408 108.0345312
OS 33.0536296 108.04029192
OS 33.06350512 108.04605264
OS 33.07255768 108.05263632
OS 33.07338064 108.05345928
OS 33.07667248 108.05592816
OS 33.08078728 108.06004296
OS 33.08572504 108.06580368
OS 33.0906628 108.07238736
OS 33.09642352 108.08061696
OS 33.10136128 108.08884656
OS 33.10547608 108.09872208
OS 33.10629904 108.09954504
OS 33.107122 108.10365984
OS 33.10876792 108.1085976
OS 33.11041384 108.11518128
OS 33.11205976 108.12341088
OS 33.11370568 108.1332864
OS 33.1153516 108.14316192
OS 33.1153516 108.1538604
OS 33.1153516 108.15468336
OS 33.1153516 108.15632928
OS 33.1153516 108.15962112
OS 33.11452864 108.16373592
OS 33.11452864 108.16867368
OS 33.11370568 108.1744344
OS 33.11041384 108.18760176
OS 33.10629904 108.20159208
OS 33.0988924 108.21640536
OS 33.08983984 108.23121864
OS 33.08325616 108.23780232
OS 33.07667248 108.24356304
OS 33.07584952 108.24356304
OS 33.07502656 108.24520896
OS 33.07255768 108.24685488
OS 33.06926584 108.2485008
OS 33.06515104 108.25096968
OS 33.06021328 108.25343856
OS 33.05445256 108.25590744
OS 33.04704592 108.25919928
OS 33.03963928 108.26249112
OS 33.03058672 108.26496
OS 33.0207112 108.26742888
OS 33.01001272 108.26989776
OS 32.99849128 108.27236664
OS 32.98532392 108.2731896
OS 32.97215656 108.27483552
OS 32.94253 108.27483552
OS 32.93594632 108.27401256
OS 32.92936264 108.27401256
OS 32.92113304 108.2731896
OS 32.90385088 108.27236664
OS 32.8849228 108.26989776
OS 32.8643488 108.26742888
OS 32.84295184 108.26331408
OS 32.84212888 108.26331408
OS 32.84048296 108.26249112
OS 32.83719112 108.26249112
OS 32.83307632 108.26166816
OS 32.82813856 108.26002224
OS 32.82237784 108.25837632
OS 32.8149712 108.2567304
OS 32.80756456 108.25508448
OS 32.7902824 108.25096968
OS 32.77053136 108.24603192
OS 32.74995736 108.2402712
OS 32.72773744 108.23368752
OS 32.72773744 108.38593512
OS 32.72938336 108.38675808
OS 32.73349816 108.38758104
OS 32.74008184 108.39004992
OS 32.74831144 108.3925188
OS 32.757364 108.39498768
OS 32.76806248 108.39827952
OS 32.79110536 108.40404024
OS 32.79275128 108.40404024
OS 32.79604312 108.40568616
OS 32.8026268 108.40650912
OS 32.81003344 108.40815504
OS 32.819086 108.41062392
OS 32.82978448 108.41226984
OS 32.8520044 108.41638464
OS 32.85365032 108.41638464
OS 32.85694216 108.4172076
OS 32.86352584 108.41803056
OS 32.87093248 108.41967648
OS 32.87998504 108.4213224
OS 32.89068352 108.42214536
OS 32.91290344 108.42461424
OS 32.91454936 108.42461424
OS 32.91866416 108.4254372
OS 32.92442488 108.4254372
OS 32.93265448 108.42626016
OS 32.94253 108.42626016
OS 32.95322848 108.42708312
OS 32.99108464 108.42708312
OS 32.99849128 108.42626016
OE
OB 31.70644408 108.25837632 I
OS 31.440628 108.25837632
OS 31.440628 107.442
OS 31.25381608 107.442
OS 31.25381608 108.25837632
OS 30.988 108.25837632
OS 30.988 108.41062392
OS 31.70644408 108.41062392
OS 31.70644408 108.25837632
OE
OB 32.14343584 108.25919928 H
OS 32.04797248 108.25919928
OS 32.04797248 107.90450352
OS 32.15742616 107.90450352
OS 32.16647872 107.90532648
OS 32.17800016 107.90614944
OS 32.19034456 107.90779536
OS 32.20515784 107.90944128
OS 32.21914816 107.91273312
OS 32.23313848 107.91684792
OS 32.23396144 107.91684792
OS 32.2347844 107.91767088
OS 32.2388992 107.9193168
OS 32.24630584 107.92260864
OS 32.25453544 107.92672344
OS 32.263588 107.9316612
OS 32.27428648 107.93824488
OS 32.284162 107.94565152
OS 32.29403752 107.95388112
OS 32.29486048 107.95470408
OS 32.29815232 107.95799592
OS 32.30309008 107.96375664
OS 32.3088508 107.97034032
OS 32.31461152 107.97939288
OS 32.3211952 107.9892684
OS 32.32695592 107.99996688
OS 32.33271664 108.01231128
OS 32.3335396 108.0139572
OS 32.33518552 108.018072
OS 32.33683144 108.02547864
OS 32.33930032 108.0345312
OS 32.3417692 108.04605264
OS 32.34423808 108.05922
OS 32.34506104 108.07321032
OS 32.345884 108.08884656
OS 32.345884 108.08966952
OS 32.345884 108.09049248
OS 32.345884 108.09543024
OS 32.34506104 108.10283688
OS 32.34423808 108.11188944
OS 32.34259216 108.12258792
OS 32.34094624 108.13493232
OS 32.3376544 108.14645376
OS 32.3335396 108.15879816
OS 32.33271664 108.16044408
OS 32.33107072 108.16455888
OS 32.32860184 108.1703196
OS 32.32448704 108.17772624
OS 32.31872632 108.18595584
OS 32.31214264 108.1950084
OS 32.304736 108.20406096
OS 32.29568344 108.21311352
OS 32.29486048 108.21393648
OS 32.29156864 108.21640536
OS 32.28580792 108.22052016
OS 32.27840128 108.22545792
OS 32.26934872 108.23121864
OS 32.25865024 108.23697936
OS 32.2471288 108.24191712
OS 32.23313848 108.24685488
OS 32.23231552 108.24685488
OS 32.23149256 108.24767784
OS 32.2265548 108.2485008
OS 32.2183252 108.25096968
OS 32.20762672 108.25343856
OS 32.19445936 108.25508448
OS 32.17964608 108.25755336
OS 32.16236392 108.25837632
OS 32.14343584 108.25919928
OE
SE
S P 0
OB 32.17223944 111.20380096 I
OS 32.18211496 111.20380096
OS 32.19281344 111.202978
OS 32.20433488 111.20215504
OS 32.21667928 111.20133208
OS 32.22984664 111.19968616
OS 32.25782728 111.19557136
OS 32.28663088 111.1906336
OS 32.31461152 111.18404992
OS 32.31543448 111.18404992
OS 32.31790336 111.18322696
OS 32.32201816 111.18158104
OS 32.32695592 111.17993512
OS 32.33271664 111.1782892
OS 32.34012328 111.17582032
OS 32.34835288 111.17252848
OS 32.35658248 111.16923664
OS 32.37633352 111.16018408
OS 32.39608456 111.15030856
OS 32.41665856 111.13796416
OS 32.43558664 111.12397384
OS 32.4364096 111.12315088
OS 32.43805552 111.12232792
OS 32.4405244 111.11985904
OS 32.44381624 111.1165672
OS 32.4528688 111.1083376
OS 32.46356728 111.09681616
OS 32.47591168 111.08282584
OS 32.48825608 111.06636664
OS 32.49977752 111.04743856
OS 32.510476 111.02686456
OS 32.510476 111.0260416
OS 32.51129896 111.02439568
OS 32.51294488 111.02110384
OS 32.5145908 111.01698904
OS 32.51623672 111.01122832
OS 32.5187056 111.00464464
OS 32.52117448 110.997238
OS 32.52364336 110.9890084
OS 32.52611224 110.97995584
OS 32.52858112 110.97008032
OS 32.53269592 110.9478604
OS 32.53598776 110.9231716
OS 32.53681072 110.89601392
OS 32.53681072 110.89519096
OS 32.53681072 110.89272208
OS 32.53681072 110.88860728
OS 32.53681072 110.88284656
OS 32.53598776 110.87626288
OS 32.5351648 110.86885624
OS 32.53434184 110.85980368
OS 32.53351888 110.84992816
OS 32.53022704 110.8285312
OS 32.52611224 110.80548832
OS 32.51952856 110.78079952
OS 32.51129896 110.75611072
OS 32.51129896 110.75528776
OS 32.510476 110.75364184
OS 32.50883008 110.74952704
OS 32.5063612 110.74541224
OS 32.50389232 110.73965152
OS 32.50060048 110.73306784
OS 32.49237088 110.71825456
OS 32.4816724 110.7009724
OS 32.46850504 110.68204432
OS 32.4528688 110.66311624
OS 32.43558664 110.64501112
OS 32.43476368 110.64418816
OS 32.43311776 110.6433652
OS 32.43064888 110.64089632
OS 32.42653408 110.63760448
OS 32.42159632 110.63348968
OS 32.4158356 110.62937488
OS 32.40925192 110.62443712
OS 32.40184528 110.6186764
OS 32.39279272 110.61291568
OS 32.38374016 110.60715496
OS 32.3623432 110.59481056
OS 32.33847736 110.58328912
OS 32.31214264 110.57259064
OS 32.31131968 110.57259064
OS 32.3088508 110.57176768
OS 32.304736 110.57012176
OS 32.29897528 110.56847584
OS 32.2923916 110.56682992
OS 32.28333904 110.56436104
OS 32.27346352 110.56189216
OS 32.26276504 110.56024624
OS 32.25042064 110.55777736
OS 32.23725328 110.55530848
OS 32.22326296 110.5528396
OS 32.20844968 110.55119368
OS 32.19281344 110.54954776
OS 32.17553128 110.54790184
OS 32.140144 110.54707888
OS 32.04797248 110.54707888
OS 32.04797248 110.236
OS 31.8644524 110.236
OS 31.8644524 111.20462392
OS 32.16400984 111.20462392
OS 32.17223944 111.20380096
OE
OB 33.2552548 110.59316464 I
OS 33.40174168 110.59316464
OS 33.40174168 110.4335104
OS 33.2552548 110.4335104
OS 33.2552548 110.236
OS 33.0783184 110.236
OS 33.0783184 110.4335104
OS 32.62733632 110.4335104
OS 32.62733632 110.58822688
OS 33.00589792 111.20462392
OS 33.2552548 111.20462392
OS 33.2552548 110.59316464
OE
OB 31.70644408 111.05237632 I
OS 31.440628 111.05237632
OS 31.440628 110.236
OS 31.25381608 110.236
OS 31.25381608 111.05237632
OS 30.988 111.05237632
OS 30.988 111.20462392
OS 31.70644408 111.20462392
OS 31.70644408 111.05237632
OE
OB 33.08078728 111.02933344 H
OS 32.80427272 110.59316464
OS 33.08078728 110.59316464
OS 33.08078728 111.02933344
OE
OB 32.14343584 111.05319928 H
OS 32.04797248 111.05319928
OS 32.04797248 110.69850352
OS 32.15742616 110.69850352
OS 32.16647872 110.69932648
OS 32.17800016 110.70014944
OS 32.19034456 110.70179536
OS 32.20515784 110.70344128
OS 32.21914816 110.70673312
OS 32.23313848 110.71084792
OS 32.23396144 110.71084792
OS 32.2347844 110.71167088
OS 32.2388992 110.7133168
OS 32.24630584 110.71660864
OS 32.25453544 110.72072344
OS 32.263588 110.7256612
OS 32.27428648 110.73224488
OS 32.284162 110.73965152
OS 32.29403752 110.74788112
OS 32.29486048 110.74870408
OS 32.29815232 110.75199592
OS 32.30309008 110.75775664
OS 32.3088508 110.76434032
OS 32.31461152 110.77339288
OS 32.3211952 110.7832684
OS 32.32695592 110.79396688
OS 32.33271664 110.80631128
OS 32.3335396 110.8079572
OS 32.33518552 110.812072
OS 32.33683144 110.81947864
OS 32.33930032 110.8285312
OS 32.3417692 110.84005264
OS 32.34423808 110.85322
OS 32.34506104 110.86721032
OS 32.345884 110.88284656
OS 32.345884 110.88366952
OS 32.345884 110.88449248
OS 32.345884 110.88943024
OS 32.34506104 110.89683688
OS 32.34423808 110.90588944
OS 32.34259216 110.91658792
OS 32.34094624 110.92893232
OS 32.3376544 110.94045376
OS 32.3335396 110.95279816
OS 32.33271664 110.95444408
OS 32.33107072 110.95855888
OS 32.32860184 110.9643196
OS 32.32448704 110.97172624
OS 32.31872632 110.97995584
OS 32.31214264 110.9890084
OS 32.304736 110.99806096
OS 32.29568344 111.00711352
OS 32.29486048 111.00793648
OS 32.29156864 111.01040536
OS 32.28580792 111.01452016
OS 32.27840128 111.01945792
OS 32.26934872 111.02521864
OS 32.25865024 111.03097936
OS 32.2471288 111.03591712
OS 32.23313848 111.04085488
OS 32.23231552 111.04085488
OS 32.23149256 111.04167784
OS 32.2265548 111.0425008
OS 32.2183252 111.04496968
OS 32.20762672 111.04743856
OS 32.19445936 111.04908448
OS 32.17964608 111.05155336
OS 32.16236392 111.05237632
OS 32.14343584 111.05319928
OE
SE
S P 0
OB 32.17223944 113.99780096 I
OS 32.18211496 113.99780096
OS 32.19281344 113.996978
OS 32.20433488 113.99615504
OS 32.21667928 113.99533208
OS 32.22984664 113.99368616
OS 32.25782728 113.98957136
OS 32.28663088 113.9846336
OS 32.31461152 113.97804992
OS 32.31543448 113.97804992
OS 32.31790336 113.97722696
OS 32.32201816 113.97558104
OS 32.32695592 113.97393512
OS 32.33271664 113.9722892
OS 32.34012328 113.96982032
OS 32.34835288 113.96652848
OS 32.35658248 113.96323664
OS 32.37633352 113.95418408
OS 32.39608456 113.94430856
OS 32.41665856 113.93196416
OS 32.43558664 113.91797384
OS 32.4364096 113.91715088
OS 32.43805552 113.91632792
OS 32.4405244 113.91385904
OS 32.44381624 113.9105672
OS 32.4528688 113.9023376
OS 32.46356728 113.89081616
OS 32.47591168 113.87682584
OS 32.48825608 113.86036664
OS 32.49977752 113.84143856
OS 32.510476 113.82086456
OS 32.510476 113.8200416
OS 32.51129896 113.81839568
OS 32.51294488 113.81510384
OS 32.5145908 113.81098904
OS 32.51623672 113.80522832
OS 32.5187056 113.79864464
OS 32.52117448 113.791238
OS 32.52364336 113.7830084
OS 32.52611224 113.77395584
OS 32.52858112 113.76408032
OS 32.53269592 113.7418604
OS 32.53598776 113.7171716
OS 32.53681072 113.69001392
OS 32.53681072 113.68919096
OS 32.53681072 113.68672208
OS 32.53681072 113.68260728
OS 32.53681072 113.67684656
OS 32.53598776 113.67026288
OS 32.5351648 113.66285624
OS 32.53434184 113.65380368
OS 32.53351888 113.64392816
OS 32.53022704 113.6225312
OS 32.52611224 113.59948832
OS 32.51952856 113.57479952
OS 32.51129896 113.55011072
OS 32.51129896 113.54928776
OS 32.510476 113.54764184
OS 32.50883008 113.54352704
OS 32.5063612 113.53941224
OS 32.50389232 113.53365152
OS 32.50060048 113.52706784
OS 32.49237088 113.51225456
OS 32.4816724 113.4949724
OS 32.46850504 113.47604432
OS 32.4528688 113.45711624
OS 32.43558664 113.43901112
OS 32.43476368 113.43818816
OS 32.43311776 113.4373652
OS 32.43064888 113.43489632
OS 32.42653408 113.43160448
OS 32.42159632 113.42748968
OS 32.4158356 113.42337488
OS 32.40925192 113.41843712
OS 32.40184528 113.4126764
OS 32.39279272 113.40691568
OS 32.38374016 113.40115496
OS 32.3623432 113.38881056
OS 32.33847736 113.37728912
OS 32.31214264 113.36659064
OS 32.31131968 113.36659064
OS 32.3088508 113.36576768
OS 32.304736 113.36412176
OS 32.29897528 113.36247584
OS 32.2923916 113.36082992
OS 32.28333904 113.35836104
OS 32.27346352 113.35589216
OS 32.26276504 113.35424624
OS 32.25042064 113.35177736
OS 32.23725328 113.34930848
OS 32.22326296 113.3468396
OS 32.20844968 113.34519368
OS 32.19281344 113.34354776
OS 32.17553128 113.34190184
OS 32.140144 113.34107888
OS 32.04797248 113.34107888
OS 32.04797248 113.03
OS 31.8644524 113.03
OS 31.8644524 113.99862392
OS 32.16400984 113.99862392
OS 32.17223944 113.99780096
OE
OB 33.29146504 113.8282712 I
OS 32.901382 113.8282712
OS 32.901382 113.6307608
OS 32.98943872 113.6307608
OS 32.99766832 113.62993784
OS 33.00672088 113.62993784
OS 33.01577344 113.62911488
OS 33.03799336 113.62746896
OS 33.0618592 113.62500008
OS 33.086548 113.62170824
OS 33.11205976 113.61677048
OS 33.11288272 113.61677048
OS 33.1153516 113.61594752
OS 33.11864344 113.61512456
OS 33.1235812 113.6143016
OS 33.12934192 113.61265568
OS 33.1359256 113.61100976
OS 33.1441552 113.60854088
OS 33.1523848 113.606072
OS 33.17048992 113.59948832
OS 33.19106392 113.59208168
OS 33.21163792 113.58220616
OS 33.23138896 113.57068472
OS 33.23221192 113.57068472
OS 33.23385784 113.5690388
OS 33.23632672 113.56739288
OS 33.23961856 113.564924
OS 33.24949408 113.55751736
OS 33.26101552 113.54681888
OS 33.27418288 113.53447448
OS 33.2881732 113.51883824
OS 33.30134056 113.50155608
OS 33.31368496 113.48098208
OS 33.31368496 113.48015912
OS 33.31533088 113.4785132
OS 33.3169768 113.47522136
OS 33.31862272 113.47110656
OS 33.3210916 113.46534584
OS 33.32356048 113.45876216
OS 33.32602936 113.45135552
OS 33.3293212 113.44230296
OS 33.33261304 113.43242744
OS 33.33508192 113.42172896
OS 33.3375508 113.41020752
OS 33.34001968 113.39786312
OS 33.34248856 113.38469576
OS 33.34331152 113.36988248
OS 33.34495744 113.33943296
OS 33.34495744 113.33861
OS 33.34495744 113.33614112
OS 33.34495744 113.33202632
OS 33.34413448 113.3262656
OS 33.34413448 113.31968192
OS 33.34331152 113.31145232
OS 33.34248856 113.30239976
OS 33.34084264 113.29252424
OS 33.33672784 113.27112728
OS 33.33096712 113.2480844
OS 33.32273752 113.22421856
OS 33.31203904 113.20117568
OS 33.31203904 113.20035272
OS 33.31039312 113.1987068
OS 33.3087472 113.19541496
OS 33.30627832 113.19130016
OS 33.30298648 113.1863624
OS 33.29887168 113.17977872
OS 33.2881732 113.1657884
OS 33.2758288 113.15015216
OS 33.26019256 113.13287
OS 33.24208744 113.11558784
OS 33.22151344 113.09912864
OS 33.22069048 113.09830568
OS 33.21904456 113.09748272
OS 33.21575272 113.09501384
OS 33.21163792 113.09254496
OS 33.2058772 113.08925312
OS 33.19929352 113.08513832
OS 33.19188688 113.08102352
OS 33.18283432 113.07608576
OS 33.1729588 113.071148
OS 33.16308328 113.06621024
OS 33.13921744 113.05551176
OS 33.11370568 113.04563624
OS 33.08490208 113.03658368
OS 33.08407912 113.03658368
OS 33.08161024 113.03576072
OS 33.07749544 113.03493776
OS 33.07091176 113.03329184
OS 33.06432808 113.03164592
OS 33.05527552 113.03
OS 33.0454 113.02753112
OS 33.03470152 113.0258852
OS 33.02235712 113.02423928
OS 33.00918976 113.0217704
OS 32.99519944 113.02012448
OS 32.98038616 113.01847856
OS 32.94829072 113.01600968
OS 32.91454936 113.01518672
OS 32.89973608 113.01518672
OS 32.89232944 113.01600968
OS 32.88409984 113.01600968
OS 32.86517176 113.01683264
OS 32.86105696 113.01683264
OS 32.85529624 113.0176556
OS 32.84871256 113.0176556
OS 32.84130592 113.01847856
OS 32.83225336 113.01930152
OS 32.81250232 113.02094744
OS 32.81167936 113.02094744
OS 32.80838752 113.0217704
OS 32.8026268 113.0217704
OS 32.79604312 113.02259336
OS 32.78863648 113.02341632
OS 32.77958392 113.02423928
OS 32.76065584 113.02670816
OS 32.75983288 113.02670816
OS 32.75654104 113.02753112
OS 32.75160328 113.02835408
OS 32.74584256 113.02917704
OS 32.73843592 113.03
OS 32.73102928 113.03082296
OS 32.71457008 113.03329184
OS 32.71457008 113.19130016
OS 32.71539304 113.19130016
OS 32.716216 113.1904772
OS 32.71868488 113.1904772
OS 32.72197672 113.18965424
OS 32.73102928 113.18718536
OS 32.74255072 113.18553944
OS 32.75654104 113.1822476
OS 32.77300024 113.17977872
OS 32.79110536 113.17648688
OS 32.8108564 113.174018
OS 32.81332528 113.174018
OS 32.81661712 113.17319504
OS 32.82073192 113.17319504
OS 32.82566968 113.17237208
OS 32.8314304 113.17237208
OS 32.83801408 113.17154912
OS 32.84542072 113.17154912
OS 32.86270288 113.1699032
OS 32.88163096 113.16908024
OS 32.90220496 113.16825728
OS 32.9343004 113.16825728
OS 32.94170704 113.16908024
OS 32.95158256 113.1699032
OS 32.96145808 113.17072616
OS 32.97380248 113.17154912
OS 32.98614688 113.17319504
OS 33.01412752 113.1781328
OS 33.04210816 113.1863624
OS 33.05609848 113.1904772
OS 33.06926584 113.19623792
OS 33.08161024 113.2028216
OS 33.09313168 113.21022824
OS 33.09395464 113.2110512
OS 33.09560056 113.21187416
OS 33.0988924 113.21434304
OS 33.10218424 113.21845784
OS 33.10629904 113.22257264
OS 33.1112368 113.2275104
OS 33.11699752 113.23409408
OS 33.12275824 113.24150072
OS 33.127696 113.24890736
OS 33.13345672 113.25795992
OS 33.13839448 113.26783544
OS 33.14250928 113.27853392
OS 33.14580112 113.29005536
OS 33.14909296 113.3015768
OS 33.15073888 113.31474416
OS 33.15156184 113.32873448
OS 33.15156184 113.32955744
OS 33.15156184 113.33202632
OS 33.15156184 113.33614112
OS 33.15073888 113.34190184
OS 33.14991592 113.34766256
OS 33.14909296 113.35589216
OS 33.14497816 113.37235136
OS 33.13839448 113.39127944
OS 33.13427968 113.40115496
OS 33.12851896 113.41103048
OS 33.12275824 113.42008304
OS 33.1153516 113.4291356
OS 33.107122 113.4373652
OS 33.09724648 113.44477184
OS 33.09642352 113.4455948
OS 33.0947776 113.44641776
OS 33.09148576 113.44806368
OS 33.086548 113.45053256
OS 33.08078728 113.4538244
OS 33.07338064 113.45711624
OS 33.06515104 113.46040808
OS 33.05527552 113.46452288
OS 33.04375408 113.46781472
OS 33.03058672 113.47110656
OS 33.0165964 113.4743984
OS 33.0001372 113.47769024
OS 32.98285504 113.48015912
OS 32.96392696 113.48180504
OS 32.94417592 113.48345096
OS 32.7326752 113.48345096
OS 32.7326752 113.99862392
OS 33.29146504 113.99862392
OS 33.29146504 113.8282712
OE
OB 31.70644408 113.84637632 I
OS 31.440628 113.84637632
OS 31.440628 113.03
OS 31.25381608 113.03
OS 31.25381608 113.84637632
OS 30.988 113.84637632
OS 30.988 113.99862392
OS 31.70644408 113.99862392
OS 31.70644408 113.84637632
OE
OB 32.14343584 113.84719928 H
OS 32.04797248 113.84719928
OS 32.04797248 113.49250352
OS 32.15742616 113.49250352
OS 32.16647872 113.49332648
OS 32.17800016 113.49414944
OS 32.19034456 113.49579536
OS 32.20515784 113.49744128
OS 32.21914816 113.50073312
OS 32.23313848 113.50484792
OS 32.23396144 113.50484792
OS 32.2347844 113.50567088
OS 32.2388992 113.5073168
OS 32.24630584 113.51060864
OS 32.25453544 113.51472344
OS 32.263588 113.5196612
OS 32.27428648 113.52624488
OS 32.284162 113.53365152
OS 32.29403752 113.54188112
OS 32.29486048 113.54270408
OS 32.29815232 113.54599592
OS 32.30309008 113.55175664
OS 32.3088508 113.55834032
OS 32.31461152 113.56739288
OS 32.3211952 113.5772684
OS 32.32695592 113.58796688
OS 32.33271664 113.60031128
OS 32.3335396 113.6019572
OS 32.33518552 113.606072
OS 32.33683144 113.61347864
OS 32.33930032 113.6225312
OS 32.3417692 113.63405264
OS 32.34423808 113.64722
OS 32.34506104 113.66121032
OS 32.345884 113.67684656
OS 32.345884 113.67766952
OS 32.345884 113.67849248
OS 32.345884 113.68343024
OS 32.34506104 113.69083688
OS 32.34423808 113.69988944
OS 32.34259216 113.71058792
OS 32.34094624 113.72293232
OS 32.3376544 113.73445376
OS 32.3335396 113.74679816
OS 32.33271664 113.74844408
OS 32.33107072 113.75255888
OS 32.32860184 113.7583196
OS 32.32448704 113.76572624
OS 32.31872632 113.77395584
OS 32.31214264 113.7830084
OS 32.304736 113.79206096
OS 32.29568344 113.80111352
OS 32.29486048 113.80193648
OS 32.29156864 113.80440536
OS 32.28580792 113.80852016
OS 32.27840128 113.81345792
OS 32.26934872 113.81921864
OS 32.25865024 113.82497936
OS 32.2471288 113.82991712
OS 32.23313848 113.83485488
OS 32.23231552 113.83485488
OS 32.23149256 113.83567784
OS 32.2265548 113.8365008
OS 32.2183252 113.83896968
OS 32.20762672 113.84143856
OS 32.19445936 113.84308448
OS 32.17964608 113.84555336
OS 32.16236392 113.84637632
OS 32.14343584 113.84719928
OE
SE
S P 0
OB 32.17223944 116.79180096 I
OS 32.18211496 116.79180096
OS 32.19281344 116.790978
OS 32.20433488 116.79015504
OS 32.21667928 116.78933208
OS 32.22984664 116.78768616
OS 32.25782728 116.78357136
OS 32.28663088 116.7786336
OS 32.31461152 116.77204992
OS 32.31543448 116.77204992
OS 32.31790336 116.77122696
OS 32.32201816 116.76958104
OS 32.32695592 116.76793512
OS 32.33271664 116.7662892
OS 32.34012328 116.76382032
OS 32.34835288 116.76052848
OS 32.35658248 116.75723664
OS 32.37633352 116.74818408
OS 32.39608456 116.73830856
OS 32.41665856 116.72596416
OS 32.43558664 116.71197384
OS 32.4364096 116.71115088
OS 32.43805552 116.71032792
OS 32.4405244 116.70785904
OS 32.44381624 116.7045672
OS 32.4528688 116.6963376
OS 32.46356728 116.68481616
OS 32.47591168 116.67082584
OS 32.48825608 116.65436664
OS 32.49977752 116.63543856
OS 32.510476 116.61486456
OS 32.510476 116.6140416
OS 32.51129896 116.61239568
OS 32.51294488 116.60910384
OS 32.5145908 116.60498904
OS 32.51623672 116.59922832
OS 32.5187056 116.59264464
OS 32.52117448 116.585238
OS 32.52364336 116.5770084
OS 32.52611224 116.56795584
OS 32.52858112 116.55808032
OS 32.53269592 116.5358604
OS 32.53598776 116.5111716
OS 32.53681072 116.48401392
OS 32.53681072 116.48319096
OS 32.53681072 116.48072208
OS 32.53681072 116.47660728
OS 32.53681072 116.47084656
OS 32.53598776 116.46426288
OS 32.5351648 116.45685624
OS 32.53434184 116.44780368
OS 32.53351888 116.43792816
OS 32.53022704 116.4165312
OS 32.52611224 116.39348832
OS 32.51952856 116.36879952
OS 32.51129896 116.34411072
OS 32.51129896 116.34328776
OS 32.510476 116.34164184
OS 32.50883008 116.33752704
OS 32.5063612 116.33341224
OS 32.50389232 116.32765152
OS 32.50060048 116.32106784
OS 32.49237088 116.30625456
OS 32.4816724 116.2889724
OS 32.46850504 116.27004432
OS 32.4528688 116.25111624
OS 32.43558664 116.23301112
OS 32.43476368 116.23218816
OS 32.43311776 116.2313652
OS 32.43064888 116.22889632
OS 32.42653408 116.22560448
OS 32.42159632 116.22148968
OS 32.4158356 116.21737488
OS 32.40925192 116.21243712
OS 32.40184528 116.2066764
OS 32.39279272 116.20091568
OS 32.38374016 116.19515496
OS 32.3623432 116.18281056
OS 32.33847736 116.17128912
OS 32.31214264 116.16059064
OS 32.31131968 116.16059064
OS 32.3088508 116.15976768
OS 32.304736 116.15812176
OS 32.29897528 116.15647584
OS 32.2923916 116.15482992
OS 32.28333904 116.15236104
OS 32.27346352 116.14989216
OS 32.26276504 116.14824624
OS 32.25042064 116.14577736
OS 32.23725328 116.14330848
OS 32.22326296 116.1408396
OS 32.20844968 116.13919368
OS 32.19281344 116.13754776
OS 32.17553128 116.13590184
OS 32.140144 116.13507888
OS 32.04797248 116.13507888
OS 32.04797248 115.824
OS 31.8644524 115.824
OS 31.8644524 116.79262392
OS 32.16400984 116.79262392
OS 32.17223944 116.79180096
OE
OB 33.29557984 116.63955336 I
OS 33.15320776 116.63955336
OS 33.14580112 116.6387304
OS 33.13839448 116.6387304
OS 33.12934192 116.63790744
OS 33.1194664 116.63790744
OS 33.09806944 116.63543856
OS 33.07584952 116.63296968
OS 33.05280664 116.62885488
OS 33.03140968 116.62309416
OS 33.03058672 116.62309416
OS 33.0289408 116.6222712
OS 33.02647192 116.62144824
OS 33.02235712 116.61980232
OS 33.01741936 116.6181564
OS 33.0124816 116.61651048
OS 33.0001372 116.61074976
OS 32.98614688 116.60416608
OS 32.9713336 116.59675944
OS 32.95652032 116.58688392
OS 32.94253 116.57618544
OS 32.94088408 116.57453952
OS 32.93676928 116.57042472
OS 32.93100856 116.56384104
OS 32.92360192 116.55561144
OS 32.91537232 116.54491296
OS 32.90714272 116.5317456
OS 32.89891312 116.51693232
OS 32.89150648 116.50129608
OS 32.89150648 116.50047312
OS 32.89068352 116.49965016
OS 32.88986056 116.49718128
OS 32.8890376 116.49388944
OS 32.88739168 116.48977464
OS 32.88574576 116.48483688
OS 32.88245392 116.47249248
OS 32.87916208 116.45850216
OS 32.87587024 116.44122
OS 32.8725784 116.42311488
OS 32.87010952 116.40336384
OS 32.8684636 116.38608168
OS 32.86928656 116.38608168
OS 32.87010952 116.38690464
OS 32.8725784 116.3877276
OS 32.87504728 116.38937352
OS 32.88327688 116.39266536
OS 32.89397536 116.39678016
OS 32.90714272 116.40089496
OS 32.921956 116.40665568
OS 32.9384152 116.41077048
OS 32.95652032 116.41570824
OS 32.95734328 116.41570824
OS 32.9589892 116.4165312
OS 32.96145808 116.4165312
OS 32.96474992 116.41735416
OS 32.96968768 116.41900008
OS 32.97462544 116.41982304
OS 32.9877928 116.42229192
OS 33.00342904 116.42393784
OS 33.0207112 116.42640672
OS 33.03963928 116.42722968
OS 33.05939032 116.42805264
OS 33.07255768 116.42805264
OS 33.07914136 116.42722968
OS 33.08737096 116.42722968
OS 33.09642352 116.42640672
OS 33.10629904 116.42558376
OS 33.127696 116.42311488
OS 33.15073888 116.41900008
OS 33.17460472 116.41406232
OS 33.1976476 116.40747864
OS 33.19847056 116.40747864
OS 33.20011648 116.40665568
OS 33.20340832 116.40500976
OS 33.20752312 116.40336384
OS 33.21246088 116.40171792
OS 33.2182216 116.39924904
OS 33.23221192 116.39266536
OS 33.24784816 116.3836128
OS 33.26430736 116.37373728
OS 33.28076656 116.36221584
OS 33.2964028 116.34822552
OS 33.29722576 116.34740256
OS 33.29804872 116.3465796
OS 33.3005176 116.34411072
OS 33.30298648 116.34164184
OS 33.31039312 116.33341224
OS 33.31944568 116.3218908
OS 33.32849824 116.30872344
OS 33.33919672 116.29226424
OS 33.34824928 116.27415912
OS 33.35647888 116.25440808
OS 33.35647888 116.25358512
OS 33.35730184 116.2519392
OS 33.3581248 116.24864736
OS 33.35977072 116.24453256
OS 33.36141664 116.2395948
OS 33.36306256 116.23383408
OS 33.36470848 116.22642744
OS 33.3663544 116.21819784
OS 33.36964624 116.20009272
OS 33.37293808 116.17869576
OS 33.37540696 116.15565288
OS 33.37622992 116.13014112
OS 33.37622992 116.12931816
OS 33.37622992 116.12684928
OS 33.37622992 116.12273448
OS 33.37622992 116.11779672
OS 33.37540696 116.11121304
OS 33.374584 116.1038064
OS 33.37376104 116.0955768
OS 33.37293808 116.08570128
OS 33.36964624 116.06512728
OS 33.36470848 116.04290736
OS 33.3581248 116.01986448
OS 33.34907224 115.9968216
OS 33.34907224 115.99599864
OS 33.34824928 115.99435272
OS 33.34660336 115.99106088
OS 33.34413448 115.98694608
OS 33.3416656 115.98200832
OS 33.33837376 115.9762476
OS 33.33014416 115.96225728
OS 33.31944568 115.94579808
OS 33.30710128 115.92851592
OS 33.292288 115.91123376
OS 33.27500584 115.89477456
OS 33.27418288 115.8939516
OS 33.27253696 115.89312864
OS 33.27006808 115.89065976
OS 33.26677624 115.88736792
OS 33.26183848 115.88407608
OS 33.25690072 115.87996128
OS 33.25031704 115.87584648
OS 33.24373336 115.87090872
OS 33.22727416 115.86021024
OS 33.20834608 115.8486888
OS 33.18694912 115.83881328
OS 33.16308328 115.82893776
OS 33.16226032 115.82893776
OS 33.15979144 115.8281148
OS 33.1564996 115.82729184
OS 33.15156184 115.82564592
OS 33.14580112 115.824
OS 33.13839448 115.82153112
OS 33.13016488 115.8198852
OS 33.12111232 115.81823928
OS 33.11041384 115.8157704
OS 33.09971536 115.81412448
OS 33.07502656 115.81000968
OS 33.04869184 115.8075408
OS 33.01988824 115.80671784
OS 33.0124816 115.80671784
OS 33.00342904 115.8075408
OS 32.9919076 115.80836376
OS 32.97791728 115.81000968
OS 32.96145808 115.81247856
OS 32.94335296 115.8157704
OS 32.92360192 115.8198852
OS 32.90302792 115.82564592
OS 32.88245392 115.83305256
OS 32.860234 115.84128216
OS 32.83883704 115.85115768
OS 32.81826304 115.86350208
OS 32.79768904 115.8774924
OS 32.77876096 115.8939516
OS 32.76065584 115.91287968
OS 32.75983288 115.9145256
OS 32.75654104 115.91781744
OS 32.75242624 115.92440112
OS 32.74666552 115.93345368
OS 32.74008184 115.94415216
OS 32.7326752 115.95814248
OS 32.7244456 115.97460168
OS 32.716216 115.99352976
OS 32.70716344 116.01574968
OS 32.6997568 116.03961552
OS 32.6915272 116.0667732
OS 32.68494352 116.0955768
OS 32.6791828 116.12767224
OS 32.675068 116.16223656
OS 32.67177616 116.20009272
OS 32.6709532 116.2395948
OS 32.6709532 116.24041776
OS 32.6709532 116.24288664
OS 32.6709532 116.2478244
OS 32.6709532 116.25358512
OS 32.6709532 116.2601688
OS 32.67177616 116.2683984
OS 32.67177616 116.27827392
OS 32.67177616 116.28814944
OS 32.67259912 116.29967088
OS 32.67342208 116.31201528
OS 32.675068 116.33752704
OS 32.67671392 116.36386176
OS 32.68000576 116.39101944
OS 32.68000576 116.3918424
OS 32.68082872 116.39431128
OS 32.68082872 116.39842608
OS 32.68165168 116.40336384
OS 32.6832976 116.40994752
OS 32.68412056 116.41735416
OS 32.68576648 116.42558376
OS 32.6874124 116.43463632
OS 32.69235016 116.45521032
OS 32.69811088 116.4782532
OS 32.70469456 116.50129608
OS 32.7121012 116.52433896
OS 32.7121012 116.52516192
OS 32.71292416 116.52680784
OS 32.71457008 116.53009968
OS 32.716216 116.53503744
OS 32.71868488 116.5399752
OS 32.72115376 116.54655888
OS 32.7285604 116.56137216
OS 32.73679 116.57865432
OS 32.74748848 116.5975824
OS 32.75983288 116.61651048
OS 32.77300024 116.63543856
OS 32.7738232 116.63626152
OS 32.77464616 116.63790744
OS 32.77711504 116.64037632
OS 32.77958392 116.64366816
OS 32.78863648 116.65354368
OS 32.79933496 116.66506512
OS 32.81332528 116.67823248
OS 32.82978448 116.6922228
OS 32.8478896 116.70703608
OS 32.8684636 116.72020344
OS 32.86928656 116.7210264
OS 32.87093248 116.72184936
OS 32.87422432 116.72349528
OS 32.87833912 116.72596416
OS 32.88409984 116.72843304
OS 32.89068352 116.73254784
OS 32.89809016 116.73583968
OS 32.90714272 116.73995448
OS 32.91619528 116.74406928
OS 32.92689376 116.74818408
OS 32.94993664 116.75723664
OS 32.9754484 116.7662892
OS 33.00342904 116.77369584
OS 33.004252 116.77369584
OS 33.00672088 116.7745188
OS 33.01165864 116.77534176
OS 33.01741936 116.77698768
OS 33.024826 116.77781064
OS 33.03387856 116.77945656
OS 33.04375408 116.78110248
OS 33.05527552 116.78357136
OS 33.06844288 116.78521728
OS 33.08161024 116.7868632
OS 33.09724648 116.78850912
OS 33.11288272 116.78933208
OS 33.12934192 116.790978
OS 33.14744704 116.79180096
OS 33.18448024 116.79262392
OS 33.29557984 116.79262392
OS 33.29557984 116.63955336
OE
OB 31.70644408 116.64037632 I
OS 31.440628 116.64037632
OS 31.440628 115.824
OS 31.25381608 115.824
OS 31.25381608 116.64037632
OS 30.988 116.64037632
OS 30.988 116.79262392
OS 31.70644408 116.79262392
OS 31.70644408 116.64037632
OE
OB 33.03223264 116.27745096 H
OS 33.02318008 116.27745096
OS 33.01741936 116.276628
OS 33.01001272 116.276628
OS 33.00178312 116.27580504
OS 32.98450096 116.27333616
OS 32.983678 116.27333616
OS 32.98038616 116.2725132
OS 32.97627136 116.27169024
OS 32.97051064 116.27086728
OS 32.963104 116.26922136
OS 32.95569736 116.26675248
OS 32.93923816 116.26263768
OS 32.9384152 116.26263768
OS 32.93594632 116.26181472
OS 32.93183152 116.2601688
OS 32.9260708 116.25852288
OS 32.91948712 116.256054
OS 32.91290344 116.25358512
OS 32.89809016 116.2478244
OS 32.8972672 116.2478244
OS 32.89479832 116.24617848
OS 32.89068352 116.24453256
OS 32.88656872 116.24288664
OS 32.87504728 116.23712592
OS 32.86352584 116.2313652
OS 32.86352584 116.23054224
OS 32.86352584 116.22807336
OS 32.86352584 116.22395856
OS 32.86352584 116.2190208
OS 32.86352584 116.21243712
OS 32.8643488 116.20503048
OS 32.8643488 116.19597792
OS 32.86517176 116.18692536
OS 32.86599472 116.16717432
OS 32.86764064 116.14577736
OS 32.87010952 116.1243804
OS 32.87340136 116.1038064
OS 32.87340136 116.10298344
OS 32.87422432 116.10133752
OS 32.87422432 116.09886864
OS 32.87504728 116.0955768
OS 32.87751616 116.08570128
OS 32.88163096 116.07417984
OS 32.88574576 116.06101248
OS 32.89150648 116.04702216
OS 32.8972672 116.03303184
OS 32.90467384 116.01986448
OS 32.9054968 116.01821856
OS 32.90878864 116.01492672
OS 32.91290344 116.009166
OS 32.91948712 116.00175936
OS 32.92689376 115.99435272
OS 32.93594632 115.98694608
OS 32.94582184 115.97953944
OS 32.95734328 115.97295576
OS 32.9589892 115.9721328
OS 32.963104 115.97048688
OS 32.96968768 115.96884096
OS 32.97874024 115.96637208
OS 32.98943872 115.96308024
OS 33.00178312 115.96143432
OS 33.01577344 115.9597884
OS 33.03058672 115.95896544
OS 33.03634744 115.95896544
OS 33.04375408 115.9597884
OS 33.05198368 115.96061136
OS 33.06268216 115.96143432
OS 33.07338064 115.9639032
OS 33.08490208 115.96637208
OS 33.09560056 115.97048688
OS 33.09724648 115.97130984
OS 33.10053832 115.97295576
OS 33.10547608 115.97542464
OS 33.11288272 115.97871648
OS 33.12028936 115.98365424
OS 33.12851896 115.98941496
OS 33.13674856 115.99599864
OS 33.1441552 116.00340528
OS 33.14497816 116.00422824
OS 33.14744704 116.00752008
OS 33.15156184 116.01163488
OS 33.15567664 116.01821856
OS 33.16143736 116.0256252
OS 33.16637512 116.03467776
OS 33.17131288 116.04455328
OS 33.17625064 116.05525176
OS 33.1770736 116.05689768
OS 33.17789656 116.06101248
OS 33.17954248 116.0667732
OS 33.18201136 116.0750028
OS 33.18448024 116.08487832
OS 33.18612616 116.09639976
OS 33.18694912 116.10874416
OS 33.18777208 116.12191152
OS 33.18777208 116.12355744
OS 33.18777208 116.12767224
OS 33.18694912 116.13425592
OS 33.18694912 116.14248552
OS 33.1853032 116.15236104
OS 33.18365728 116.16305952
OS 33.18201136 116.173758
OS 33.17871952 116.18445648
OS 33.17871952 116.1861024
OS 33.1770736 116.18939424
OS 33.17460472 116.194332
OS 33.17213584 116.20173864
OS 33.16802104 116.20914528
OS 33.16308328 116.21737488
OS 33.15732256 116.22560448
OS 33.15073888 116.23383408
OS 33.14991592 116.23465704
OS 33.14744704 116.23712592
OS 33.14333224 116.24124072
OS 33.13757152 116.24535552
OS 33.13098784 116.25111624
OS 33.12193528 116.256054
OS 33.11288272 116.26099176
OS 33.10218424 116.26592952
OS 33.10053832 116.26675248
OS 33.09724648 116.26757544
OS 33.0906628 116.26922136
OS 33.0824332 116.27169024
OS 33.07255768 116.27415912
OS 33.06021328 116.27580504
OS 33.04704592 116.276628
OS 33.03223264 116.27745096
OE
OB 32.14343584 116.64119928 H
OS 32.04797248 116.64119928
OS 32.04797248 116.28650352
OS 32.15742616 116.28650352
OS 32.16647872 116.28732648
OS 32.17800016 116.28814944
OS 32.19034456 116.28979536
OS 32.20515784 116.29144128
OS 32.21914816 116.29473312
OS 32.23313848 116.29884792
OS 32.23396144 116.29884792
OS 32.2347844 116.29967088
OS 32.2388992 116.3013168
OS 32.24630584 116.30460864
OS 32.25453544 116.30872344
OS 32.263588 116.3136612
OS 32.27428648 116.32024488
OS 32.284162 116.32765152
OS 32.29403752 116.33588112
OS 32.29486048 116.33670408
OS 32.29815232 116.33999592
OS 32.30309008 116.34575664
OS 32.3088508 116.35234032
OS 32.31461152 116.36139288
OS 32.3211952 116.3712684
OS 32.32695592 116.38196688
OS 32.33271664 116.39431128
OS 32.3335396 116.3959572
OS 32.33518552 116.400072
OS 32.33683144 116.40747864
OS 32.33930032 116.4165312
OS 32.3417692 116.42805264
OS 32.34423808 116.44122
OS 32.34506104 116.45521032
OS 32.345884 116.47084656
OS 32.345884 116.47166952
OS 32.345884 116.47249248
OS 32.345884 116.47743024
OS 32.34506104 116.48483688
OS 32.34423808 116.49388944
OS 32.34259216 116.50458792
OS 32.34094624 116.51693232
OS 32.3376544 116.52845376
OS 32.3335396 116.54079816
OS 32.33271664 116.54244408
OS 32.33107072 116.54655888
OS 32.32860184 116.5523196
OS 32.32448704 116.55972624
OS 32.31872632 116.56795584
OS 32.31214264 116.5770084
OS 32.304736 116.58606096
OS 32.29568344 116.59511352
OS 32.29486048 116.59593648
OS 32.29156864 116.59840536
OS 32.28580792 116.60252016
OS 32.27840128 116.60745792
OS 32.26934872 116.61321864
OS 32.25865024 116.61897936
OS 32.2471288 116.62391712
OS 32.23313848 116.62885488
OS 32.23231552 116.62885488
OS 32.23149256 116.62967784
OS 32.2265548 116.6305008
OS 32.2183252 116.63296968
OS 32.20762672 116.63543856
OS 32.19445936 116.63708448
OS 32.17964608 116.63955336
OS 32.16236392 116.64037632
OS 32.14343584 116.64119928
OE
SE
S P 0
OB 32.85879128 96.66863064 I
OS 32.85796832 96.64641072
OS 32.85796832 96.64147296
OS 32.85714536 96.63571224
OS 32.8563224 96.6283056
OS 32.85549944 96.61925304
OS 32.85467648 96.60937752
OS 32.8522076 96.58880352
OS 32.8522076 96.5871576
OS 32.85138464 96.58386576
OS 32.85056168 96.57810504
OS 32.84891576 96.57152136
OS 32.84726984 96.5624688
OS 32.84562392 96.55341624
OS 32.84068616 96.53201928
OS 32.84068616 96.53037336
OS 32.8398632 96.52708152
OS 32.83821728 96.5213208
OS 32.83657136 96.5130912
OS 32.83410248 96.50403864
OS 32.83081064 96.49416312
OS 32.82422696 96.47112024
OS 32.64317576 96.47112024
OS 32.64317576 96.4719432
OS 32.64482168 96.47358912
OS 32.64564464 96.47770392
OS 32.64811352 96.48181872
OS 32.6505824 96.48757944
OS 32.65305128 96.49416312
OS 32.65634312 96.50156976
OS 32.65963496 96.50979936
OS 32.66621864 96.52872744
OS 32.67362528 96.54847848
OS 32.68020896 96.5706984
OS 32.68514672 96.59209536
OS 32.68514672 96.59291832
OS 32.68596968 96.59456424
OS 32.68679264 96.59785608
OS 32.6876156 96.60197088
OS 32.68843856 96.60690864
OS 32.68926152 96.61266936
OS 32.6917304 96.62665968
OS 32.69419928 96.64229592
OS 32.69666816 96.65957808
OS 32.69749112 96.6776832
OS 32.69831408 96.69578832
OS 32.69831408 96.70730976
OS 32.69749112 96.71307048
OS 32.69666816 96.72047712
OS 32.6958452 96.72788376
OS 32.69502224 96.73611336
OS 32.6917304 96.75504144
OS 32.6876156 96.77479248
OS 32.68103192 96.79536648
OS 32.67280232 96.81429456
OS 32.67280232 96.81511752
OS 32.67197936 96.81676344
OS 32.67033344 96.81923232
OS 32.66786456 96.82252416
OS 32.6629268 96.83157672
OS 32.6546972 96.8422752
OS 32.64482168 96.85544256
OS 32.63330024 96.86860992
OS 32.61848696 96.88177728
OS 32.60285072 96.89412168
OS 32.60202776 96.89412168
OS 32.6012048 96.8957676
OS 32.59873592 96.89741352
OS 32.59462112 96.89905944
OS 32.59050632 96.90152832
OS 32.58556856 96.90482016
OS 32.57322416 96.91140384
OS 32.55758792 96.91881048
OS 32.5394828 96.92704008
OS 32.5189088 96.93362376
OS 32.49668888 96.94020744
OS 32.49586592 96.94020744
OS 32.49422 96.9410304
OS 32.49092816 96.94185336
OS 32.4859904 96.94267632
OS 32.48022968 96.94349928
OS 32.473646 96.9451452
OS 32.4654164 96.94596816
OS 32.45636384 96.94761408
OS 32.44731128 96.94926
OS 32.4366128 96.95008296
OS 32.41356992 96.95255184
OS 32.38805816 96.95419776
OS 32.36090048 96.95502072
OS 32.36007752 96.95502072
OS 32.35760864 96.95502072
OS 32.35349384 96.95502072
OS 32.34773312 96.95502072
OS 32.34032648 96.95419776
OS 32.33291984 96.95419776
OS 32.32386728 96.9533748
OS 32.31399176 96.9533748
OS 32.29177184 96.95172888
OS 32.267906 96.94843704
OS 32.24404016 96.9451452
OS 32.22017432 96.94020744
OS 32.21935136 96.94020744
OS 32.21770544 96.93938448
OS 32.2144136 96.93856152
OS 32.20947584 96.93773856
OS 32.20453808 96.93609264
OS 32.19877736 96.93362376
OS 32.18396408 96.928686
OS 32.16750488 96.92210232
OS 32.14939976 96.91387272
OS 32.1321176 96.90482016
OS 32.11483544 96.89329872
OS 32.11401248 96.89329872
OS 32.11318952 96.8916528
OS 32.1074288 96.887538
OS 32.10002216 96.88013136
OS 32.0909696 96.8710788
OS 32.08027112 96.85955736
OS 32.06957264 96.84556704
OS 32.05887416 96.82910784
OS 32.0498216 96.81182568
OS 32.0498216 96.81100272
OS 32.04899864 96.8093568
OS 32.04817568 96.80688792
OS 32.04652976 96.80277312
OS 32.04488384 96.79783536
OS 32.04241496 96.79207464
OS 32.04076904 96.78549096
OS 32.03912312 96.77808432
OS 32.03500832 96.76080216
OS 32.03089352 96.74022816
OS 32.02842464 96.71800824
OS 32.02760168 96.69331944
OS 32.02760168 96.68426688
OS 32.02842464 96.6776832
OS 32.02842464 96.6694536
OS 32.0292476 96.66040104
OS 32.03171648 96.64065
OS 32.03171648 96.63900408
OS 32.03253944 96.63571224
OS 32.0333624 96.62995152
OS 32.03500832 96.62254488
OS 32.03665424 96.61349232
OS 32.03912312 96.60443976
OS 32.04406088 96.5830428
OS 32.04406088 96.58139688
OS 32.0457068 96.57810504
OS 32.04735272 96.57234432
OS 32.0498216 96.56493768
OS 32.05229048 96.55588512
OS 32.05558232 96.5460096
OS 32.06298896 96.52461264
OS 32.06381192 96.52296672
OS 32.06463488 96.51967488
OS 32.06710376 96.51391416
OS 32.06957264 96.50733048
OS 32.07286448 96.49910088
OS 32.07697928 96.49004832
OS 32.08520888 96.47112024
OS 31.91485616 96.47112024
OS 31.91485616 96.4719432
OS 31.9140332 96.47441208
OS 31.91238728 96.47770392
OS 31.91074136 96.48181872
OS 31.90827248 96.4884024
OS 31.9058036 96.49498608
OS 31.90333472 96.50239272
OS 31.90004288 96.51144528
OS 31.8934592 96.53037336
OS 31.88769848 96.55177032
OS 31.8811148 96.57399024
OS 31.87617704 96.59703312
OS 31.87617704 96.59785608
OS 31.87535408 96.599502
OS 31.87535408 96.60279384
OS 31.87453112 96.6077316
OS 31.87370816 96.61266936
OS 31.87206224 96.61925304
OS 31.87123928 96.62665968
OS 31.87041632 96.63488928
OS 31.86794744 96.65381736
OS 31.86547856 96.67521432
OS 31.8646556 96.6982572
OS 31.86383264 96.72212304
OS 31.86383264 96.73199856
OS 31.8646556 96.7394052
OS 31.8646556 96.74845776
OS 31.86547856 96.75915624
OS 31.86630152 96.77150064
OS 31.86794744 96.784668
OS 31.86959336 96.79865832
OS 31.87123928 96.8134716
OS 31.877 96.84392112
OS 31.88440664 96.87601656
OS 31.89428216 96.90728904
OS 31.89428216 96.908112
OS 31.89592808 96.91058088
OS 31.897574 96.91469568
OS 31.90004288 96.9204564
OS 31.90333472 96.92786304
OS 31.90744952 96.93609264
OS 31.91156432 96.94432224
OS 31.91732504 96.95419776
OS 31.92966944 96.97559472
OS 31.94530568 96.9986376
OS 31.96423376 97.02168048
OS 31.98563072 97.04307744
OS 31.98645368 97.0439004
OS 31.9880996 97.04554632
OS 31.9922144 97.0480152
OS 31.9963292 97.05213
OS 32.00291288 97.05706776
OS 32.00949656 97.06200552
OS 32.01772616 97.06776624
OS 32.02760168 97.07434992
OS 32.0374772 97.0809336
OS 32.04899864 97.08751728
OS 32.06134304 97.09492392
OS 32.0745104 97.1015076
OS 32.08932368 97.10891424
OS 32.10413696 97.11549792
OS 32.1362324 97.12701936
OS 32.13705536 97.12701936
OS 32.1403472 97.12784232
OS 32.14528496 97.12948824
OS 32.15186864 97.13113416
OS 32.1609212 97.13360304
OS 32.17079672 97.13607192
OS 32.18314112 97.1385408
OS 32.19630848 97.14100968
OS 32.21112176 97.14347856
OS 32.22758096 97.14594744
OS 32.24486312 97.14841632
OS 32.26296824 97.1508852
OS 32.28271928 97.15253112
OS 32.30247032 97.15417704
OS 32.32386728 97.155
OS 32.3460872 97.155
OS 32.34773312 97.155
OS 32.35184792 97.155
OS 32.3584316 97.155
OS 32.3666612 97.15417704
OS 32.37735968 97.15417704
OS 32.38970408 97.15335408
OS 32.4036944 97.15253112
OS 32.41933064 97.1508852
OS 32.43578984 97.14923928
OS 32.453072 97.14759336
OS 32.48928224 97.14183264
OS 32.5271384 97.134426
OS 32.56334864 97.12455048
OS 32.5641716 97.12455048
OS 32.56746344 97.12290456
OS 32.5724012 97.12125864
OS 32.57898488 97.11878976
OS 32.58721448 97.11549792
OS 32.59709 97.11138312
OS 32.60778848 97.10726832
OS 32.61930992 97.1015076
OS 32.64482168 97.0891632
OS 32.67197936 97.07352696
OS 32.69913704 97.0562448
OS 32.7246488 97.0356708
OS 32.72547176 97.03484784
OS 32.72794064 97.03320192
OS 32.73123248 97.02991008
OS 32.73534728 97.02497232
OS 32.741108 97.0192116
OS 32.74769168 97.01262792
OS 32.75427536 97.00522128
OS 32.761682 96.99616872
OS 32.7699116 96.9862932
OS 32.7781412 96.97559472
OS 32.7863708 96.96407328
OS 32.7946004 96.95172888
OS 32.8110596 96.9245712
OS 32.82504992 96.89494464
OS 32.82587288 96.89412168
OS 32.82669584 96.89082984
OS 32.82834176 96.88671504
OS 32.83081064 96.88013136
OS 32.83327952 96.87272472
OS 32.8357484 96.8628492
OS 32.83904024 96.85215072
OS 32.84233208 96.84062928
OS 32.84562392 96.82746192
OS 32.84891576 96.81264864
OS 32.85138464 96.79783536
OS 32.85385352 96.78137616
OS 32.8563224 96.764094
OS 32.85796832 96.74681184
OS 32.85961424 96.70895568
OS 32.85961424 96.67850616
OS 32.85879128 96.66863064
OE
OB 32.86126016 95.98145904 I
OS 32.86126016 95.97322944
OS 32.8604372 95.96417688
OS 32.85961424 95.95430136
OS 32.85796832 95.9329044
OS 32.85467648 95.90903856
OS 32.85056168 95.88517272
OS 32.84480096 95.86212984
OS 32.84480096 95.86130688
OS 32.843978 95.85966096
OS 32.84315504 95.85636912
OS 32.84150912 95.85225432
OS 32.8398632 95.84731656
OS 32.83739432 95.84073288
OS 32.83245656 95.82674256
OS 32.82504992 95.81110632
OS 32.81682032 95.79382416
OS 32.8069448 95.77736496
OS 32.79624632 95.76090576
OS 32.79624632 95.7600828
OS 32.7946004 95.75925984
OS 32.7904856 95.75432208
OS 32.78390192 95.74691544
OS 32.77484936 95.73786288
OS 32.76415088 95.72798736
OS 32.75098352 95.71728888
OS 32.73617024 95.70741336
OS 32.71971104 95.69918376
OS 32.71888808 95.69918376
OS 32.71806512 95.6983608
OS 32.71559624 95.69753784
OS 32.71148144 95.69589192
OS 32.70736664 95.694246
OS 32.70242888 95.69260008
OS 32.69008448 95.68848528
OS 32.6752712 95.68437048
OS 32.65798904 95.68107864
OS 32.63906096 95.67860976
OS 32.61848696 95.6777868
OS 32.617664 95.6777868
OS 32.61437216 95.6777868
OS 32.61025736 95.6777868
OS 32.60367368 95.67860976
OS 32.59626704 95.67860976
OS 32.58803744 95.68025568
OS 32.57816192 95.68107864
OS 32.56746344 95.68272456
OS 32.54524352 95.68766232
OS 32.52137768 95.69506896
OS 32.50985624 95.70000672
OS 32.49751184 95.70494448
OS 32.48681336 95.71152816
OS 32.47611488 95.7189348
OS 32.47529192 95.71975776
OS 32.473646 95.72058072
OS 32.47117712 95.7230496
OS 32.46706232 95.72634144
OS 32.46294752 95.73045624
OS 32.4571868 95.735394
OS 32.45142608 95.74115472
OS 32.44566536 95.7477384
OS 32.43825872 95.755968
OS 32.43167504 95.7641976
OS 32.42509136 95.77325016
OS 32.41768472 95.78312568
OS 32.40451736 95.80616856
OS 32.39217296 95.83168032
OS 32.39217296 95.82921144
OS 32.39135 95.82674256
OS 32.39052704 95.82345072
OS 32.38888112 95.81522112
OS 32.38641224 95.80369968
OS 32.3831204 95.79053232
OS 32.37818264 95.77571904
OS 32.37324488 95.76172872
OS 32.3666612 95.74691544
OS 32.3666612 95.74609248
OS 32.36583824 95.74526952
OS 32.36336936 95.74033176
OS 32.35925456 95.73374808
OS 32.3543168 95.72469552
OS 32.34691016 95.71482
OS 32.33950352 95.70412152
OS 32.33045096 95.69342304
OS 32.31975248 95.68272456
OS 32.31810656 95.6819016
OS 32.31481472 95.67860976
OS 32.309054 95.673672
OS 32.3008244 95.66708832
OS 32.29177184 95.66050464
OS 32.2802504 95.65392096
OS 32.267906 95.64651432
OS 32.25473864 95.6407536
OS 32.25309272 95.63993064
OS 32.24815496 95.63828472
OS 32.24074832 95.63581584
OS 32.2308728 95.63334696
OS 32.2185284 95.63087808
OS 32.20453808 95.6284092
OS 32.18890184 95.62676328
OS 32.17244264 95.62594032
OS 32.17161968 95.62594032
OS 32.1691508 95.62594032
OS 32.16585896 95.62594032
OS 32.16009824 95.62594032
OS 32.15433752 95.62676328
OS 32.14693088 95.62758624
OS 32.13870128 95.6284092
OS 32.12964872 95.62923216
OS 32.10907472 95.632524
OS 32.08767776 95.63746176
OS 32.06545784 95.64404544
OS 32.04323792 95.653098
OS 32.04241496 95.653098
OS 32.04076904 95.65392096
OS 32.0374772 95.65556688
OS 32.0333624 95.65803576
OS 32.02842464 95.66050464
OS 32.02266392 95.66461944
OS 32.00949656 95.67284904
OS 31.99386032 95.68437048
OS 31.97740112 95.6983608
OS 31.96094192 95.71482
OS 31.94530568 95.73457104
OS 31.94448272 95.735394
OS 31.94365976 95.73703992
OS 31.94119088 95.74033176
OS 31.938722 95.74444656
OS 31.93543016 95.75020728
OS 31.93131536 95.75679096
OS 31.92720056 95.7641976
OS 31.9222628 95.7724272
OS 31.91732504 95.78230272
OS 31.91238728 95.7930012
OS 31.90744952 95.80452264
OS 31.90251176 95.81686704
OS 31.897574 95.82921144
OS 31.89263624 95.84320176
OS 31.88358368 95.87365128
OS 31.88358368 95.87447424
OS 31.88276072 95.87776608
OS 31.88193776 95.88188088
OS 31.88029184 95.88846456
OS 31.87864592 95.89669416
OS 31.877 95.90656968
OS 31.87453112 95.91726816
OS 31.8728852 95.92961256
OS 31.87123928 95.94360288
OS 31.8687704 95.95841616
OS 31.86712448 95.97487536
OS 31.86547856 95.99215752
OS 31.86383264 96.0110856
OS 31.86300968 96.03001368
OS 31.86218672 96.05058768
OS 31.86218672 96.08679792
OS 31.86300968 96.09502752
OS 31.86300968 96.10408008
OS 31.86383264 96.12383112
OS 31.86383264 96.12876888
OS 31.8646556 96.13370664
OS 31.8646556 96.14934288
OS 31.86547856 96.1592184
OS 31.86712448 96.17896944
OS 31.86712448 96.1839072
OS 31.86794744 96.18884496
OS 31.86794744 96.19542864
OS 31.8687704 96.20365824
OS 31.86959336 96.2127108
OS 31.87123928 96.23246184
OS 31.87123928 96.2332848
OS 31.87206224 96.23657664
OS 31.87206224 96.2415144
OS 31.8728852 96.24809808
OS 31.87370816 96.25468176
OS 31.87453112 96.26291136
OS 31.877 96.2785476
OS 32.03418536 96.2785476
OS 32.03418536 96.27607872
OS 32.0333624 96.27360984
OS 32.03253944 96.270318
OS 32.03171648 96.2662032
OS 32.03089352 96.26126544
OS 32.0292476 96.24809808
OS 32.02677872 96.23246184
OS 32.02430984 96.21517968
OS 32.02184096 96.19542864
OS 32.01937208 96.17403168
OS 32.01937208 96.1715628
OS 32.01854912 96.16827096
OS 32.01854912 96.15839544
OS 32.01772616 96.15181176
OS 32.01772616 96.14522808
OS 32.0169032 96.13699848
OS 32.01608024 96.11889336
OS 32.01525728 96.09831936
OS 32.01443432 96.07609944
OS 32.01443432 96.03742032
OS 32.01525728 96.03083664
OS 32.01608024 96.01684632
OS 32.0169032 96.00038712
OS 32.01854912 95.982282
OS 32.021018 95.96417688
OS 32.02430984 95.94689472
OS 32.02430984 95.94607176
OS 32.0251328 95.9452488
OS 32.0251328 95.94277992
OS 32.02595576 95.93948808
OS 32.02842464 95.93125848
OS 32.03171648 95.92138296
OS 32.03665424 95.90986152
OS 32.041592 95.89751712
OS 32.04735272 95.88517272
OS 32.0539364 95.87365128
OS 32.05475936 95.87200536
OS 32.05722824 95.86871352
OS 32.06134304 95.86377576
OS 32.06710376 95.85719208
OS 32.0745104 95.8506084
OS 32.08274 95.84320176
OS 32.09179256 95.83661808
OS 32.10249104 95.83085736
OS 32.10413696 95.8300344
OS 32.1074288 95.82838848
OS 32.11318952 95.82674256
OS 32.12141912 95.82345072
OS 32.13129464 95.82098184
OS 32.14199312 95.81933592
OS 32.15433752 95.81769
OS 32.16750488 95.81686704
OS 32.1691508 95.81686704
OS 32.1732656 95.81686704
OS 32.17902632 95.81769
OS 32.18643296 95.81851296
OS 32.19548552 95.82015888
OS 32.20536104 95.82345072
OS 32.21523656 95.82674256
OS 32.22511208 95.83168032
OS 32.22593504 95.83250328
OS 32.22922688 95.8341492
OS 32.23416464 95.83744104
OS 32.24074832 95.8423788
OS 32.247332 95.84813952
OS 32.25473864 95.85554616
OS 32.26214528 95.86459872
OS 32.26955192 95.87447424
OS 32.27037488 95.87612016
OS 32.27284376 95.879412
OS 32.2761356 95.88599568
OS 32.2802504 95.89422528
OS 32.2843652 95.90492376
OS 32.28930296 95.91809112
OS 32.29341776 95.93208144
OS 32.29753256 95.94854064
OS 32.29753256 95.9493636
OS 32.29835552 95.95018656
OS 32.29835552 95.95265544
OS 32.29917848 95.95677024
OS 32.30000144 95.96088504
OS 32.3008244 95.9658228
OS 32.30329328 95.9781672
OS 32.3049392 95.99380344
OS 32.30658512 96.01190856
OS 32.30740808 96.03248256
OS 32.30823104 96.05470248
OS 32.30823104 96.16168728
OS 32.44648832 96.16168728
OS 32.44648832 96.04894176
OS 32.44731128 96.04318104
OS 32.44813424 96.03001368
OS 32.4489572 96.0152004
OS 32.45142608 95.9987412
OS 32.45389496 95.98310496
OS 32.4571868 95.96829168
OS 32.4571868 95.96746872
OS 32.45800976 95.96664576
OS 32.45965568 95.961708
OS 32.46212456 95.95512432
OS 32.4654164 95.94607176
OS 32.4695312 95.93619624
OS 32.47529192 95.92632072
OS 32.48105264 95.9164452
OS 32.48763632 95.90739264
OS 32.48845928 95.90656968
OS 32.49092816 95.90327784
OS 32.49504296 95.89916304
OS 32.50080368 95.89422528
OS 32.50738736 95.88928752
OS 32.51561696 95.8835268
OS 32.52384656 95.87858904
OS 32.53372208 95.87447424
OS 32.53454504 95.87365128
OS 32.53865984 95.87282832
OS 32.5435976 95.8711824
OS 32.55018128 95.86953648
OS 32.55841088 95.86789056
OS 32.5682864 95.86624464
OS 32.57816192 95.86459872
OS 32.5888604 95.86459872
OS 32.58968336 95.86459872
OS 32.59132928 95.86459872
OS 32.59462112 95.86459872
OS 32.59873592 95.86542168
OS 32.60367368 95.86542168
OS 32.6094344 95.86624464
OS 32.62260176 95.86953648
OS 32.63659208 95.87365128
OS 32.65140536 95.88105792
OS 32.66621864 95.89011048
OS 32.67280232 95.89669416
OS 32.67856304 95.90327784
OS 32.67856304 95.9041008
OS 32.68020896 95.90492376
OS 32.68185488 95.90739264
OS 32.6835008 95.91068448
OS 32.68596968 95.91479928
OS 32.68843856 95.91973704
OS 32.69090744 95.92549776
OS 32.69419928 95.9329044
OS 32.69749112 95.94031104
OS 32.69996 95.9493636
OS 32.70242888 95.95923912
OS 32.70489776 95.9699376
OS 32.70736664 95.98145904
OS 32.7081896 95.9946264
OS 32.70983552 96.00779376
OS 32.70983552 96.03742032
OS 32.70901256 96.044004
OS 32.70901256 96.05058768
OS 32.7081896 96.05881728
OS 32.70736664 96.07609944
OS 32.70489776 96.09502752
OS 32.70242888 96.11560152
OS 32.69831408 96.13699848
OS 32.69831408 96.13782144
OS 32.69749112 96.13946736
OS 32.69749112 96.1427592
OS 32.69666816 96.146874
OS 32.69502224 96.15181176
OS 32.69337632 96.15757248
OS 32.6917304 96.16497912
OS 32.69008448 96.17238576
OS 32.68596968 96.18966792
OS 32.68103192 96.20941896
OS 32.6752712 96.22999296
OS 32.66868752 96.25221288
OS 32.82093512 96.25221288
OS 32.82175808 96.25056696
OS 32.82258104 96.24645216
OS 32.82504992 96.23986848
OS 32.8275188 96.23163888
OS 32.82998768 96.22258632
OS 32.83327952 96.21188784
OS 32.83904024 96.18884496
OS 32.83904024 96.18719904
OS 32.84068616 96.1839072
OS 32.84150912 96.17732352
OS 32.84315504 96.16991688
OS 32.84562392 96.16086432
OS 32.84726984 96.15016584
OS 32.85138464 96.12794592
OS 32.85138464 96.1263
OS 32.8522076 96.12300816
OS 32.85303056 96.11642448
OS 32.85467648 96.10901784
OS 32.8563224 96.09996528
OS 32.85714536 96.0892668
OS 32.85961424 96.06704688
OS 32.85961424 96.06540096
OS 32.8604372 96.06128616
OS 32.8604372 96.05552544
OS 32.86126016 96.04729584
OS 32.86126016 96.03742032
OS 32.86208312 96.02672184
OS 32.86208312 95.98886568
OS 32.86126016 95.98145904
OE
SE
S P 0
OB 33.21868896 77.69226016 I
OS 33.2260956 77.69226016
OS 33.2343252 77.6914372
OS 33.24420072 77.6914372
OS 33.26559768 77.68896832
OS 33.2878176 77.68649944
OS 33.31086048 77.68238464
OS 33.33390336 77.67662392
OS 33.33472632 77.67662392
OS 33.33637224 77.67580096
OS 33.33966408 77.674978
OS 33.34377888 77.67415504
OS 33.34871664 77.67250912
OS 33.35530032 77.67004024
OS 33.36929064 77.66510248
OS 33.38492688 77.6585188
OS 33.40138608 77.65111216
OS 33.41866824 77.6420596
OS 33.43430448 77.63136112
OS 33.43512744 77.63136112
OS 33.4359504 77.6297152
OS 33.44088816 77.62642336
OS 33.4482948 77.61983968
OS 33.45734736 77.61161008
OS 33.46722288 77.6009116
OS 33.4770984 77.58939016
OS 33.48697392 77.57539984
OS 33.49602648 77.56058656
OS 33.49602648 77.5597636
OS 33.49684944 77.55894064
OS 33.4976724 77.55647176
OS 33.49931832 77.55317992
OS 33.50261016 77.54495032
OS 33.50672496 77.53342888
OS 33.51083976 77.52026152
OS 33.5141316 77.50462528
OS 33.51660048 77.48734312
OS 33.51742344 77.469238
OS 33.51742344 77.46841504
OS 33.51742344 77.46759208
OS 33.51742344 77.4651232
OS 33.51742344 77.46183136
OS 33.51660048 77.4527788
OS 33.51577752 77.44125736
OS 33.5141316 77.42891296
OS 33.51166272 77.41492264
OS 33.50837088 77.40010936
OS 33.50425608 77.38611904
OS 33.50343312 77.38447312
OS 33.5017872 77.37953536
OS 33.49931832 77.37295168
OS 33.49520352 77.36389912
OS 33.49026576 77.35320064
OS 33.48450504 77.3416792
OS 33.47792136 77.33015776
OS 33.47051472 77.31863632
OS 33.46969176 77.3169904
OS 33.46639992 77.31369856
OS 33.46228512 77.30793784
OS 33.45570144 77.3005312
OS 33.4482948 77.2923016
OS 33.43924224 77.28324904
OS 33.42936672 77.27419648
OS 33.41866824 77.26514392
OS 33.41702232 77.26432096
OS 33.41373048 77.26102912
OS 33.40796976 77.25691432
OS 33.39974016 77.25033064
OS 33.3906876 77.24374696
OS 33.37998912 77.23634032
OS 33.36846768 77.22893368
OS 33.35612328 77.22070408
OS 33.35694624 77.22070408
OS 33.3577692 77.21988112
OS 33.36270696 77.21741224
OS 33.36929064 77.21329744
OS 33.3783432 77.20753672
OS 33.38904168 77.20095304
OS 33.40056312 77.1935464
OS 33.42525192 77.17626424
OS 33.42689784 77.17544128
OS 33.43101264 77.17214944
OS 33.43677336 77.16721168
OS 33.44500296 77.160628
OS 33.45405552 77.1523984
OS 33.46310808 77.14252288
OS 33.4729836 77.1318244
OS 33.48285912 77.12030296
OS 33.48368208 77.11865704
OS 33.48697392 77.11454224
OS 33.49108872 77.10795856
OS 33.49684944 77.09972896
OS 33.50343312 77.08903048
OS 33.5100168 77.07750904
OS 33.51660048 77.06434168
OS 33.5223612 77.0495284
OS 33.5223612 77.04870544
OS 33.52318416 77.04788248
OS 33.52400712 77.0454136
OS 33.52483008 77.04294472
OS 33.52729896 77.03471512
OS 33.52976784 77.02319368
OS 33.53223672 77.01002632
OS 33.5347056 76.99521304
OS 33.53635152 76.97793088
OS 33.53717448 76.95982576
OS 33.53717448 76.9590028
OS 33.53717448 76.95653392
OS 33.53717448 76.95324208
OS 33.53717448 76.94830432
OS 33.53635152 76.9425436
OS 33.53552856 76.93595992
OS 33.5347056 76.92855328
OS 33.53388264 76.92032368
OS 33.5305908 76.90221856
OS 33.52565304 76.88246752
OS 33.51906936 76.86271648
OS 33.5100168 76.84296544
OS 33.5100168 76.84214248
OS 33.50919384 76.84049656
OS 33.50754792 76.83802768
OS 33.50507904 76.83473584
OS 33.49931832 76.82568328
OS 33.49108872 76.81333888
OS 33.48039024 76.80017152
OS 33.46804584 76.7861812
OS 33.45323256 76.77219088
OS 33.4359504 76.75820056
OS 33.43512744 76.75820056
OS 33.43348152 76.75655464
OS 33.43101264 76.75490872
OS 33.4277208 76.75243984
OS 33.42278304 76.74997096
OS 33.41784528 76.74667912
OS 33.4112616 76.74338728
OS 33.40467792 76.73927248
OS 33.38821872 76.73104288
OS 33.36929064 76.72281328
OS 33.34871664 76.71458368
OS 33.32567376 76.708
OS 33.3248508 76.708
OS 33.32320488 76.70717704
OS 33.31909008 76.70635408
OS 33.31497528 76.70553112
OS 33.3083916 76.7038852
OS 33.30180792 76.70223928
OS 33.29357832 76.70059336
OS 33.28452576 76.6997704
OS 33.2754732 76.69812448
OS 33.26477472 76.69647856
OS 33.24173184 76.69318672
OS 33.21622008 76.6915408
OS 33.1890624 76.69071784
OS 33.17507208 76.69071784
OS 33.1684884 76.6915408
OS 33.1602588 76.6915408
OS 33.15038328 76.69236376
OS 33.14050776 76.69318672
OS 33.11828784 76.69483264
OS 33.09359904 76.69812448
OS 33.06891024 76.70223928
OS 33.04422144 76.708
OS 33.04339848 76.708
OS 33.04175256 76.70882296
OS 33.03846072 76.70964592
OS 33.03352296 76.71129184
OS 33.0285852 76.71293776
OS 33.02200152 76.71540664
OS 33.0080112 76.7203444
OS 32.99072904 76.72775104
OS 32.97344688 76.73598064
OS 32.95534176 76.74585616
OS 32.93888256 76.75655464
OS 32.9380596 76.75655464
OS 32.93723664 76.75820056
OS 32.93229888 76.76231536
OS 32.92406928 76.76889904
OS 32.91501672 76.7779516
OS 32.9051412 76.78947304
OS 32.89444272 76.8026404
OS 32.88374424 76.81745368
OS 32.87469168 76.83391288
OS 32.87469168 76.83473584
OS 32.87386872 76.83638176
OS 32.87304576 76.83885064
OS 32.87139984 76.84214248
OS 32.86975392 76.84625728
OS 32.868108 76.85119504
OS 32.8639932 76.86353944
OS 32.8598784 76.87835272
OS 32.85658656 76.89563488
OS 32.85411768 76.91456296
OS 32.85329472 76.93513696
OS 32.85329472 76.93595992
OS 32.85329472 76.93760584
OS 32.85329472 76.94007472
OS 32.85329472 76.94336656
OS 32.85411768 76.95241912
OS 32.85494064 76.96476352
OS 32.85658656 76.97875384
OS 32.85905544 76.99274416
OS 32.86234728 77.0083804
OS 32.86728504 77.02319368
OS 32.86728504 77.02401664
OS 32.868108 77.0248396
OS 32.86975392 77.02977736
OS 32.87304576 77.037184
OS 32.87798352 77.04705952
OS 32.88374424 77.057758
OS 32.89032792 77.0701024
OS 32.89773456 77.08162384
OS 32.90678712 77.09396824
OS 32.90761008 77.09561416
OS 32.91172488 77.09972896
OS 32.91666264 77.10548968
OS 32.92406928 77.11289632
OS 32.93229888 77.12194888
OS 32.9421744 77.1318244
OS 32.95287288 77.14087696
OS 32.96521728 77.15075248
OS 32.9668632 77.15157544
OS 32.970978 77.15486728
OS 32.97756168 77.15980504
OS 32.98661424 77.16638872
OS 32.99648976 77.17379536
OS 33.00883416 77.18202496
OS 33.02117856 77.19025456
OS 33.03516888 77.19848416
OS 33.03352296 77.19930712
OS 33.02940816 77.201776
OS 33.02282448 77.2058908
OS 33.01459488 77.21082856
OS 33.00471936 77.21741224
OS 32.99402088 77.22399592
OS 32.97180096 77.24045512
OS 32.97015504 77.24127808
OS 32.9668632 77.24456992
OS 32.96192544 77.24950768
OS 32.9545188 77.2552684
OS 32.94711216 77.263498
OS 32.9380596 77.2717276
OS 32.92900704 77.28160312
OS 32.92077744 77.2923016
OS 32.91995448 77.29394752
OS 32.9174856 77.29723936
OS 32.9133708 77.30300008
OS 32.90843304 77.31122968
OS 32.90267232 77.32028224
OS 32.8969116 77.33180368
OS 32.89032792 77.34332512
OS 32.88539016 77.35649248
OS 32.88539016 77.35731544
OS 32.8845672 77.3581384
OS 32.88374424 77.36307616
OS 32.88127536 77.3704828
OS 32.87962944 77.38035832
OS 32.87716056 77.39270272
OS 32.87469168 77.40587008
OS 32.87386872 77.42150632
OS 32.87304576 77.43796552
OS 32.87304576 77.43878848
OS 32.87304576 77.4404344
OS 32.87304576 77.44290328
OS 32.87304576 77.44701808
OS 32.87386872 77.45195584
OS 32.87386872 77.4568936
OS 32.87551464 77.47006096
OS 32.87798352 77.48487424
OS 32.88127536 77.5021564
OS 32.88621312 77.51943856
OS 32.8927968 77.53672072
OS 32.8927968 77.53754368
OS 32.89361976 77.5391896
OS 32.89526568 77.54083552
OS 32.8969116 77.54412736
OS 32.90184936 77.55317992
OS 32.90843304 77.5638784
OS 32.91666264 77.57704576
OS 32.92736112 77.59021312
OS 32.93970552 77.60420344
OS 32.95369584 77.6173708
OS 32.9545188 77.61819376
OS 32.95534176 77.61901672
OS 32.95781064 77.62066264
OS 32.96110248 77.62313152
OS 32.96521728 77.62642336
OS 32.96933208 77.6297152
OS 32.98167648 77.6379448
OS 32.99648976 77.6461744
OS 33.01377192 77.65522696
OS 33.03352296 77.66427952
OS 33.05491992 77.67250912
OS 33.05574288 77.67250912
OS 33.0573888 77.67333208
OS 33.0615036 77.67415504
OS 33.0656184 77.67580096
OS 33.07137912 77.67744688
OS 33.07878576 77.6790928
OS 33.08701536 77.68073872
OS 33.09606792 77.6832076
OS 33.10594344 77.68485352
OS 33.11746488 77.68649944
OS 33.12898632 77.68814536
OS 33.14215368 77.68979128
OS 33.16931136 77.69226016
OS 33.19893792 77.69308312
OS 33.21210528 77.69308312
OS 33.21868896 77.69226016
OE
OB 32.49036936 77.68979128 I
OS 32.51258928 77.68896832
OS 32.51752704 77.68896832
OS 32.52328776 77.68814536
OS 32.5306944 77.6873224
OS 32.53974696 77.68649944
OS 32.54962248 77.68567648
OS 32.57019648 77.6832076
OS 32.5718424 77.6832076
OS 32.57513424 77.68238464
OS 32.58089496 77.68156168
OS 32.58747864 77.67991576
OS 32.5965312 77.67826984
OS 32.60558376 77.67662392
OS 32.62698072 77.67168616
OS 32.62862664 77.67168616
OS 32.63191848 77.6708632
OS 32.6376792 77.66921728
OS 32.6459088 77.66757136
OS 32.65496136 77.66510248
OS 32.66483688 77.66181064
OS 32.68787976 77.65522696
OS 32.68787976 77.47417576
OS 32.6870568 77.47417576
OS 32.68541088 77.47582168
OS 32.68129608 77.47664464
OS 32.67718128 77.47911352
OS 32.67142056 77.4815824
OS 32.66483688 77.48405128
OS 32.65743024 77.48734312
OS 32.64920064 77.49063496
OS 32.63027256 77.49721864
OS 32.61052152 77.50462528
OS 32.5883016 77.51120896
OS 32.56690464 77.51614672
OS 32.56608168 77.51614672
OS 32.56443576 77.51696968
OS 32.56114392 77.51779264
OS 32.55702912 77.5186156
OS 32.55209136 77.51943856
OS 32.54633064 77.52026152
OS 32.53234032 77.5227304
OS 32.51670408 77.52519928
OS 32.49942192 77.52766816
OS 32.4813168 77.52849112
OS 32.46321168 77.52931408
OS 32.45169024 77.52931408
OS 32.44592952 77.52849112
OS 32.43852288 77.52766816
OS 32.43111624 77.5268452
OS 32.42288664 77.52602224
OS 32.40395856 77.5227304
OS 32.38420752 77.5186156
OS 32.36363352 77.51203192
OS 32.34470544 77.50380232
OS 32.34388248 77.50380232
OS 32.34223656 77.50297936
OS 32.33976768 77.50133344
OS 32.33647584 77.49886456
OS 32.32742328 77.4939268
OS 32.3167248 77.4856972
OS 32.30355744 77.47582168
OS 32.29039008 77.46430024
OS 32.27722272 77.44948696
OS 32.26487832 77.43385072
OS 32.26487832 77.43302776
OS 32.2632324 77.4322048
OS 32.26158648 77.42973592
OS 32.25994056 77.42562112
OS 32.25747168 77.42150632
OS 32.25417984 77.41656856
OS 32.24759616 77.40422416
OS 32.24018952 77.38858792
OS 32.23195992 77.3704828
OS 32.22537624 77.3499088
OS 32.21879256 77.32768888
OS 32.21879256 77.32686592
OS 32.2179696 77.32522
OS 32.21714664 77.32192816
OS 32.21632368 77.3169904
OS 32.21550072 77.31122968
OS 32.2138548 77.304646
OS 32.21303184 77.2964164
OS 32.21138592 77.28736384
OS 32.20974 77.27831128
OS 32.20891704 77.2676128
OS 32.20644816 77.24456992
OS 32.20480224 77.21905816
OS 32.20397928 77.19190048
OS 32.20397928 77.19107752
OS 32.20397928 77.18860864
OS 32.20397928 77.18449384
OS 32.20397928 77.17873312
OS 32.20480224 77.17132648
OS 32.20480224 77.16391984
OS 32.2056252 77.15486728
OS 32.2056252 77.14499176
OS 32.20727112 77.12277184
OS 32.21056296 77.098906
OS 32.2138548 77.07504016
OS 32.21879256 77.05117432
OS 32.21879256 77.05035136
OS 32.21961552 77.04870544
OS 32.22043848 77.0454136
OS 32.22126144 77.04047584
OS 32.22290736 77.03553808
OS 32.22537624 77.02977736
OS 32.230314 77.01496408
OS 32.23689768 76.99850488
OS 32.24512728 76.98039976
OS 32.25417984 76.9631176
OS 32.26570128 76.94583544
OS 32.26570128 76.94501248
OS 32.2673472 76.94418952
OS 32.271462 76.9384288
OS 32.27886864 76.93102216
OS 32.2879212 76.9219696
OS 32.29944264 76.91127112
OS 32.31343296 76.90057264
OS 32.32989216 76.88987416
OS 32.34717432 76.8808216
OS 32.34799728 76.8808216
OS 32.3496432 76.87999864
OS 32.35211208 76.87917568
OS 32.35622688 76.87752976
OS 32.36116464 76.87588384
OS 32.36692536 76.87341496
OS 32.37350904 76.87176904
OS 32.38091568 76.87012312
OS 32.39819784 76.86600832
OS 32.41877184 76.86189352
OS 32.44099176 76.85942464
OS 32.46568056 76.85860168
OS 32.47473312 76.85860168
OS 32.4813168 76.85942464
OS 32.4895464 76.85942464
OS 32.49859896 76.8602476
OS 32.51835 76.86271648
OS 32.51999592 76.86271648
OS 32.52328776 76.86353944
OS 32.52904848 76.8643624
OS 32.53645512 76.86600832
OS 32.54550768 76.86765424
OS 32.55456024 76.87012312
OS 32.5759572 76.87506088
OS 32.57760312 76.87506088
OS 32.58089496 76.8767068
OS 32.58665568 76.87835272
OS 32.59406232 76.8808216
OS 32.60311488 76.88329048
OS 32.6129904 76.88658232
OS 32.63438736 76.89398896
OS 32.63603328 76.89481192
OS 32.63932512 76.89563488
OS 32.64508584 76.89810376
OS 32.65166952 76.90057264
OS 32.65989912 76.90386448
OS 32.66895168 76.90797928
OS 32.68787976 76.91620888
OS 32.68787976 76.74585616
OS 32.6870568 76.74585616
OS 32.68458792 76.7450332
OS 32.68129608 76.74338728
OS 32.67718128 76.74174136
OS 32.6705976 76.73927248
OS 32.66401392 76.7368036
OS 32.65660728 76.73433472
OS 32.64755472 76.73104288
OS 32.62862664 76.7244592
OS 32.60722968 76.71869848
OS 32.58500976 76.7121148
OS 32.56196688 76.70717704
OS 32.56114392 76.70717704
OS 32.559498 76.70635408
OS 32.55620616 76.70635408
OS 32.5512684 76.70553112
OS 32.54633064 76.70470816
OS 32.53974696 76.70306224
OS 32.53234032 76.70223928
OS 32.52411072 76.70141632
OS 32.50518264 76.69894744
OS 32.48378568 76.69647856
OS 32.4607428 76.6956556
OS 32.43687696 76.69483264
OS 32.42700144 76.69483264
OS 32.4195948 76.6956556
OS 32.41054224 76.6956556
OS 32.39984376 76.69647856
OS 32.38749936 76.69730152
OS 32.374332 76.69894744
OS 32.36034168 76.70059336
OS 32.3455284 76.70223928
OS 32.31507888 76.708
OS 32.28298344 76.71540664
OS 32.25171096 76.72528216
OS 32.250888 76.72528216
OS 32.24841912 76.72692808
OS 32.24430432 76.728574
OS 32.2385436 76.73104288
OS 32.23113696 76.73433472
OS 32.22290736 76.73844952
OS 32.21467776 76.74256432
OS 32.20480224 76.74832504
OS 32.18340528 76.76066944
OS 32.1603624 76.77630568
OS 32.13731952 76.79523376
OS 32.11592256 76.81663072
OS 32.1150996 76.81745368
OS 32.11345368 76.8190996
OS 32.1109848 76.8232144
OS 32.10687 76.8273292
OS 32.10193224 76.83391288
OS 32.09699448 76.84049656
OS 32.09123376 76.84872616
OS 32.08465008 76.85860168
OS 32.0780664 76.8684772
OS 32.07148272 76.87999864
OS 32.06407608 76.89234304
OS 32.0574924 76.9055104
OS 32.05008576 76.92032368
OS 32.04350208 76.93513696
OS 32.03198064 76.9672324
OS 32.03198064 76.96805536
OS 32.03115768 76.9713472
OS 32.02951176 76.97628496
OS 32.02786584 76.98286864
OS 32.02539696 76.9919212
OS 32.02292808 77.00179672
OS 32.0204592 77.01414112
OS 32.01799032 77.02730848
OS 32.01552144 77.04212176
OS 32.01305256 77.05858096
OS 32.01058368 77.07586312
OS 32.0081148 77.09396824
OS 32.00646888 77.11371928
OS 32.00482296 77.13347032
OS 32.004 77.15486728
OS 32.004 77.1770872
OS 32.004 77.17873312
OS 32.004 77.18284792
OS 32.004 77.1894316
OS 32.00482296 77.1976612
OS 32.00482296 77.20835968
OS 32.00564592 77.22070408
OS 32.00646888 77.2346944
OS 32.0081148 77.25033064
OS 32.00976072 77.26678984
OS 32.01140664 77.284072
OS 32.01716736 77.32028224
OS 32.024574 77.3581384
OS 32.03444952 77.39434864
OS 32.03444952 77.3951716
OS 32.03609544 77.39846344
OS 32.03774136 77.4034012
OS 32.04021024 77.40998488
OS 32.04350208 77.41821448
OS 32.04761688 77.42809
OS 32.05173168 77.43878848
OS 32.0574924 77.45030992
OS 32.0698368 77.47582168
OS 32.08547304 77.50297936
OS 32.1027552 77.53013704
OS 32.1233292 77.5556488
OS 32.12415216 77.55647176
OS 32.12579808 77.55894064
OS 32.12908992 77.56223248
OS 32.13402768 77.56634728
OS 32.1397884 77.572108
OS 32.14637208 77.57869168
OS 32.15377872 77.58527536
OS 32.16283128 77.592682
OS 32.1727068 77.6009116
OS 32.18340528 77.6091412
OS 32.19492672 77.6173708
OS 32.20727112 77.6256004
OS 32.2344288 77.6420596
OS 32.26405536 77.65604992
OS 32.26487832 77.65687288
OS 32.26817016 77.65769584
OS 32.27228496 77.65934176
OS 32.27886864 77.66181064
OS 32.28627528 77.66427952
OS 32.2961508 77.6667484
OS 32.30684928 77.67004024
OS 32.31837072 77.67333208
OS 32.33153808 77.67662392
OS 32.34635136 77.67991576
OS 32.36116464 77.68238464
OS 32.37762384 77.68485352
OS 32.394906 77.6873224
OS 32.41218816 77.68896832
OS 32.45004432 77.69061424
OS 32.48049384 77.69061424
OS 32.49036936 77.68979128
OE
OB 33.17589504 77.12606368 H
OS 33.17424912 77.12524072
OS 33.17095728 77.1235948
OS 33.16519656 77.12030296
OS 33.15861288 77.11618816
OS 33.14956032 77.1112504
OS 33.14050776 77.10548968
OS 33.12075672 77.09232232
OS 33.11993376 77.09149936
OS 33.11664192 77.08903048
OS 33.11170416 77.08573864
OS 33.10594344 77.08080088
OS 33.0985368 77.07504016
OS 33.09113016 77.06845648
OS 33.07631688 77.0536432
OS 33.07549392 77.05282024
OS 33.07302504 77.0495284
OS 33.0697332 77.0454136
OS 33.0656184 77.03965288
OS 33.0615036 77.0330692
OS 33.05656584 77.0248396
OS 33.04669032 77.00673448
OS 33.04586736 77.00591152
OS 33.0450444 77.00261968
OS 33.04339848 76.99685896
OS 33.04175256 76.99027528
OS 33.03928368 76.98122272
OS 33.03763776 76.9713472
OS 33.0368148 76.96064872
OS 33.03599184 76.94912728
OS 33.03599184 76.94830432
OS 33.03599184 76.9466584
OS 33.03599184 76.94418952
OS 33.0368148 76.94007472
OS 33.03763776 76.93513696
OS 33.03846072 76.9301992
OS 33.04175256 76.9178548
OS 33.04669032 76.90386448
OS 33.05409696 76.8890512
OS 33.05903472 76.88246752
OS 33.0656184 76.87588384
OS 33.07220208 76.86930016
OS 33.07960872 76.86353944
OS 33.08043168 76.86353944
OS 33.08125464 76.86189352
OS 33.08372352 76.86107056
OS 33.08783832 76.85860168
OS 33.09195312 76.85695576
OS 33.09689088 76.85448688
OS 33.10347456 76.85119504
OS 33.11005824 76.84872616
OS 33.11828784 76.84625728
OS 33.1273404 76.84296544
OS 33.14626848 76.83885064
OS 33.16931136 76.8355588
OS 33.19482312 76.83391288
OS 33.20716752 76.83391288
OS 33.21457416 76.83473584
OS 33.22444968 76.8355588
OS 33.23514816 76.83638176
OS 33.25654512 76.84049656
OS 33.25819104 76.84049656
OS 33.26148288 76.84214248
OS 33.26642064 76.84296544
OS 33.27382728 76.84543432
OS 33.28123392 76.84872616
OS 33.29028648 76.852018
OS 33.30674568 76.86107056
OS 33.30756864 76.86189352
OS 33.31003752 76.86353944
OS 33.31415232 76.86683128
OS 33.31909008 76.87094608
OS 33.3248508 76.87588384
OS 33.33061152 76.88164456
OS 33.33637224 76.8890512
OS 33.34131 76.89645784
OS 33.34213296 76.8972808
OS 33.34377888 76.90057264
OS 33.3454248 76.9055104
OS 33.34789368 76.91127112
OS 33.35036256 76.91950072
OS 33.35283144 76.92773032
OS 33.3536544 76.9384288
OS 33.35447736 76.94912728
OS 33.35447736 76.9507732
OS 33.35447736 76.95406504
OS 33.3536544 76.96064872
OS 33.35283144 76.96805536
OS 33.35118552 76.97628496
OS 33.34789368 76.98616048
OS 33.34460184 76.99521304
OS 33.33966408 77.00508856
OS 33.33884112 77.00591152
OS 33.3371952 77.00920336
OS 33.33390336 77.01414112
OS 33.32978856 77.01990184
OS 33.32402784 77.02730848
OS 33.31744416 77.03471512
OS 33.31003752 77.04212176
OS 33.30098496 77.05035136
OS 33.300162 77.05117432
OS 33.29687016 77.0536432
OS 33.2919324 77.057758
OS 33.28534872 77.06351872
OS 33.27629616 77.06927944
OS 33.2672436 77.07586312
OS 33.25572216 77.08326976
OS 33.24420072 77.08985344
OS 33.2425548 77.0906764
OS 33.23844 77.09314528
OS 33.23185632 77.09643712
OS 33.22362672 77.10137488
OS 33.2137512 77.1071356
OS 33.20222976 77.11289632
OS 33.1890624 77.11948
OS 33.17589504 77.12606368
OE
OB 33.19482312 77.55400288 H
OS 33.18330168 77.55400288
OS 33.17754096 77.55317992
OS 33.17095728 77.55235696
OS 33.15532104 77.55071104
OS 33.13803888 77.5474192
OS 33.11993376 77.5433044
OS 33.1026516 77.53672072
OS 33.08701536 77.52766816
OS 33.08536944 77.5268452
OS 33.08125464 77.5227304
OS 33.07467096 77.51696968
OS 33.06808728 77.50791712
OS 33.0615036 77.49721864
OS 33.05491992 77.48322832
OS 33.05080512 77.46759208
OS 33.04998216 77.45853952
OS 33.0491592 77.44948696
OS 33.0491592 77.448664
OS 33.0491592 77.4445492
OS 33.04998216 77.43961144
OS 33.05080512 77.43302776
OS 33.05245104 77.42479816
OS 33.05409696 77.41656856
OS 33.0573888 77.407516
OS 33.0615036 77.3992864
OS 33.06232656 77.39846344
OS 33.06397248 77.3951716
OS 33.06644136 77.3910568
OS 33.07055616 77.38611904
OS 33.07549392 77.37953536
OS 33.08125464 77.37295168
OS 33.08783832 77.36554504
OS 33.09606792 77.3581384
OS 33.09689088 77.35731544
OS 33.10018272 77.35484656
OS 33.10512048 77.35155472
OS 33.1108812 77.34661696
OS 33.1191108 77.34085624
OS 33.1273404 77.33509552
OS 33.13803888 77.3293348
OS 33.14873736 77.32275112
OS 33.15038328 77.32192816
OS 33.15367512 77.32028224
OS 33.1602588 77.3169904
OS 33.1684884 77.3128756
OS 33.17754096 77.30711488
OS 33.1890624 77.30217712
OS 33.20058384 77.29559344
OS 33.21292824 77.28983272
OS 33.21457416 77.29065568
OS 33.217866 77.2923016
OS 33.22280376 77.29559344
OS 33.22938744 77.29970824
OS 33.23679408 77.30382304
OS 33.24584664 77.30958376
OS 33.2631288 77.3211052
OS 33.26395176 77.32192816
OS 33.2672436 77.32439704
OS 33.2713584 77.32768888
OS 33.27711912 77.33262664
OS 33.2837028 77.3375644
OS 33.29028648 77.34414808
OS 33.30345384 77.3581384
OS 33.3042768 77.35896136
OS 33.30674568 77.36143024
OS 33.30921456 77.36554504
OS 33.31332936 77.37130576
OS 33.31826712 77.37788944
OS 33.32238192 77.38529608
OS 33.33143448 77.40175528
OS 33.33225744 77.40257824
OS 33.3330804 77.40587008
OS 33.33472632 77.41080784
OS 33.3371952 77.41739152
OS 33.33884112 77.42479816
OS 33.34048704 77.43385072
OS 33.34131 77.44372624
OS 33.34213296 77.45442472
OS 33.34213296 77.45524768
OS 33.34213296 77.4568936
OS 33.34213296 77.45936248
OS 33.34131 77.46265432
OS 33.34048704 77.47088392
OS 33.3371952 77.4815824
OS 33.3330804 77.4939268
OS 33.32567376 77.5062712
OS 33.3166212 77.51779264
OS 33.31003752 77.52355336
OS 33.30345384 77.52849112
OS 33.30263088 77.52849112
OS 33.30180792 77.52931408
OS 33.29933904 77.53096
OS 33.29687016 77.53260592
OS 33.29275536 77.53425184
OS 33.2878176 77.53672072
OS 33.28205688 77.5391896
OS 33.2754732 77.54165848
OS 33.26806656 77.5433044
OS 33.26065992 77.54577328
OS 33.24173184 77.54988808
OS 33.21951192 77.55317992
OS 33.19482312 77.55400288
OE
SE
S P 0
OB 34.50979128 96.66863064 I
OS 34.50896832 96.64641072
OS 34.50896832 96.64147296
OS 34.50814536 96.63571224
OS 34.5073224 96.6283056
OS 34.50649944 96.61925304
OS 34.50567648 96.60937752
OS 34.5032076 96.58880352
OS 34.5032076 96.5871576
OS 34.50238464 96.58386576
OS 34.50156168 96.57810504
OS 34.49991576 96.57152136
OS 34.49826984 96.5624688
OS 34.49662392 96.55341624
OS 34.49168616 96.53201928
OS 34.49168616 96.53037336
OS 34.4908632 96.52708152
OS 34.48921728 96.5213208
OS 34.48757136 96.5130912
OS 34.48510248 96.50403864
OS 34.48181064 96.49416312
OS 34.47522696 96.47112024
OS 34.29417576 96.47112024
OS 34.29417576 96.4719432
OS 34.29582168 96.47358912
OS 34.29664464 96.47770392
OS 34.29911352 96.48181872
OS 34.3015824 96.48757944
OS 34.30405128 96.49416312
OS 34.30734312 96.50156976
OS 34.31063496 96.50979936
OS 34.31721864 96.52872744
OS 34.32462528 96.54847848
OS 34.33120896 96.5706984
OS 34.33614672 96.59209536
OS 34.33614672 96.59291832
OS 34.33696968 96.59456424
OS 34.33779264 96.59785608
OS 34.3386156 96.60197088
OS 34.33943856 96.60690864
OS 34.34026152 96.61266936
OS 34.3427304 96.62665968
OS 34.34519928 96.64229592
OS 34.34766816 96.65957808
OS 34.34849112 96.6776832
OS 34.34931408 96.69578832
OS 34.34931408 96.70730976
OS 34.34849112 96.71307048
OS 34.34766816 96.72047712
OS 34.3468452 96.72788376
OS 34.34602224 96.73611336
OS 34.3427304 96.75504144
OS 34.3386156 96.77479248
OS 34.33203192 96.79536648
OS 34.32380232 96.81429456
OS 34.32380232 96.81511752
OS 34.32297936 96.81676344
OS 34.32133344 96.81923232
OS 34.31886456 96.82252416
OS 34.3139268 96.83157672
OS 34.3056972 96.8422752
OS 34.29582168 96.85544256
OS 34.28430024 96.86860992
OS 34.26948696 96.88177728
OS 34.25385072 96.89412168
OS 34.25302776 96.89412168
OS 34.2522048 96.8957676
OS 34.24973592 96.89741352
OS 34.24562112 96.89905944
OS 34.24150632 96.90152832
OS 34.23656856 96.90482016
OS 34.22422416 96.91140384
OS 34.20858792 96.91881048
OS 34.1904828 96.92704008
OS 34.1699088 96.93362376
OS 34.14768888 96.94020744
OS 34.14686592 96.94020744
OS 34.14522 96.9410304
OS 34.14192816 96.94185336
OS 34.1369904 96.94267632
OS 34.13122968 96.94349928
OS 34.124646 96.9451452
OS 34.1164164 96.94596816
OS 34.10736384 96.94761408
OS 34.09831128 96.94926
OS 34.0876128 96.95008296
OS 34.06456992 96.95255184
OS 34.03905816 96.95419776
OS 34.01190048 96.95502072
OS 34.01107752 96.95502072
OS 34.00860864 96.95502072
OS 34.00449384 96.95502072
OS 33.99873312 96.95502072
OS 33.99132648 96.95419776
OS 33.98391984 96.95419776
OS 33.97486728 96.9533748
OS 33.96499176 96.9533748
OS 33.94277184 96.95172888
OS 33.918906 96.94843704
OS 33.89504016 96.9451452
OS 33.87117432 96.94020744
OS 33.87035136 96.94020744
OS 33.86870544 96.93938448
OS 33.8654136 96.93856152
OS 33.86047584 96.93773856
OS 33.85553808 96.93609264
OS 33.84977736 96.93362376
OS 33.83496408 96.928686
OS 33.81850488 96.92210232
OS 33.80039976 96.91387272
OS 33.7831176 96.90482016
OS 33.76583544 96.89329872
OS 33.76501248 96.89329872
OS 33.76418952 96.8916528
OS 33.7584288 96.887538
OS 33.75102216 96.88013136
OS 33.7419696 96.8710788
OS 33.73127112 96.85955736
OS 33.72057264 96.84556704
OS 33.70987416 96.82910784
OS 33.7008216 96.81182568
OS 33.7008216 96.81100272
OS 33.69999864 96.8093568
OS 33.69917568 96.80688792
OS 33.69752976 96.80277312
OS 33.69588384 96.79783536
OS 33.69341496 96.79207464
OS 33.69176904 96.78549096
OS 33.69012312 96.77808432
OS 33.68600832 96.76080216
OS 33.68189352 96.74022816
OS 33.67942464 96.71800824
OS 33.67860168 96.69331944
OS 33.67860168 96.68426688
OS 33.67942464 96.6776832
OS 33.67942464 96.6694536
OS 33.6802476 96.66040104
OS 33.68271648 96.64065
OS 33.68271648 96.63900408
OS 33.68353944 96.63571224
OS 33.6843624 96.62995152
OS 33.68600832 96.62254488
OS 33.68765424 96.61349232
OS 33.69012312 96.60443976
OS 33.69506088 96.5830428
OS 33.69506088 96.58139688
OS 33.6967068 96.57810504
OS 33.69835272 96.57234432
OS 33.7008216 96.56493768
OS 33.70329048 96.55588512
OS 33.70658232 96.5460096
OS 33.71398896 96.52461264
OS 33.71481192 96.52296672
OS 33.71563488 96.51967488
OS 33.71810376 96.51391416
OS 33.72057264 96.50733048
OS 33.72386448 96.49910088
OS 33.72797928 96.49004832
OS 33.73620888 96.47112024
OS 33.56585616 96.47112024
OS 33.56585616 96.4719432
OS 33.5650332 96.47441208
OS 33.56338728 96.47770392
OS 33.56174136 96.48181872
OS 33.55927248 96.4884024
OS 33.5568036 96.49498608
OS 33.55433472 96.50239272
OS 33.55104288 96.51144528
OS 33.5444592 96.53037336
OS 33.53869848 96.55177032
OS 33.5321148 96.57399024
OS 33.52717704 96.59703312
OS 33.52717704 96.59785608
OS 33.52635408 96.599502
OS 33.52635408 96.60279384
OS 33.52553112 96.6077316
OS 33.52470816 96.61266936
OS 33.52306224 96.61925304
OS 33.52223928 96.62665968
OS 33.52141632 96.63488928
OS 33.51894744 96.65381736
OS 33.51647856 96.67521432
OS 33.5156556 96.6982572
OS 33.51483264 96.72212304
OS 33.51483264 96.73199856
OS 33.5156556 96.7394052
OS 33.5156556 96.74845776
OS 33.51647856 96.75915624
OS 33.51730152 96.77150064
OS 33.51894744 96.784668
OS 33.52059336 96.79865832
OS 33.52223928 96.8134716
OS 33.528 96.84392112
OS 33.53540664 96.87601656
OS 33.54528216 96.90728904
OS 33.54528216 96.908112
OS 33.54692808 96.91058088
OS 33.548574 96.91469568
OS 33.55104288 96.9204564
OS 33.55433472 96.92786304
OS 33.55844952 96.93609264
OS 33.56256432 96.94432224
OS 33.56832504 96.95419776
OS 33.58066944 96.97559472
OS 33.59630568 96.9986376
OS 33.61523376 97.02168048
OS 33.63663072 97.04307744
OS 33.63745368 97.0439004
OS 33.6390996 97.04554632
OS 33.6432144 97.0480152
OS 33.6473292 97.05213
OS 33.65391288 97.05706776
OS 33.66049656 97.06200552
OS 33.66872616 97.06776624
OS 33.67860168 97.07434992
OS 33.6884772 97.0809336
OS 33.69999864 97.08751728
OS 33.71234304 97.09492392
OS 33.7255104 97.1015076
OS 33.74032368 97.10891424
OS 33.75513696 97.11549792
OS 33.7872324 97.12701936
OS 33.78805536 97.12701936
OS 33.7913472 97.12784232
OS 33.79628496 97.12948824
OS 33.80286864 97.13113416
OS 33.8119212 97.13360304
OS 33.82179672 97.13607192
OS 33.83414112 97.1385408
OS 33.84730848 97.14100968
OS 33.86212176 97.14347856
OS 33.87858096 97.14594744
OS 33.89586312 97.14841632
OS 33.91396824 97.1508852
OS 33.93371928 97.15253112
OS 33.95347032 97.15417704
OS 33.97486728 97.155
OS 33.9970872 97.155
OS 33.99873312 97.155
OS 34.00284792 97.155
OS 34.0094316 97.155
OS 34.0176612 97.15417704
OS 34.02835968 97.15417704
OS 34.04070408 97.15335408
OS 34.0546944 97.15253112
OS 34.07033064 97.1508852
OS 34.08678984 97.14923928
OS 34.104072 97.14759336
OS 34.14028224 97.14183264
OS 34.1781384 97.134426
OS 34.21434864 97.12455048
OS 34.2151716 97.12455048
OS 34.21846344 97.12290456
OS 34.2234012 97.12125864
OS 34.22998488 97.11878976
OS 34.23821448 97.11549792
OS 34.24809 97.11138312
OS 34.25878848 97.10726832
OS 34.27030992 97.1015076
OS 34.29582168 97.0891632
OS 34.32297936 97.07352696
OS 34.35013704 97.0562448
OS 34.3756488 97.0356708
OS 34.37647176 97.03484784
OS 34.37894064 97.03320192
OS 34.38223248 97.02991008
OS 34.38634728 97.02497232
OS 34.392108 97.0192116
OS 34.39869168 97.01262792
OS 34.40527536 97.00522128
OS 34.412682 96.99616872
OS 34.4209116 96.9862932
OS 34.4291412 96.97559472
OS 34.4373708 96.96407328
OS 34.4456004 96.95172888
OS 34.4620596 96.9245712
OS 34.47604992 96.89494464
OS 34.47687288 96.89412168
OS 34.47769584 96.89082984
OS 34.47934176 96.88671504
OS 34.48181064 96.88013136
OS 34.48427952 96.87272472
OS 34.4867484 96.8628492
OS 34.49004024 96.85215072
OS 34.49333208 96.84062928
OS 34.49662392 96.82746192
OS 34.49991576 96.81264864
OS 34.50238464 96.79783536
OS 34.50485352 96.78137616
OS 34.5073224 96.764094
OS 34.50896832 96.74681184
OS 34.51061424 96.70895568
OS 34.51061424 96.67850616
OS 34.50979128 96.66863064
OE
OB 34.3262712 95.68848528 I
OS 34.3262712 96.07856832
OS 34.1287608 96.07856832
OS 34.1287608 95.9905116
OS 34.12793784 95.982282
OS 34.12793784 95.97322944
OS 34.12711488 95.96417688
OS 34.12546896 95.94195696
OS 34.12300008 95.91809112
OS 34.11970824 95.89340232
OS 34.11477048 95.86789056
OS 34.11477048 95.8670676
OS 34.11394752 95.86459872
OS 34.11312456 95.86130688
OS 34.1123016 95.85636912
OS 34.11065568 95.8506084
OS 34.10900976 95.84402472
OS 34.10654088 95.83579512
OS 34.104072 95.82756552
OS 34.09748832 95.8094604
OS 34.09008168 95.7888864
OS 34.08020616 95.7683124
OS 34.06868472 95.74856136
OS 34.06868472 95.7477384
OS 34.0670388 95.74609248
OS 34.06539288 95.7436236
OS 34.062924 95.74033176
OS 34.05551736 95.73045624
OS 34.04481888 95.7189348
OS 34.03247448 95.70576744
OS 34.01683824 95.69177712
OS 33.99955608 95.67860976
OS 33.97898208 95.66626536
OS 33.97815912 95.66626536
OS 33.9765132 95.66461944
OS 33.97322136 95.66297352
OS 33.96910656 95.6613276
OS 33.96334584 95.65885872
OS 33.95676216 95.65638984
OS 33.94935552 95.65392096
OS 33.94030296 95.65062912
OS 33.93042744 95.64733728
OS 33.91972896 95.6448684
OS 33.90820752 95.64239952
OS 33.89586312 95.63993064
OS 33.88269576 95.63746176
OS 33.86788248 95.6366388
OS 33.83743296 95.63499288
OS 33.83661 95.63499288
OS 33.83414112 95.63499288
OS 33.83002632 95.63499288
OS 33.8242656 95.63581584
OS 33.81768192 95.63581584
OS 33.80945232 95.6366388
OS 33.80039976 95.63746176
OS 33.79052424 95.63910768
OS 33.76912728 95.64322248
OS 33.7460844 95.6489832
OS 33.72221856 95.6572128
OS 33.69917568 95.66791128
OS 33.69835272 95.66791128
OS 33.6967068 95.6695572
OS 33.69341496 95.67120312
OS 33.68930016 95.673672
OS 33.6843624 95.67696384
OS 33.67777872 95.68107864
OS 33.6637884 95.69177712
OS 33.64815216 95.70412152
OS 33.63087 95.71975776
OS 33.61358784 95.73786288
OS 33.59712864 95.75843688
OS 33.59630568 95.75925984
OS 33.59548272 95.76090576
OS 33.59301384 95.7641976
OS 33.59054496 95.7683124
OS 33.58725312 95.77407312
OS 33.58313832 95.7806568
OS 33.57902352 95.78806344
OS 33.57408576 95.797116
OS 33.569148 95.80699152
OS 33.56421024 95.81686704
OS 33.55351176 95.84073288
OS 33.54363624 95.86624464
OS 33.53458368 95.89504824
OS 33.53458368 95.8958712
OS 33.53376072 95.89834008
OS 33.53293776 95.90245488
OS 33.53129184 95.90903856
OS 33.52964592 95.91562224
OS 33.528 95.9246748
OS 33.52553112 95.93455032
OS 33.5238852 95.9452488
OS 33.52223928 95.9575932
OS 33.5197704 95.97076056
OS 33.51812448 95.98475088
OS 33.51647856 95.99956416
OS 33.51400968 96.0316596
OS 33.51318672 96.06540096
OS 33.51318672 96.08021424
OS 33.51400968 96.08762088
OS 33.51400968 96.09585048
OS 33.51483264 96.11477856
OS 33.51483264 96.11889336
OS 33.5156556 96.12465408
OS 33.5156556 96.13123776
OS 33.51647856 96.1386444
OS 33.51730152 96.14769696
OS 33.51894744 96.167448
OS 33.51894744 96.16827096
OS 33.5197704 96.1715628
OS 33.5197704 96.17732352
OS 33.52059336 96.1839072
OS 33.52141632 96.19131384
OS 33.52223928 96.2003664
OS 33.52470816 96.21929448
OS 33.52470816 96.22011744
OS 33.52553112 96.22340928
OS 33.52635408 96.22834704
OS 33.52717704 96.23410776
OS 33.528 96.2415144
OS 33.52882296 96.24892104
OS 33.53129184 96.26538024
OS 33.68930016 96.26538024
OS 33.68930016 96.26455728
OS 33.6884772 96.26373432
OS 33.6884772 96.26126544
OS 33.68765424 96.2579736
OS 33.68518536 96.24892104
OS 33.68353944 96.2373996
OS 33.6802476 96.22340928
OS 33.67777872 96.20695008
OS 33.67448688 96.18884496
OS 33.672018 96.16909392
OS 33.672018 96.16662504
OS 33.67119504 96.1633332
OS 33.67119504 96.1592184
OS 33.67037208 96.15428064
OS 33.67037208 96.14851992
OS 33.66954912 96.14193624
OS 33.66954912 96.1345296
OS 33.6679032 96.11724744
OS 33.66708024 96.09831936
OS 33.66625728 96.07774536
OS 33.66625728 96.04564992
OS 33.66708024 96.03824328
OS 33.6679032 96.02836776
OS 33.66872616 96.01849224
OS 33.66954912 96.00614784
OS 33.67119504 95.99380344
OS 33.6761328 95.9658228
OS 33.6843624 95.93784216
OS 33.6884772 95.92385184
OS 33.69423792 95.91068448
OS 33.7008216 95.89834008
OS 33.70822824 95.88681864
OS 33.7090512 95.88599568
OS 33.70987416 95.88434976
OS 33.71234304 95.88105792
OS 33.71645784 95.87776608
OS 33.72057264 95.87365128
OS 33.7255104 95.86871352
OS 33.73209408 95.8629528
OS 33.73950072 95.85719208
OS 33.74690736 95.85225432
OS 33.75595992 95.8464936
OS 33.76583544 95.84155584
OS 33.77653392 95.83744104
OS 33.78805536 95.8341492
OS 33.7995768 95.83085736
OS 33.81274416 95.82921144
OS 33.82673448 95.82838848
OS 33.82755744 95.82838848
OS 33.83002632 95.82838848
OS 33.83414112 95.82838848
OS 33.83990184 95.82921144
OS 33.84566256 95.8300344
OS 33.85389216 95.83085736
OS 33.87035136 95.83497216
OS 33.88927944 95.84155584
OS 33.89915496 95.84567064
OS 33.90903048 95.85143136
OS 33.91808304 95.85719208
OS 33.9271356 95.86459872
OS 33.9353652 95.87282832
OS 33.94277184 95.88270384
OS 33.9435948 95.8835268
OS 33.94441776 95.88517272
OS 33.94606368 95.88846456
OS 33.94853256 95.89340232
OS 33.9518244 95.89916304
OS 33.95511624 95.90656968
OS 33.95840808 95.91479928
OS 33.96252288 95.9246748
OS 33.96581472 95.93619624
OS 33.96910656 95.9493636
OS 33.9723984 95.96335392
OS 33.97569024 95.97981312
OS 33.97815912 95.99709528
OS 33.97980504 96.01602336
OS 33.98145096 96.0357744
OS 33.98145096 96.24727512
OS 34.49662392 96.24727512
OS 34.49662392 95.68848528
OS 34.3262712 95.68848528
OE
SE
S P 0
OB 35.8605328 108.26166816 I
OS 35.6465632 108.26166816
OS 35.6465632 107.59260168
OS 35.8605328 107.59260168
OS 35.8605328 107.442
OS 35.2474276 107.442
OS 35.2474276 107.59260168
OS 35.4613972 107.59260168
OS 35.4613972 108.26166816
OS 35.2474276 108.26166816
OS 35.2474276 108.41062392
OS 35.8605328 108.41062392
OS 35.8605328 108.26166816
OE
OB 36.74274592 107.442 I
OS 36.51972376 107.442
OS 36.26049136 108.01971792
OS 36.20782192 108.14398488
OS 36.20782192 107.7423804
OS 36.20782192 107.442
OS 36.041584 107.442
OS 36.041584 108.41062392
OS 36.26542912 108.41062392
OS 36.52959928 107.8287912
OS 36.576508 107.71522272
OS 36.576508 108.14233896
OS 36.576508 108.41062392
OS 36.74274592 108.41062392
OS 36.74274592 107.442
OE
OB 34.68040816 108.40980096 I
OS 34.6919296 108.408978
OS 34.704274 108.40815504
OS 34.71826432 108.40733208
OS 34.7330776 108.40568616
OS 34.74871384 108.40404024
OS 34.78163224 108.39910248
OS 34.81455064 108.39169584
OS 34.84664608 108.38264328
OS 34.84746904 108.38264328
OS 34.85076088 108.38099736
OS 34.85487568 108.37935144
OS 34.8606364 108.37770552
OS 34.86804304 108.37441368
OS 34.87627264 108.37112184
OS 34.8853252 108.36618408
OS 34.89520072 108.36124632
OS 34.91742064 108.34890192
OS 34.94046352 108.33408864
OS 34.96432936 108.31680648
OS 34.98572632 108.29623248
OS 34.98654928 108.29540952
OS 34.9881952 108.2937636
OS 34.99148704 108.29047176
OS 34.99477888 108.285534
OS 34.99971664 108.28059624
OS 35.0046544 108.2731896
OS 35.01123808 108.26578296
OS 35.0169988 108.2567304
OS 35.02358248 108.24603192
OS 35.03098912 108.23533344
OS 35.0375728 108.22298904
OS 35.04497944 108.20982168
OS 35.05156312 108.19665432
OS 35.0581468 108.18184104
OS 35.06966824 108.1497456
OS 35.06966824 108.14892264
OS 35.0704912 108.1456308
OS 35.07213712 108.14069304
OS 35.07378304 108.13410936
OS 35.07625192 108.1250568
OS 35.0787208 108.11518128
OS 35.08118968 108.10365984
OS 35.08365856 108.08966952
OS 35.08612744 108.07485624
OS 35.08859632 108.05922
OS 35.0910652 108.04193784
OS 35.09353408 108.02300976
OS 35.09518 108.00325872
OS 35.09682592 107.98268472
OS 35.09764888 107.9604648
OS 35.09764888 107.93824488
OS 35.09764888 107.93659896
OS 35.09764888 107.93330712
OS 35.09764888 107.9275464
OS 35.09764888 107.9193168
OS 35.09682592 107.90944128
OS 35.09600296 107.89791984
OS 35.09518 107.88475248
OS 35.09435704 107.87076216
OS 35.09271112 107.85512592
OS 35.0910652 107.83866672
OS 35.08612744 107.8041024
OS 35.0787208 107.76871512
OS 35.06966824 107.73332784
OS 35.06966824 107.73250488
OS 35.06802232 107.72921304
OS 35.0663764 107.72427528
OS 35.06473048 107.7176916
OS 35.06143864 107.71028496
OS 35.05732384 107.7012324
OS 35.05320904 107.69053392
OS 35.04827128 107.67983544
OS 35.03592688 107.65514664
OS 35.0211136 107.62881192
OS 35.00300848 107.6024772
OS 34.98243448 107.57696544
OS 34.98161152 107.57614248
OS 34.9799656 107.57449656
OS 34.97667376 107.57038176
OS 34.971736 107.56626696
OS 34.96597528 107.56050624
OS 34.9593916 107.55474552
OS 34.951162 107.54733888
OS 34.94210944 107.53993224
OS 34.93141096 107.5325256
OS 34.91988952 107.524296
OS 34.90754512 107.51524344
OS 34.89437776 107.50701384
OS 34.88038744 107.49878424
OS 34.8647512 107.4913776
OS 34.84911496 107.483148
OS 34.8318328 107.47656432
OS 34.83100984 107.47656432
OS 34.827718 107.4749184
OS 34.82278024 107.47327248
OS 34.8153736 107.4708036
OS 34.80632104 107.46833472
OS 34.79562256 107.46586584
OS 34.78327816 107.462574
OS 34.7701108 107.45928216
OS 34.75447456 107.45599032
OS 34.73801536 107.45269848
OS 34.71991024 107.4502296
OS 34.7001592 107.44776072
OS 34.6795852 107.44529184
OS 34.65818824 107.44364592
OS 34.63596832 107.44282296
OS 34.61210248 107.442
OS 34.36603744 107.442
OS 34.36603744 108.41062392
OS 34.6713556 108.41062392
OS 34.68040816 108.40980096
OE
OB 34.1158576 107.76542328 I
OS 33.655 107.76542328
OS 33.655 107.92672344
OS 34.1158576 107.92672344
OS 34.1158576 107.76542328
OE
OB 34.64090608 108.25755336 H
OS 34.54873456 108.25755336
OS 34.54873456 107.59507056
OS 34.6343224 107.59507056
OS 34.64172904 107.59589352
OS 34.6507816 107.59671648
OS 34.66148008 107.59753944
OS 34.67464744 107.59918536
OS 34.68863776 107.60165424
OS 34.704274 107.60494608
OS 34.71991024 107.60906088
OS 34.7371924 107.6148216
OS 34.7536516 107.62140528
OS 34.77093376 107.62881192
OS 34.78739296 107.63786448
OS 34.8030292 107.64856296
OS 34.81784248 107.66090736
OS 34.8318328 107.67489768
OS 34.83265576 107.67572064
OS 34.83512464 107.67901248
OS 34.83841648 107.68312728
OS 34.84253128 107.68971096
OS 34.848292 107.69876352
OS 34.85405272 107.709462
OS 34.8606364 107.7218064
OS 34.86722008 107.73661968
OS 34.8729808 107.75307888
OS 34.87956448 107.771184
OS 34.8853252 107.791758
OS 34.89108592 107.81480088
OS 34.89520072 107.83948968
OS 34.89849256 107.8658244
OS 34.90096144 107.894628
OS 34.9017844 107.92590048
OS 34.9017844 107.92672344
OS 34.9017844 107.92919232
OS 34.9017844 107.93330712
OS 34.9017844 107.93906784
OS 34.9017844 107.94647448
OS 34.90096144 107.95388112
OS 34.90096144 107.96293368
OS 34.90013848 107.9728092
OS 34.89849256 107.99502912
OS 34.89602368 108.018072
OS 34.89273184 108.04193784
OS 34.88861704 108.06580368
OS 34.88861704 108.06662664
OS 34.88779408 108.06827256
OS 34.88697112 108.0715644
OS 34.88614816 108.07650216
OS 34.88450224 108.08143992
OS 34.88285632 108.0880236
OS 34.87874152 108.10201392
OS 34.8729808 108.11847312
OS 34.86557416 108.13575528
OS 34.8565216 108.1538604
OS 34.84582312 108.1703196
OS 34.84582312 108.17114256
OS 34.8441772 108.17196552
OS 34.8400624 108.17772624
OS 34.83347872 108.18513288
OS 34.82442616 108.19418544
OS 34.81372768 108.20488392
OS 34.79973736 108.2155824
OS 34.78410112 108.22628088
OS 34.765996 108.23533344
OS 34.76517304 108.23533344
OS 34.76352712 108.2361564
OS 34.76105824 108.23780232
OS 34.75694344 108.23862528
OS 34.75200568 108.2402712
OS 34.74624496 108.24274008
OS 34.73966128 108.244386
OS 34.73143168 108.24685488
OS 34.72320208 108.2485008
OS 34.71332656 108.25014672
OS 34.6919296 108.25426152
OS 34.66806376 108.2567304
OS 34.64090608 108.25755336
OE
SE
S P 0
OB 36.30246232 110.40964456 I
OS 36.7122964 110.40964456
OS 36.7122964 110.25328216
OS 36.11729632 110.25328216
OS 36.11729632 111.22190608
OS 36.30246232 111.22190608
OS 36.30246232 110.40964456
OE
OB 37.26697144 110.75940256 I
OS 37.6134376 110.25328216
OS 37.37807104 110.25328216
OS 37.0867432 110.7215464
OS 37.0867432 110.25328216
OS 36.9015772 110.25328216
OS 36.9015772 111.22190608
OS 37.0867432 111.22190608
OS 37.0867432 110.77997656
OS 37.37642512 111.22190608
OS 37.5969784 111.22190608
OS 37.26697144 110.75940256
OE
OB 35.68441936 111.23507344 I
OS 35.70663928 111.23425048
OS 35.71157704 111.23425048
OS 35.71733776 111.23342752
OS 35.7247444 111.23260456
OS 35.73379696 111.2317816
OS 35.74367248 111.23095864
OS 35.76424648 111.22848976
OS 35.7658924 111.22848976
OS 35.76918424 111.2276668
OS 35.77494496 111.22684384
OS 35.78152864 111.22519792
OS 35.7905812 111.223552
OS 35.79963376 111.22190608
OS 35.82103072 111.21696832
OS 35.82267664 111.21696832
OS 35.82596848 111.21614536
OS 35.8317292 111.21449944
OS 35.8399588 111.21285352
OS 35.84901136 111.21038464
OS 35.85888688 111.2070928
OS 35.88192976 111.20050912
OS 35.88192976 111.01945792
OS 35.8811068 111.01945792
OS 35.87946088 111.02110384
OS 35.87534608 111.0219268
OS 35.87123128 111.02439568
OS 35.86547056 111.02686456
OS 35.85888688 111.02933344
OS 35.85148024 111.03262528
OS 35.84325064 111.03591712
OS 35.82432256 111.0425008
OS 35.80457152 111.04990744
OS 35.7823516 111.05649112
OS 35.76095464 111.06142888
OS 35.76013168 111.06142888
OS 35.75848576 111.06225184
OS 35.75519392 111.0630748
OS 35.75107912 111.06389776
OS 35.74614136 111.06472072
OS 35.74038064 111.06554368
OS 35.72639032 111.06801256
OS 35.71075408 111.07048144
OS 35.69347192 111.07295032
OS 35.6753668 111.07377328
OS 35.65726168 111.07459624
OS 35.64574024 111.07459624
OS 35.63997952 111.07377328
OS 35.63257288 111.07295032
OS 35.62516624 111.07212736
OS 35.61693664 111.0713044
OS 35.59800856 111.06801256
OS 35.57825752 111.06389776
OS 35.55768352 111.05731408
OS 35.53875544 111.04908448
OS 35.53793248 111.04908448
OS 35.53628656 111.04826152
OS 35.53381768 111.0466156
OS 35.53052584 111.04414672
OS 35.52147328 111.03920896
OS 35.5107748 111.03097936
OS 35.49760744 111.02110384
OS 35.48444008 111.0095824
OS 35.47127272 110.99476912
OS 35.45892832 110.97913288
OS 35.45892832 110.97830992
OS 35.4572824 110.97748696
OS 35.45563648 110.97501808
OS 35.45399056 110.97090328
OS 35.45152168 110.96678848
OS 35.44822984 110.96185072
OS 35.44164616 110.94950632
OS 35.43423952 110.93387008
OS 35.42600992 110.91576496
OS 35.41942624 110.89519096
OS 35.41284256 110.87297104
OS 35.41284256 110.87214808
OS 35.4120196 110.87050216
OS 35.41119664 110.86721032
OS 35.41037368 110.86227256
OS 35.40955072 110.85651184
OS 35.4079048 110.84992816
OS 35.40708184 110.84169856
OS 35.40543592 110.832646
OS 35.40379 110.82359344
OS 35.40296704 110.81289496
OS 35.40049816 110.78985208
OS 35.39885224 110.76434032
OS 35.39802928 110.73718264
OS 35.39802928 110.73635968
OS 35.39802928 110.7338908
OS 35.39802928 110.729776
OS 35.39802928 110.72401528
OS 35.39885224 110.71660864
OS 35.39885224 110.709202
OS 35.3996752 110.70014944
OS 35.3996752 110.69027392
OS 35.40132112 110.668054
OS 35.40461296 110.64418816
OS 35.4079048 110.62032232
OS 35.41284256 110.59645648
OS 35.41284256 110.59563352
OS 35.41366552 110.5939876
OS 35.41448848 110.59069576
OS 35.41531144 110.585758
OS 35.41695736 110.58082024
OS 35.41942624 110.57505952
OS 35.424364 110.56024624
OS 35.43094768 110.54378704
OS 35.43917728 110.52568192
OS 35.44822984 110.50839976
OS 35.45975128 110.4911176
OS 35.45975128 110.49029464
OS 35.4613972 110.48947168
OS 35.465512 110.48371096
OS 35.47291864 110.47630432
OS 35.4819712 110.46725176
OS 35.49349264 110.45655328
OS 35.50748296 110.4458548
OS 35.52394216 110.43515632
OS 35.54122432 110.42610376
OS 35.54204728 110.42610376
OS 35.5436932 110.4252808
OS 35.54616208 110.42445784
OS 35.55027688 110.42281192
OS 35.55521464 110.421166
OS 35.56097536 110.41869712
OS 35.56755904 110.4170512
OS 35.57496568 110.41540528
OS 35.59224784 110.41129048
OS 35.61282184 110.40717568
OS 35.63504176 110.4047068
OS 35.65973056 110.40388384
OS 35.66878312 110.40388384
OS 35.6753668 110.4047068
OS 35.6835964 110.4047068
OS 35.69264896 110.40552976
OS 35.7124 110.40799864
OS 35.71404592 110.40799864
OS 35.71733776 110.4088216
OS 35.72309848 110.40964456
OS 35.73050512 110.41129048
OS 35.73955768 110.4129364
OS 35.74861024 110.41540528
OS 35.7700072 110.42034304
OS 35.77165312 110.42034304
OS 35.77494496 110.42198896
OS 35.78070568 110.42363488
OS 35.78811232 110.42610376
OS 35.79716488 110.42857264
OS 35.8070404 110.43186448
OS 35.82843736 110.43927112
OS 35.83008328 110.44009408
OS 35.83337512 110.44091704
OS 35.83913584 110.44338592
OS 35.84571952 110.4458548
OS 35.85394912 110.44914664
OS 35.86300168 110.45326144
OS 35.88192976 110.46149104
OS 35.88192976 110.29113832
OS 35.8811068 110.29113832
OS 35.87863792 110.29031536
OS 35.87534608 110.28866944
OS 35.87123128 110.28702352
OS 35.8646476 110.28455464
OS 35.85806392 110.28208576
OS 35.85065728 110.27961688
OS 35.84160472 110.27632504
OS 35.82267664 110.26974136
OS 35.80127968 110.26398064
OS 35.77905976 110.25739696
OS 35.75601688 110.2524592
OS 35.75519392 110.2524592
OS 35.753548 110.25163624
OS 35.75025616 110.25163624
OS 35.7453184 110.25081328
OS 35.74038064 110.24999032
OS 35.73379696 110.2483444
OS 35.72639032 110.24752144
OS 35.71816072 110.24669848
OS 35.69923264 110.2442296
OS 35.67783568 110.24176072
OS 35.6547928 110.24093776
OS 35.63092696 110.2401148
OS 35.62105144 110.2401148
OS 35.6136448 110.24093776
OS 35.60459224 110.24093776
OS 35.59389376 110.24176072
OS 35.58154936 110.24258368
OS 35.568382 110.2442296
OS 35.55439168 110.24587552
OS 35.5395784 110.24752144
OS 35.50912888 110.25328216
OS 35.47703344 110.2606888
OS 35.44576096 110.27056432
OS 35.444938 110.27056432
OS 35.44246912 110.27221024
OS 35.43835432 110.27385616
OS 35.4325936 110.27632504
OS 35.42518696 110.27961688
OS 35.41695736 110.28373168
OS 35.40872776 110.28784648
OS 35.39885224 110.2936072
OS 35.37745528 110.3059516
OS 35.3544124 110.32158784
OS 35.33136952 110.34051592
OS 35.30997256 110.36191288
OS 35.3091496 110.36273584
OS 35.30750368 110.36438176
OS 35.3050348 110.36849656
OS 35.30092 110.37261136
OS 35.29598224 110.37919504
OS 35.29104448 110.38577872
OS 35.28528376 110.39400832
OS 35.27870008 110.40388384
OS 35.2721164 110.41375936
OS 35.26553272 110.4252808
OS 35.25812608 110.4376252
OS 35.2515424 110.45079256
OS 35.24413576 110.46560584
OS 35.23755208 110.48041912
OS 35.22603064 110.51251456
OS 35.22603064 110.51333752
OS 35.22520768 110.51662936
OS 35.22356176 110.52156712
OS 35.22191584 110.5281508
OS 35.21944696 110.53720336
OS 35.21697808 110.54707888
OS 35.2145092 110.55942328
OS 35.21204032 110.57259064
OS 35.20957144 110.58740392
OS 35.20710256 110.60386312
OS 35.20463368 110.62114528
OS 35.2021648 110.6392504
OS 35.20051888 110.65900144
OS 35.19887296 110.67875248
OS 35.19805 110.70014944
OS 35.19805 110.72236936
OS 35.19805 110.72401528
OS 35.19805 110.72813008
OS 35.19805 110.73471376
OS 35.19887296 110.74294336
OS 35.19887296 110.75364184
OS 35.19969592 110.76598624
OS 35.20051888 110.77997656
OS 35.2021648 110.7956128
OS 35.20381072 110.812072
OS 35.20545664 110.82935416
OS 35.21121736 110.8655644
OS 35.218624 110.90342056
OS 35.22849952 110.9396308
OS 35.22849952 110.94045376
OS 35.23014544 110.9437456
OS 35.23179136 110.94868336
OS 35.23426024 110.95526704
OS 35.23755208 110.96349664
OS 35.24166688 110.97337216
OS 35.24578168 110.98407064
OS 35.2515424 110.99559208
OS 35.2638868 111.02110384
OS 35.27952304 111.04826152
OS 35.2968052 111.0754192
OS 35.3173792 111.10093096
OS 35.31820216 111.10175392
OS 35.31984808 111.1042228
OS 35.32313992 111.10751464
OS 35.32807768 111.11162944
OS 35.3338384 111.11739016
OS 35.34042208 111.12397384
OS 35.34782872 111.13055752
OS 35.35688128 111.13796416
OS 35.3667568 111.14619376
OS 35.37745528 111.15442336
OS 35.38897672 111.16265296
OS 35.40132112 111.17088256
OS 35.4284788 111.18734176
OS 35.45810536 111.20133208
OS 35.45892832 111.20215504
OS 35.46222016 111.202978
OS 35.46633496 111.20462392
OS 35.47291864 111.2070928
OS 35.48032528 111.20956168
OS 35.4902008 111.21203056
OS 35.50089928 111.2153224
OS 35.51242072 111.21861424
OS 35.52558808 111.22190608
OS 35.54040136 111.22519792
OS 35.55521464 111.2276668
OS 35.57167384 111.23013568
OS 35.588956 111.23260456
OS 35.60623816 111.23425048
OS 35.64409432 111.2358964
OS 35.67454384 111.2358964
OS 35.68441936 111.23507344
OE
OB 34.1158576 110.57670544 I
OS 33.655 110.57670544
OS 33.655 110.7380056
OS 34.1158576 110.7380056
OS 34.1158576 110.57670544
OE
OB 34.78080928 111.23754232 I
OS 34.79150776 111.23671936
OS 34.80220624 111.2358964
OS 34.81372768 111.23507344
OS 34.8153736 111.23507344
OS 34.8194884 111.23425048
OS 34.82524912 111.23425048
OS 34.83347872 111.23342752
OS 34.84253128 111.23260456
OS 34.85322976 111.23095864
OS 34.87544968 111.22848976
OS 34.8770956 111.22848976
OS 34.8812104 111.2276668
OS 34.88697112 111.22684384
OS 34.89437776 111.22602088
OS 34.90425328 111.22437496
OS 34.9141288 111.22272904
OS 34.93552576 111.21861424
OS 34.93717168 111.21861424
OS 34.94046352 111.21779128
OS 34.94622424 111.21696832
OS 34.95280792 111.2153224
OS 34.96103752 111.21367648
OS 34.97009008 111.21203056
OS 34.9881952 111.20791576
OS 34.9881952 111.04085488
OS 34.98737224 111.04085488
OS 34.9840804 111.0425008
OS 34.97914264 111.04414672
OS 34.97255896 111.04579264
OS 34.96515232 111.04826152
OS 34.95609976 111.0507304
OS 34.94622424 111.05402224
OS 34.93552576 111.05649112
OS 34.93387984 111.05649112
OS 34.930588 111.05813704
OS 34.92482728 111.05978296
OS 34.91742064 111.06142888
OS 34.90919104 111.0630748
OS 34.89931552 111.06554368
OS 34.88861704 111.06801256
OS 34.8770956 111.06965848
OS 34.87544968 111.06965848
OS 34.87215784 111.07048144
OS 34.86639712 111.0713044
OS 34.85816752 111.07295032
OS 34.84911496 111.07459624
OS 34.83923944 111.07624216
OS 34.81701952 111.07871104
OS 34.8153736 111.07871104
OS 34.81208176 111.079534
OS 34.80632104 111.079534
OS 34.79809144 111.08035696
OS 34.78986184 111.08117992
OS 34.77998632 111.08117992
OS 34.75941232 111.08200288
OS 34.74213016 111.08200288
OS 34.73060872 111.08117992
OS 34.71826432 111.08035696
OS 34.704274 111.07871104
OS 34.69028368 111.07624216
OS 34.67711632 111.07377328
OS 34.6754704 111.07377328
OS 34.6713556 111.07212736
OS 34.66559488 111.07048144
OS 34.65818824 111.06801256
OS 34.64913568 111.06554368
OS 34.64008312 111.06142888
OS 34.63103056 111.05731408
OS 34.62280096 111.05237632
OS 34.621978 111.05155336
OS 34.61950912 111.04990744
OS 34.61539432 111.0466156
OS 34.61127952 111.04332376
OS 34.6055188 111.038386
OS 34.60058104 111.03262528
OS 34.59564328 111.0260416
OS 34.59152848 111.01863496
OS 34.59152848 111.017812
OS 34.58988256 111.01534312
OS 34.5890596 111.01122832
OS 34.58741368 111.0054676
OS 34.58576776 110.99888392
OS 34.58412184 110.99147728
OS 34.58329888 110.98324768
OS 34.58247592 110.97419512
OS 34.58247592 110.9725492
OS 34.58247592 110.96925736
OS 34.58329888 110.96349664
OS 34.5849448 110.95609
OS 34.58741368 110.9478604
OS 34.59070552 110.93880784
OS 34.59564328 110.93057824
OS 34.60222696 110.92152568
OS 34.60304992 110.92070272
OS 34.60634176 110.91823384
OS 34.61045656 110.91411904
OS 34.61704024 110.90835832
OS 34.62444688 110.9025976
OS 34.63349944 110.89601392
OS 34.64419792 110.88860728
OS 34.65654232 110.8820236
OS 34.65818824 110.88120064
OS 34.66230304 110.87873176
OS 34.66970968 110.87543992
OS 34.67876224 110.87132512
OS 34.69028368 110.86638736
OS 34.70345104 110.86062664
OS 34.71744136 110.85486592
OS 34.7330776 110.8491052
OS 34.73390056 110.8491052
OS 34.73472352 110.84828224
OS 34.7371924 110.84745928
OS 34.74048424 110.84663632
OS 34.74871384 110.84334448
OS 34.76023528 110.83922968
OS 34.77340264 110.83511488
OS 34.78821592 110.82935416
OS 34.80385216 110.82359344
OS 34.82031136 110.81700976
OS 34.82113432 110.81700976
OS 34.82195728 110.8161868
OS 34.82442616 110.81536384
OS 34.827718 110.81371792
OS 34.83677056 110.81042608
OS 34.848292 110.80548832
OS 34.86145936 110.7997276
OS 34.87627264 110.79314392
OS 34.89190888 110.78573728
OS 34.90754512 110.77750768
OS 34.90836808 110.77750768
OS 34.90919104 110.77668472
OS 34.91165992 110.7750388
OS 34.91495176 110.77339288
OS 34.92318136 110.76845512
OS 34.93305688 110.7626944
OS 34.94540128 110.7544648
OS 34.95774568 110.74541224
OS 34.97091304 110.73471376
OS 34.9840804 110.72319232
OS 34.98572632 110.7215464
OS 34.98984112 110.7174316
OS 34.99560184 110.71084792
OS 35.00383144 110.70179536
OS 35.01206104 110.69109688
OS 35.0211136 110.67875248
OS 35.03016616 110.6639392
OS 35.03839576 110.64830296
OS 35.03839576 110.64748
OS 35.03921872 110.64665704
OS 35.04004168 110.64418816
OS 35.0416876 110.64089632
OS 35.04333352 110.63678152
OS 35.04497944 110.6310208
OS 35.04909424 110.61949936
OS 35.05238608 110.60386312
OS 35.05567792 110.58658096
OS 35.0581468 110.56682992
OS 35.05896976 110.54543296
OS 35.05896976 110.54461
OS 35.05896976 110.54214112
OS 35.05896976 110.53802632
OS 35.0581468 110.5322656
OS 35.0581468 110.52568192
OS 35.05732384 110.51745232
OS 35.05650088 110.50839976
OS 35.05567792 110.49852424
OS 35.05156312 110.47712728
OS 35.04662536 110.4540844
OS 35.03921872 110.43021856
OS 35.0293432 110.40717568
OS 35.0293432 110.40635272
OS 35.02769728 110.4047068
OS 35.02605136 110.40141496
OS 35.02358248 110.39730016
OS 35.0211136 110.3923624
OS 35.0169988 110.38660168
OS 35.00794624 110.37343432
OS 34.9964248 110.35779808
OS 34.98243448 110.34216184
OS 34.96597528 110.32570264
OS 34.9470472 110.31088936
OS 34.94622424 110.31088936
OS 34.94457832 110.30924344
OS 34.94210944 110.30759752
OS 34.93799464 110.30430568
OS 34.93305688 110.3018368
OS 34.9264732 110.297722
OS 34.91988952 110.2936072
OS 34.91165992 110.2894924
OS 34.90260736 110.2853776
OS 34.8935548 110.28043984
OS 34.87215784 110.27138728
OS 34.848292 110.26233472
OS 34.82195728 110.25410512
OS 34.82113432 110.25410512
OS 34.81866544 110.25328216
OS 34.81455064 110.2524592
OS 34.80961288 110.25163624
OS 34.80220624 110.24999032
OS 34.7947996 110.2483444
OS 34.78492408 110.24669848
OS 34.77504856 110.24505256
OS 34.76352712 110.24340664
OS 34.75118272 110.24176072
OS 34.73801536 110.2401148
OS 34.72402504 110.23846888
OS 34.69439848 110.23682296
OS 34.663126 110.236
OS 34.64337496 110.236
OS 34.63514536 110.23682296
OS 34.61621728 110.23682296
OS 34.60469584 110.23764592
OS 34.5931744 110.23846888
OS 34.5684856 110.2401148
OS 34.54215088 110.24176072
OS 34.5149932 110.24505256
OS 34.51417024 110.24505256
OS 34.51170136 110.24587552
OS 34.50840952 110.24587552
OS 34.5026488 110.24669848
OS 34.49688808 110.24752144
OS 34.48865848 110.24916736
OS 34.48042888 110.24999032
OS 34.47137632 110.25163624
OS 34.44997936 110.25575104
OS 34.42611352 110.2606888
OS 34.40060176 110.26644952
OS 34.37509 110.27385616
OS 34.37509 110.4540844
OS 34.37673592 110.45326144
OS 34.38085072 110.45161552
OS 34.3874344 110.4499696
OS 34.39648696 110.44667776
OS 34.40718544 110.44338592
OS 34.41952984 110.43927112
OS 34.43187424 110.43515632
OS 34.44586456 110.43104152
OS 34.44668752 110.43104152
OS 34.44751048 110.43021856
OS 34.45244824 110.4293956
OS 34.45985488 110.42774968
OS 34.46890744 110.4252808
OS 34.48042888 110.42198896
OS 34.49277328 110.41952008
OS 34.50594064 110.41622824
OS 34.51993096 110.4129364
OS 34.52157688 110.4129364
OS 34.52651464 110.41211344
OS 34.53392128 110.41046752
OS 34.5437968 110.4088216
OS 34.55449528 110.40717568
OS 34.56766264 110.4047068
OS 34.58083 110.40306088
OS 34.59482032 110.40141496
OS 34.59646624 110.40141496
OS 34.601404 110.400592
OS 34.60881064 110.39976904
OS 34.6178632 110.39976904
OS 34.62856168 110.39894608
OS 34.64090608 110.39812312
OS 34.6672408 110.39730016
OS 34.67629336 110.39730016
OS 34.68534592 110.39812312
OS 34.69769032 110.39812312
OS 34.71168064 110.39894608
OS 34.72649392 110.400592
OS 34.7413072 110.40306088
OS 34.75529752 110.40552976
OS 34.75612048 110.40552976
OS 34.75694344 110.40635272
OS 34.76105824 110.40717568
OS 34.76764192 110.40964456
OS 34.77669448 110.41211344
OS 34.78574704 110.41540528
OS 34.79562256 110.41952008
OS 34.80549808 110.42445784
OS 34.81455064 110.43021856
OS 34.8153736 110.43104152
OS 34.81866544 110.43268744
OS 34.82278024 110.43597928
OS 34.827718 110.44091704
OS 34.83265576 110.4458548
OS 34.83841648 110.45243848
OS 34.8441772 110.45984512
OS 34.848292 110.46725176
OS 34.84911496 110.46807472
OS 34.84993792 110.47136656
OS 34.85158384 110.47548136
OS 34.85405272 110.48124208
OS 34.85569864 110.48864872
OS 34.85734456 110.49687832
OS 34.85816752 110.50593088
OS 34.85899048 110.51498344
OS 34.85899048 110.5158064
OS 34.85899048 110.51662936
OS 34.85899048 110.52074416
OS 34.85816752 110.52732784
OS 34.8565216 110.53555744
OS 34.85405272 110.54543296
OS 34.84993792 110.55530848
OS 34.84500016 110.565184
OS 34.83841648 110.57423656
OS 34.83759352 110.57505952
OS 34.83430168 110.57835136
OS 34.83018688 110.58328912
OS 34.8236032 110.58904984
OS 34.81619656 110.59563352
OS 34.807144 110.60304016
OS 34.79644552 110.60962384
OS 34.78410112 110.61703048
OS 34.7824552 110.61785344
OS 34.7783404 110.62032232
OS 34.77175672 110.62361416
OS 34.76270416 110.62855192
OS 34.75118272 110.63348968
OS 34.73801536 110.6392504
OS 34.72402504 110.64501112
OS 34.7083888 110.65077184
OS 34.70756584 110.65077184
OS 34.70674288 110.6515948
OS 34.704274 110.65241776
OS 34.70098216 110.65324072
OS 34.69275256 110.65653256
OS 34.68123112 110.66064736
OS 34.66806376 110.66476216
OS 34.65325048 110.67052288
OS 34.63761424 110.6762836
OS 34.62115504 110.68204432
OS 34.62033208 110.68204432
OS 34.61950912 110.68286728
OS 34.61704024 110.68369024
OS 34.6137484 110.68533616
OS 34.6055188 110.688628
OS 34.59399736 110.69356576
OS 34.58083 110.69932648
OS 34.56601672 110.70591016
OS 34.55038048 110.7133168
OS 34.53474424 110.72072344
OS 34.53392128 110.72072344
OS 34.53309832 110.7215464
OS 34.53062944 110.72319232
OS 34.5273376 110.72483824
OS 34.519108 110.729776
OS 34.50923248 110.73553672
OS 34.49688808 110.74376632
OS 34.48454368 110.75281888
OS 34.47137632 110.7626944
OS 34.45820896 110.77421584
OS 34.45656304 110.77586176
OS 34.45244824 110.77997656
OS 34.44668752 110.78656024
OS 34.43928088 110.7956128
OS 34.43105128 110.80713424
OS 34.42199872 110.81947864
OS 34.41294616 110.83429192
OS 34.40471656 110.84992816
OS 34.40471656 110.85075112
OS 34.4038936 110.85239704
OS 34.40307064 110.85486592
OS 34.40142472 110.85815776
OS 34.3997788 110.86227256
OS 34.39813288 110.86721032
OS 34.39484104 110.88037768
OS 34.3915492 110.89601392
OS 34.38825736 110.91411904
OS 34.38578848 110.93469304
OS 34.38496552 110.95691296
OS 34.38496552 110.95773592
OS 34.38496552 110.95938184
OS 34.38496552 110.96267368
OS 34.38496552 110.96678848
OS 34.38578848 110.97172624
OS 34.38578848 110.97748696
OS 34.3874344 110.99147728
OS 34.38990328 111.00793648
OS 34.39401808 111.0260416
OS 34.39895584 111.04579264
OS 34.40553952 111.06472072
OS 34.40553952 111.06554368
OS 34.40636248 111.0671896
OS 34.4080084 111.06965848
OS 34.40965432 111.07377328
OS 34.41130024 111.07788808
OS 34.41459208 111.08282584
OS 34.42117576 111.09517024
OS 34.43022832 111.10916056
OS 34.44174976 111.1247968
OS 34.45491712 111.13961008
OS 34.47055336 111.15442336
OS 34.47137632 111.15524632
OS 34.47302224 111.15606928
OS 34.47549112 111.15853816
OS 34.47878296 111.16100704
OS 34.48289776 111.16429888
OS 34.48865848 111.16759072
OS 34.4944192 111.17170552
OS 34.50182584 111.17664328
OS 34.51828504 111.1865188
OS 34.53721312 111.19639432
OS 34.560256 111.20626984
OS 34.5849448 111.2153224
OS 34.58576776 111.2153224
OS 34.58823664 111.21614536
OS 34.59235144 111.21779128
OS 34.5972892 111.21861424
OS 34.60387288 111.22108312
OS 34.61210248 111.22272904
OS 34.621978 111.22437496
OS 34.63267648 111.22684384
OS 34.64419792 111.22931272
OS 34.65654232 111.23095864
OS 34.67053264 111.23342752
OS 34.68534592 111.23507344
OS 34.70180512 111.2358964
OS 34.71826432 111.23754232
OS 34.7536516 111.23836528
OS 34.77175672 111.23836528
OS 34.78080928 111.23754232
OE
SE
S P 0
OB 36.74192296 113.40280088 I
OS 36.74192296 113.40197792
OS 36.74192296 113.39868608
OS 36.74192296 113.39374832
OS 36.74192296 113.38716464
OS 36.7411 113.37893504
OS 36.74027704 113.36988248
OS 36.73945408 113.359184
OS 36.73863112 113.34766256
OS 36.73533928 113.32297376
OS 36.73122448 113.29581608
OS 36.7246408 113.26783544
OS 36.7164112 113.24067776
OS 36.7164112 113.2398548
OS 36.71558824 113.23738592
OS 36.71394232 113.23409408
OS 36.71147344 113.22915632
OS 36.70900456 113.2233956
OS 36.70653568 113.21598896
OS 36.69830608 113.19952976
OS 36.68843056 113.18142464
OS 36.67608616 113.1616736
OS 36.66127288 113.14192256
OS 36.64481368 113.12381744
OS 36.64399072 113.12299448
OS 36.6423448 113.12217152
OS 36.63987592 113.11970264
OS 36.63658408 113.1164108
OS 36.63246928 113.112296
OS 36.62670856 113.10735824
OS 36.62012488 113.10242048
OS 36.6135412 113.09748272
OS 36.597082 113.08596128
OS 36.57815392 113.07443984
OS 36.555934 113.0629184
OS 36.53206816 113.05304288
OS 36.5312452 113.05304288
OS 36.52877632 113.05221992
OS 36.52548448 113.050574
OS 36.52054672 113.04975104
OS 36.51396304 113.04810512
OS 36.5065564 113.04563624
OS 36.4983268 113.04399032
OS 36.48845128 113.04152144
OS 36.4777528 113.03905256
OS 36.46623136 113.03740664
OS 36.45388696 113.03576072
OS 36.4407196 113.03329184
OS 36.41273896 113.03082296
OS 36.38228944 113.03
OS 36.3666532 113.03
OS 36.3584236 113.03082296
OS 36.34937104 113.03164592
OS 36.33867256 113.03164592
OS 36.32715112 113.03329184
OS 36.30246232 113.03576072
OS 36.2761276 113.03987552
OS 36.24896992 113.04563624
OS 36.2226352 113.05304288
OS 36.22181224 113.05304288
OS 36.21934336 113.05386584
OS 36.21605152 113.05551176
OS 36.21193672 113.05715768
OS 36.206176 113.05962656
OS 36.19959232 113.0629184
OS 36.18395608 113.07032504
OS 36.16667392 113.08020056
OS 36.1485688 113.091722
OS 36.13046368 113.10571232
OS 36.11400448 113.12134856
OS 36.11318152 113.12217152
OS 36.11235856 113.12381744
OS 36.10988968 113.12628632
OS 36.1074208 113.12957816
OS 36.10412896 113.13369296
OS 36.10001416 113.13863072
OS 36.0909616 113.15179808
OS 36.08108608 113.16743432
OS 36.07121056 113.18553944
OS 36.062158 113.20611344
OS 36.0539284 113.22915632
OS 36.0539284 113.22997928
OS 36.05310544 113.23244816
OS 36.05228248 113.23574
OS 36.05145952 113.24067776
OS 36.0498136 113.24643848
OS 36.04816768 113.25384512
OS 36.04652176 113.26207472
OS 36.04487584 113.27112728
OS 36.04322992 113.28182576
OS 36.041584 113.29252424
OS 36.03829216 113.31721304
OS 36.03664624 113.34437072
OS 36.03582328 113.37317432
OS 36.03582328 114.01590608
OS 36.2185204 114.01590608
OS 36.2185204 113.3838728
OS 36.2185204 113.38304984
OS 36.2185204 113.38140392
OS 36.2185204 113.37893504
OS 36.2185204 113.3756432
OS 36.21934336 113.36659064
OS 36.21934336 113.3550692
OS 36.22016632 113.34107888
OS 36.22181224 113.32708856
OS 36.22428112 113.31227528
OS 36.22675 113.297462
OS 36.22757296 113.29581608
OS 36.22839592 113.29087832
OS 36.2308648 113.28429464
OS 36.23333368 113.27524208
OS 36.23744848 113.26536656
OS 36.24238624 113.25466808
OS 36.24896992 113.2439696
OS 36.25637656 113.23327112
OS 36.25719952 113.23244816
OS 36.26049136 113.22915632
OS 36.26460616 113.22421856
OS 36.27118984 113.21845784
OS 36.27859648 113.21187416
OS 36.28764904 113.20529048
OS 36.29752456 113.19952976
OS 36.309046 113.19376904
OS 36.31069192 113.19294608
OS 36.31480672 113.19212312
OS 36.3213904 113.18965424
OS 36.33126592 113.18718536
OS 36.34278736 113.18471648
OS 36.35595472 113.18307056
OS 36.37159096 113.18142464
OS 36.38887312 113.18060168
OS 36.39627976 113.18060168
OS 36.40450936 113.18142464
OS 36.41520784 113.1822476
OS 36.42755224 113.18307056
OS 36.43989664 113.18553944
OS 36.453064 113.18800832
OS 36.4654084 113.19130016
OS 36.46705432 113.19212312
OS 36.47034616 113.19376904
OS 36.47610688 113.19623792
OS 36.48351352 113.20035272
OS 36.49174312 113.20529048
OS 36.50079568 113.21187416
OS 36.50902528 113.2192808
OS 36.51725488 113.22833336
OS 36.51807784 113.22997928
OS 36.52054672 113.23327112
OS 36.52466152 113.23903184
OS 36.52877632 113.24643848
OS 36.53371408 113.256314
OS 36.5394748 113.26701248
OS 36.54441256 113.28017984
OS 36.54852736 113.29417016
OS 36.54852736 113.29499312
OS 36.54935032 113.29581608
OS 36.54935032 113.29828496
OS 36.55017328 113.3015768
OS 36.5518192 113.3098064
OS 36.55428808 113.32132784
OS 36.555934 113.33531816
OS 36.55757992 113.35177736
OS 36.55840288 113.37070544
OS 36.55922584 113.39127944
OS 36.55922584 114.01590608
OS 36.74192296 114.01590608
OS 36.74192296 113.40280088
OE
OB 35.57331976 114.03154232 I
OS 35.57825752 114.03154232
OS 35.59142488 114.03071936
OS 35.60706112 114.02825048
OS 35.6259892 114.0257816
OS 35.64574024 114.0216668
OS 35.66796016 114.01672904
OS 35.69018008 114.0093224
OS 35.71404592 114.0010928
OS 35.73791176 113.99121728
OS 35.7617776 113.97887288
OS 35.78482048 113.9640596
OS 35.8070404 113.94677744
OS 35.82843736 113.9270264
OS 35.84736544 113.90480648
OS 35.8481884 113.90316056
OS 35.85148024 113.89904576
OS 35.856418 113.89163912
OS 35.86217872 113.88094064
OS 35.86958536 113.86777328
OS 35.87781496 113.85213704
OS 35.88686752 113.83320896
OS 35.89592008 113.81098904
OS 35.90497264 113.78630024
OS 35.9140252 113.75914256
OS 35.9222548 113.72869304
OS 35.92966144 113.69577464
OS 35.93542216 113.6595644
OS 35.94035992 113.62088528
OS 35.94365176 113.57973728
OS 35.94447472 113.53529744
OS 35.94447472 113.53365152
OS 35.94447472 113.52953672
OS 35.94447472 113.52213008
OS 35.94365176 113.51307752
OS 35.94365176 113.50155608
OS 35.9428288 113.48838872
OS 35.94200584 113.47357544
OS 35.94035992 113.45711624
OS 35.938714 113.43983408
OS 35.93706808 113.42172896
OS 35.93130736 113.3838728
OS 35.92390072 113.34519368
OS 35.91896296 113.32544264
OS 35.91320224 113.30733752
OS 35.91320224 113.30651456
OS 35.91155632 113.30322272
OS 35.9099104 113.29828496
OS 35.90744152 113.29170128
OS 35.90414968 113.28347168
OS 35.90085784 113.27359616
OS 35.89592008 113.26372064
OS 35.89098232 113.2521992
OS 35.87946088 113.22668744
OS 35.8646476 113.20117568
OS 35.84736544 113.17484096
OS 35.82843736 113.15015216
OS 35.8276144 113.1493292
OS 35.82596848 113.14768328
OS 35.82267664 113.14439144
OS 35.8193848 113.14027664
OS 35.81362408 113.13533888
OS 35.80786336 113.12957816
OS 35.80045672 113.12299448
OS 35.79305008 113.1164108
OS 35.78399752 113.10900416
OS 35.774122 113.10159752
OS 35.75272504 113.08596128
OS 35.7288592 113.07197096
OS 35.70252448 113.05962656
OS 35.70170152 113.05962656
OS 35.69923264 113.05798064
OS 35.69511784 113.05715768
OS 35.69018008 113.0546888
OS 35.6835964 113.05304288
OS 35.6753668 113.050574
OS 35.66631424 113.04728216
OS 35.65643872 113.04481328
OS 35.64491728 113.0423444
OS 35.63257288 113.03905256
OS 35.60706112 113.03493776
OS 35.57825752 113.03164592
OS 35.547808 113.03
OS 35.5395784 113.03
OS 35.53464064 113.03082296
OS 35.52970288 113.03082296
OS 35.51653552 113.03164592
OS 35.50089928 113.0341148
OS 35.4819712 113.03658368
OS 35.46222016 113.04069848
OS 35.44000024 113.04563624
OS 35.41778032 113.05221992
OS 35.39391448 113.06127248
OS 35.37004864 113.071148
OS 35.3461828 113.0834924
OS 35.32313992 113.09830568
OS 35.30092 113.11476488
OS 35.27952304 113.13451592
OS 35.26059496 113.15673584
OS 35.259772 113.15838176
OS 35.25648016 113.16249656
OS 35.2515424 113.1699032
OS 35.24578168 113.18060168
OS 35.23837504 113.19376904
OS 35.23014544 113.21022824
OS 35.22109288 113.22915632
OS 35.21286328 113.25055328
OS 35.20381072 113.27524208
OS 35.19475816 113.30322272
OS 35.18652856 113.33367224
OS 35.17912192 113.36659064
OS 35.1733612 113.40197792
OS 35.16842344 113.44065704
OS 35.1651316 113.482628
OS 35.16430864 113.52624488
OS 35.16430864 113.5278908
OS 35.16430864 113.5320056
OS 35.16430864 113.53941224
OS 35.1651316 113.5484648
OS 35.1651316 113.55998624
OS 35.16595456 113.5731536
OS 35.16677752 113.58796688
OS 35.16842344 113.60442608
OS 35.17006936 113.62170824
OS 35.17171528 113.63981336
OS 35.177476 113.67766952
OS 35.18488264 113.71634864
OS 35.1898204 113.73527672
OS 35.19475816 113.75338184
OS 35.19475816 113.7542048
OS 35.19640408 113.75749664
OS 35.19805 113.7624344
OS 35.20051888 113.76901808
OS 35.20381072 113.77724768
OS 35.20710256 113.7871232
OS 35.21204032 113.79782168
OS 35.21697808 113.80934312
OS 35.22849952 113.83403192
OS 35.2433128 113.86036664
OS 35.259772 113.88670136
OS 35.26882456 113.89904576
OS 35.27870008 113.9105672
OS 35.27952304 113.91139016
OS 35.28116896 113.91303608
OS 35.2844608 113.91632792
OS 35.2885756 113.92044272
OS 35.29351336 113.92620344
OS 35.30009704 113.93196416
OS 35.30668072 113.93854784
OS 35.31491032 113.94513152
OS 35.32396288 113.95253816
OS 35.3338384 113.9599448
OS 35.35523536 113.97558104
OS 35.3791012 113.98957136
OS 35.40543592 114.00191576
OS 35.40625888 114.00191576
OS 35.40872776 114.00356168
OS 35.41284256 114.00438464
OS 35.41778032 114.00685352
OS 35.424364 114.0093224
OS 35.4325936 114.01179128
OS 35.44164616 114.01426016
OS 35.45234464 114.017552
OS 35.46304312 114.02002088
OS 35.47538752 114.02248976
OS 35.50089928 114.02742752
OS 35.52970288 114.03071936
OS 35.5601524 114.03236528
OS 35.568382 114.03236528
OS 35.57331976 114.03154232
OE
OB 34.68040816 114.01508312 I
OS 34.6919296 114.01426016
OS 34.704274 114.0134372
OS 34.71826432 114.01261424
OS 34.7330776 114.01096832
OS 34.74871384 114.0093224
OS 34.78163224 114.00438464
OS 34.81455064 113.996978
OS 34.84664608 113.98792544
OS 34.84746904 113.98792544
OS 34.85076088 113.98627952
OS 34.85487568 113.9846336
OS 34.8606364 113.98298768
OS 34.86804304 113.97969584
OS 34.87627264 113.976404
OS 34.8853252 113.97146624
OS 34.89520072 113.96652848
OS 34.91742064 113.95418408
OS 34.94046352 113.9393708
OS 34.96432936 113.92208864
OS 34.98572632 113.90151464
OS 34.98654928 113.90069168
OS 34.9881952 113.89904576
OS 34.99148704 113.89575392
OS 34.99477888 113.89081616
OS 34.99971664 113.8858784
OS 35.0046544 113.87847176
OS 35.01123808 113.87106512
OS 35.0169988 113.86201256
OS 35.02358248 113.85131408
OS 35.03098912 113.8406156
OS 35.0375728 113.8282712
OS 35.04497944 113.81510384
OS 35.05156312 113.80193648
OS 35.0581468 113.7871232
OS 35.06966824 113.75502776
OS 35.06966824 113.7542048
OS 35.0704912 113.75091296
OS 35.07213712 113.7459752
OS 35.07378304 113.73939152
OS 35.07625192 113.73033896
OS 35.0787208 113.72046344
OS 35.08118968 113.708942
OS 35.08365856 113.69495168
OS 35.08612744 113.6801384
OS 35.08859632 113.66450216
OS 35.0910652 113.64722
OS 35.09353408 113.62829192
OS 35.09518 113.60854088
OS 35.09682592 113.58796688
OS 35.09764888 113.56574696
OS 35.09764888 113.54352704
OS 35.09764888 113.54188112
OS 35.09764888 113.53858928
OS 35.09764888 113.53282856
OS 35.09764888 113.52459896
OS 35.09682592 113.51472344
OS 35.09600296 113.503202
OS 35.09518 113.49003464
OS 35.09435704 113.47604432
OS 35.09271112 113.46040808
OS 35.0910652 113.44394888
OS 35.08612744 113.40938456
OS 35.0787208 113.37399728
OS 35.06966824 113.33861
OS 35.06966824 113.33778704
OS 35.06802232 113.3344952
OS 35.0663764 113.32955744
OS 35.06473048 113.32297376
OS 35.06143864 113.31556712
OS 35.05732384 113.30651456
OS 35.05320904 113.29581608
OS 35.04827128 113.2851176
OS 35.03592688 113.2604288
OS 35.0211136 113.23409408
OS 35.00300848 113.20775936
OS 34.98243448 113.1822476
OS 34.98161152 113.18142464
OS 34.9799656 113.17977872
OS 34.97667376 113.17566392
OS 34.971736 113.17154912
OS 34.96597528 113.1657884
OS 34.9593916 113.16002768
OS 34.951162 113.15262104
OS 34.94210944 113.1452144
OS 34.93141096 113.13780776
OS 34.91988952 113.12957816
OS 34.90754512 113.1205256
OS 34.89437776 113.112296
OS 34.88038744 113.1040664
OS 34.8647512 113.09665976
OS 34.84911496 113.08843016
OS 34.8318328 113.08184648
OS 34.83100984 113.08184648
OS 34.827718 113.08020056
OS 34.82278024 113.07855464
OS 34.8153736 113.07608576
OS 34.80632104 113.07361688
OS 34.79562256 113.071148
OS 34.78327816 113.06785616
OS 34.7701108 113.06456432
OS 34.75447456 113.06127248
OS 34.73801536 113.05798064
OS 34.71991024 113.05551176
OS 34.7001592 113.05304288
OS 34.6795852 113.050574
OS 34.65818824 113.04892808
OS 34.63596832 113.04810512
OS 34.61210248 113.04728216
OS 34.36603744 113.04728216
OS 34.36603744 114.01590608
OS 34.6713556 114.01590608
OS 34.68040816 114.01508312
OE
OB 34.1158576 113.37070544 I
OS 33.655 113.37070544
OS 33.655 113.5320056
OS 34.1158576 113.5320056
OS 34.1158576 113.37070544
OE
OB 37.58298808 113.86365848 I
OS 37.317172 113.86365848
OS 37.317172 113.04728216
OS 37.13036008 113.04728216
OS 37.13036008 113.86365848
OS 36.864544 113.86365848
OS 36.864544 114.01590608
OS 37.58298808 114.01590608
OS 37.58298808 113.86365848
OE
OB 34.64090608 113.86283552 H
OS 34.54873456 113.86283552
OS 34.54873456 113.20035272
OS 34.6343224 113.20035272
OS 34.64172904 113.20117568
OS 34.6507816 113.20199864
OS 34.66148008 113.2028216
OS 34.67464744 113.20446752
OS 34.68863776 113.2069364
OS 34.704274 113.21022824
OS 34.71991024 113.21434304
OS 34.7371924 113.22010376
OS 34.7536516 113.22668744
OS 34.77093376 113.23409408
OS 34.78739296 113.24314664
OS 34.8030292 113.25384512
OS 34.81784248 113.26618952
OS 34.8318328 113.28017984
OS 34.83265576 113.2810028
OS 34.83512464 113.28429464
OS 34.83841648 113.28840944
OS 34.84253128 113.29499312
OS 34.848292 113.30404568
OS 34.85405272 113.31474416
OS 34.8606364 113.32708856
OS 34.86722008 113.34190184
OS 34.8729808 113.35836104
OS 34.87956448 113.37646616
OS 34.8853252 113.39704016
OS 34.89108592 113.42008304
OS 34.89520072 113.44477184
OS 34.89849256 113.47110656
OS 34.90096144 113.49991016
OS 34.9017844 113.53118264
OS 34.9017844 113.5320056
OS 34.9017844 113.53447448
OS 34.9017844 113.53858928
OS 34.9017844 113.54435
OS 34.9017844 113.55175664
OS 34.90096144 113.55916328
OS 34.90096144 113.56821584
OS 34.90013848 113.57809136
OS 34.89849256 113.60031128
OS 34.89602368 113.62335416
OS 34.89273184 113.64722
OS 34.88861704 113.67108584
OS 34.88861704 113.6719088
OS 34.88779408 113.67355472
OS 34.88697112 113.67684656
OS 34.88614816 113.68178432
OS 34.88450224 113.68672208
OS 34.88285632 113.69330576
OS 34.87874152 113.70729608
OS 34.8729808 113.72375528
OS 34.86557416 113.74103744
OS 34.8565216 113.75914256
OS 34.84582312 113.77560176
OS 34.84582312 113.77642472
OS 34.8441772 113.77724768
OS 34.8400624 113.7830084
OS 34.83347872 113.79041504
OS 34.82442616 113.7994676
OS 34.81372768 113.81016608
OS 34.79973736 113.82086456
OS 34.78410112 113.83156304
OS 34.765996 113.8406156
OS 34.76517304 113.8406156
OS 34.76352712 113.84143856
OS 34.76105824 113.84308448
OS 34.75694344 113.84390744
OS 34.75200568 113.84555336
OS 34.74624496 113.84802224
OS 34.73966128 113.84966816
OS 34.73143168 113.85213704
OS 34.72320208 113.85378296
OS 34.71332656 113.85542888
OS 34.6919296 113.85954368
OS 34.66806376 113.86201256
OS 34.64090608 113.86283552
OE
OB 35.55439168 113.86777328 H
OS 35.54533912 113.86777328
OS 35.54122432 113.86695032
OS 35.5354636 113.86695032
OS 35.5231192 113.8653044
OS 35.50912888 113.86201256
OS 35.49349264 113.85872072
OS 35.47867936 113.85296
OS 35.46386608 113.84555336
OS 35.46222016 113.8447304
OS 35.45810536 113.84143856
OS 35.45069872 113.8365008
OS 35.44246912 113.82909416
OS 35.4325936 113.8200416
OS 35.42271808 113.80934312
OS 35.41284256 113.79617576
OS 35.40296704 113.78136248
OS 35.40296704 113.78053952
OS 35.40214408 113.77971656
OS 35.40049816 113.77724768
OS 35.39885224 113.77395584
OS 35.39720632 113.76984104
OS 35.39473744 113.76490328
OS 35.38979968 113.75255888
OS 35.38403896 113.7377456
OS 35.37827824 113.71964048
OS 35.37251752 113.69906648
OS 35.36757976 113.67684656
OS 35.36757976 113.6760236
OS 35.3667568 113.67437768
OS 35.3667568 113.67026288
OS 35.36593384 113.66614808
OS 35.36511088 113.66038736
OS 35.36428792 113.65298072
OS 35.36346496 113.64475112
OS 35.362642 113.63569856
OS 35.36099608 113.62582304
OS 35.36017312 113.61512456
OS 35.3585272 113.59125872
OS 35.35770424 113.56410104
OS 35.35688128 113.53529744
OS 35.35688128 113.53447448
OS 35.35688128 113.53365152
OS 35.35688128 113.53118264
OS 35.35688128 113.5278908
OS 35.35688128 113.51883824
OS 35.35770424 113.5073168
OS 35.3585272 113.49250352
OS 35.35935016 113.47604432
OS 35.36099608 113.4579392
OS 35.362642 113.43901112
OS 35.36511088 113.41843712
OS 35.36840272 113.39704016
OS 35.37663232 113.35424624
OS 35.38157008 113.33367224
OS 35.38815376 113.3139212
OS 35.39473744 113.29581608
OS 35.40296704 113.27853392
OS 35.40379 113.27771096
OS 35.40543592 113.27524208
OS 35.4079048 113.27112728
OS 35.4120196 113.26536656
OS 35.41695736 113.25878288
OS 35.42354104 113.2521992
OS 35.43094768 113.24479256
OS 35.43917728 113.23656296
OS 35.4490528 113.22915632
OS 35.46057424 113.22092672
OS 35.47291864 113.21434304
OS 35.486086 113.20775936
OS 35.50172224 113.20199864
OS 35.51735848 113.19788384
OS 35.5354636 113.19541496
OS 35.55439168 113.194592
OS 35.56344424 113.194592
OS 35.56755904 113.19541496
OS 35.57331976 113.19541496
OS 35.58566416 113.19706088
OS 35.59965448 113.19952976
OS 35.61446776 113.20364456
OS 35.62928104 113.20858232
OS 35.64409432 113.21598896
OS 35.64491728 113.21598896
OS 35.64574024 113.21681192
OS 35.650678 113.22010376
OS 35.65726168 113.22504152
OS 35.66631424 113.23244816
OS 35.6753668 113.24150072
OS 35.68606528 113.2521992
OS 35.6959408 113.26536656
OS 35.70499336 113.28017984
OS 35.70499336 113.2810028
OS 35.70581632 113.28182576
OS 35.70746224 113.28429464
OS 35.70910816 113.28758648
OS 35.71075408 113.29170128
OS 35.71322296 113.29663904
OS 35.71816072 113.30898344
OS 35.72392144 113.32379672
OS 35.72968216 113.34190184
OS 35.73544288 113.36165288
OS 35.74038064 113.3838728
OS 35.74038064 113.38469576
OS 35.7412036 113.38634168
OS 35.7412036 113.39045648
OS 35.74202656 113.39457128
OS 35.74284952 113.40115496
OS 35.74367248 113.40773864
OS 35.7453184 113.41596824
OS 35.74614136 113.4250208
OS 35.74696432 113.43489632
OS 35.74861024 113.44641776
OS 35.75025616 113.4702836
OS 35.75107912 113.49744128
OS 35.75190208 113.52624488
OS 35.75190208 113.52706784
OS 35.75190208 113.5278908
OS 35.75190208 113.53035968
OS 35.75190208 113.53365152
OS 35.75190208 113.54270408
OS 35.75107912 113.55422552
OS 35.75025616 113.5690388
OS 35.7494332 113.585498
OS 35.74778728 113.60360312
OS 35.74614136 113.6225312
OS 35.74367248 113.6431052
OS 35.74038064 113.66450216
OS 35.73215104 113.70729608
OS 35.72721328 113.72787008
OS 35.72145256 113.74762112
OS 35.71404592 113.7665492
OS 35.70581632 113.7830084
OS 35.70499336 113.78383136
OS 35.70334744 113.78630024
OS 35.70087856 113.791238
OS 35.69676376 113.79617576
OS 35.691826 113.80275944
OS 35.68606528 113.81016608
OS 35.67865864 113.81757272
OS 35.66960608 113.82580232
OS 35.65973056 113.83320896
OS 35.64903208 113.8406156
OS 35.63586472 113.84802224
OS 35.62269736 113.85460592
OS 35.60788408 113.86036664
OS 35.59142488 113.86448144
OS 35.57331976 113.86695032
OS 35.55439168 113.86777328
OE
SE
S P 0
OB 37.34350672 115.84128216 I
OS 37.10155648 115.84128216
OS 36.80611384 116.80990608
OS 37.0126768 116.80990608
OS 37.17644584 116.22642744
OS 37.22911528 116.03467776
OS 37.2842536 116.23712592
OS 37.44637672 116.80990608
OS 37.64059528 116.80990608
OS 37.34350672 115.84128216
OE
OB 36.74274592 115.84128216 I
OS 36.51972376 115.84128216
OS 36.26049136 116.41900008
OS 36.20782192 116.54326704
OS 36.20782192 116.14166256
OS 36.20782192 115.84128216
OS 36.041584 115.84128216
OS 36.041584 116.80990608
OS 36.26542912 116.80990608
OS 36.52959928 116.22807336
OS 36.576508 116.11450488
OS 36.576508 116.54162112
OS 36.576508 116.80990608
OS 36.74274592 116.80990608
OS 36.74274592 115.84128216
OE
OB 39.25195096 116.65765848 I
OS 38.98613488 116.65765848
OS 38.98613488 115.84128216
OS 38.79932296 115.84128216
OS 38.79932296 116.65765848
OS 38.53350688 116.65765848
OS 38.53350688 116.80990608
OS 39.25195096 116.80990608
OS 39.25195096 116.65765848
OE
OB 38.11873504 116.82554232 I
OS 38.12943352 116.82471936
OS 38.140132 116.8238964
OS 38.15165344 116.82307344
OS 38.15329936 116.82307344
OS 38.15741416 116.82225048
OS 38.16317488 116.82225048
OS 38.17140448 116.82142752
OS 38.18045704 116.82060456
OS 38.19115552 116.81895864
OS 38.21337544 116.81648976
OS 38.21502136 116.81648976
OS 38.21913616 116.8156668
OS 38.22489688 116.81484384
OS 38.23230352 116.81402088
OS 38.24217904 116.81237496
OS 38.25205456 116.81072904
OS 38.27345152 116.80661424
OS 38.27509744 116.80661424
OS 38.27838928 116.80579128
OS 38.28415 116.80496832
OS 38.29073368 116.8033224
OS 38.29896328 116.80167648
OS 38.30801584 116.80003056
OS 38.32612096 116.79591576
OS 38.32612096 116.62885488
OS 38.325298 116.62885488
OS 38.32200616 116.6305008
OS 38.3170684 116.63214672
OS 38.31048472 116.63379264
OS 38.30307808 116.63626152
OS 38.29402552 116.6387304
OS 38.28415 116.64202224
OS 38.27345152 116.64449112
OS 38.2718056 116.64449112
OS 38.26851376 116.64613704
OS 38.26275304 116.64778296
OS 38.2553464 116.64942888
OS 38.2471168 116.6510748
OS 38.23724128 116.65354368
OS 38.2265428 116.65601256
OS 38.21502136 116.65765848
OS 38.21337544 116.65765848
OS 38.2100836 116.65848144
OS 38.20432288 116.6593044
OS 38.19609328 116.66095032
OS 38.18704072 116.66259624
OS 38.1771652 116.66424216
OS 38.15494528 116.66671104
OS 38.15329936 116.66671104
OS 38.15000752 116.667534
OS 38.1442468 116.667534
OS 38.1360172 116.66835696
OS 38.1277876 116.66917992
OS 38.11791208 116.66917992
OS 38.09733808 116.67000288
OS 38.08005592 116.67000288
OS 38.06853448 116.66917992
OS 38.05619008 116.66835696
OS 38.04219976 116.66671104
OS 38.02820944 116.66424216
OS 38.01504208 116.66177328
OS 38.01339616 116.66177328
OS 38.00928136 116.66012736
OS 38.00352064 116.65848144
OS 37.996114 116.65601256
OS 37.98706144 116.65354368
OS 37.97800888 116.64942888
OS 37.96895632 116.64531408
OS 37.96072672 116.64037632
OS 37.95990376 116.63955336
OS 37.95743488 116.63790744
OS 37.95332008 116.6346156
OS 37.94920528 116.63132376
OS 37.94344456 116.626386
OS 37.9385068 116.62062528
OS 37.93356904 116.6140416
OS 37.92945424 116.60663496
OS 37.92945424 116.605812
OS 37.92780832 116.60334312
OS 37.92698536 116.59922832
OS 37.92533944 116.5934676
OS 37.92369352 116.58688392
OS 37.9220476 116.57947728
OS 37.92122464 116.57124768
OS 37.92040168 116.56219512
OS 37.92040168 116.5605492
OS 37.92040168 116.55725736
OS 37.92122464 116.55149664
OS 37.92287056 116.54409
OS 37.92533944 116.5358604
OS 37.92863128 116.52680784
OS 37.93356904 116.51857824
OS 37.94015272 116.50952568
OS 37.94097568 116.50870272
OS 37.94426752 116.50623384
OS 37.94838232 116.50211904
OS 37.954966 116.49635832
OS 37.96237264 116.4905976
OS 37.9714252 116.48401392
OS 37.98212368 116.47660728
OS 37.99446808 116.4700236
OS 37.996114 116.46920064
OS 38.0002288 116.46673176
OS 38.00763544 116.46343992
OS 38.016688 116.45932512
OS 38.02820944 116.45438736
OS 38.0413768 116.44862664
OS 38.05536712 116.44286592
OS 38.07100336 116.4371052
OS 38.07182632 116.4371052
OS 38.07264928 116.43628224
OS 38.07511816 116.43545928
OS 38.07841 116.43463632
OS 38.0866396 116.43134448
OS 38.09816104 116.42722968
OS 38.1113284 116.42311488
OS 38.12614168 116.41735416
OS 38.14177792 116.41159344
OS 38.15823712 116.40500976
OS 38.15906008 116.40500976
OS 38.15988304 116.4041868
OS 38.16235192 116.40336384
OS 38.16564376 116.40171792
OS 38.17469632 116.39842608
OS 38.18621776 116.39348832
OS 38.19938512 116.3877276
OS 38.2141984 116.38114392
OS 38.22983464 116.37373728
OS 38.24547088 116.36550768
OS 38.24629384 116.36550768
OS 38.2471168 116.36468472
OS 38.24958568 116.3630388
OS 38.25287752 116.36139288
OS 38.26110712 116.35645512
OS 38.27098264 116.3506944
OS 38.28332704 116.3424648
OS 38.29567144 116.33341224
OS 38.3088388 116.32271376
OS 38.32200616 116.31119232
OS 38.32365208 116.3095464
OS 38.32776688 116.3054316
OS 38.3335276 116.29884792
OS 38.3417572 116.28979536
OS 38.3499868 116.27909688
OS 38.35903936 116.26675248
OS 38.36809192 116.2519392
OS 38.37632152 116.23630296
OS 38.37632152 116.23548
OS 38.37714448 116.23465704
OS 38.37796744 116.23218816
OS 38.37961336 116.22889632
OS 38.38125928 116.22478152
OS 38.3829052 116.2190208
OS 38.38702 116.20749936
OS 38.39031184 116.19186312
OS 38.39360368 116.17458096
OS 38.39607256 116.15482992
OS 38.39689552 116.13343296
OS 38.39689552 116.13261
OS 38.39689552 116.13014112
OS 38.39689552 116.12602632
OS 38.39607256 116.1202656
OS 38.39607256 116.11368192
OS 38.3952496 116.10545232
OS 38.39442664 116.09639976
OS 38.39360368 116.08652424
OS 38.38948888 116.06512728
OS 38.38455112 116.0420844
OS 38.37714448 116.01821856
OS 38.36726896 115.99517568
OS 38.36726896 115.99435272
OS 38.36562304 115.9927068
OS 38.36397712 115.98941496
OS 38.36150824 115.98530016
OS 38.35903936 115.9803624
OS 38.35492456 115.97460168
OS 38.345872 115.96143432
OS 38.33435056 115.94579808
OS 38.32036024 115.93016184
OS 38.30390104 115.91370264
OS 38.28497296 115.89888936
OS 38.28415 115.89888936
OS 38.28250408 115.89724344
OS 38.2800352 115.89559752
OS 38.2759204 115.89230568
OS 38.27098264 115.8898368
OS 38.26439896 115.885722
OS 38.25781528 115.8816072
OS 38.24958568 115.8774924
OS 38.24053312 115.8733776
OS 38.23148056 115.86843984
OS 38.2100836 115.85938728
OS 38.18621776 115.85033472
OS 38.15988304 115.84210512
OS 38.15906008 115.84210512
OS 38.1565912 115.84128216
OS 38.1524764 115.8404592
OS 38.14753864 115.83963624
OS 38.140132 115.83799032
OS 38.13272536 115.8363444
OS 38.12284984 115.83469848
OS 38.11297432 115.83305256
OS 38.10145288 115.83140664
OS 38.08910848 115.82976072
OS 38.07594112 115.8281148
OS 38.0619508 115.82646888
OS 38.03232424 115.82482296
OS 38.00105176 115.824
OS 37.98130072 115.824
OS 37.97307112 115.82482296
OS 37.95414304 115.82482296
OS 37.9426216 115.82564592
OS 37.93110016 115.82646888
OS 37.90641136 115.8281148
OS 37.88007664 115.82976072
OS 37.85291896 115.83305256
OS 37.852096 115.83305256
OS 37.84962712 115.83387552
OS 37.84633528 115.83387552
OS 37.84057456 115.83469848
OS 37.83481384 115.83552144
OS 37.82658424 115.83716736
OS 37.81835464 115.83799032
OS 37.80930208 115.83963624
OS 37.78790512 115.84375104
OS 37.76403928 115.8486888
OS 37.73852752 115.85444952
OS 37.71301576 115.86185616
OS 37.71301576 116.0420844
OS 37.71466168 116.04126144
OS 37.71877648 116.03961552
OS 37.72536016 116.0379696
OS 37.73441272 116.03467776
OS 37.7451112 116.03138592
OS 37.7574556 116.02727112
OS 37.7698 116.02315632
OS 37.78379032 116.01904152
OS 37.78461328 116.01904152
OS 37.78543624 116.01821856
OS 37.790374 116.0173956
OS 37.79778064 116.01574968
OS 37.8068332 116.0132808
OS 37.81835464 116.00998896
OS 37.83069904 116.00752008
OS 37.8438664 116.00422824
OS 37.85785672 116.0009364
OS 37.85950264 116.0009364
OS 37.8644404 116.00011344
OS 37.87184704 115.99846752
OS 37.88172256 115.9968216
OS 37.89242104 115.99517568
OS 37.9055884 115.9927068
OS 37.91875576 115.99106088
OS 37.93274608 115.98941496
OS 37.934392 115.98941496
OS 37.93932976 115.988592
OS 37.9467364 115.98776904
OS 37.95578896 115.98776904
OS 37.96648744 115.98694608
OS 37.97883184 115.98612312
OS 38.00516656 115.98530016
OS 38.01421912 115.98530016
OS 38.02327168 115.98612312
OS 38.03561608 115.98612312
OS 38.0496064 115.98694608
OS 38.06441968 115.988592
OS 38.07923296 115.99106088
OS 38.09322328 115.99352976
OS 38.09404624 115.99352976
OS 38.0948692 115.99435272
OS 38.098984 115.99517568
OS 38.10556768 115.99764456
OS 38.11462024 116.00011344
OS 38.1236728 116.00340528
OS 38.13354832 116.00752008
OS 38.14342384 116.01245784
OS 38.1524764 116.01821856
OS 38.15329936 116.01904152
OS 38.1565912 116.02068744
OS 38.160706 116.02397928
OS 38.16564376 116.02891704
OS 38.17058152 116.0338548
OS 38.17634224 116.04043848
OS 38.18210296 116.04784512
OS 38.18621776 116.05525176
OS 38.18704072 116.05607472
OS 38.18786368 116.05936656
OS 38.1895096 116.06348136
OS 38.19197848 116.06924208
OS 38.1936244 116.07664872
OS 38.19527032 116.08487832
OS 38.19609328 116.09393088
OS 38.19691624 116.10298344
OS 38.19691624 116.1038064
OS 38.19691624 116.10462936
OS 38.19691624 116.10874416
OS 38.19609328 116.11532784
OS 38.19444736 116.12355744
OS 38.19197848 116.13343296
OS 38.18786368 116.14330848
OS 38.18292592 116.153184
OS 38.17634224 116.16223656
OS 38.17551928 116.16305952
OS 38.17222744 116.16635136
OS 38.16811264 116.17128912
OS 38.16152896 116.17704984
OS 38.15412232 116.18363352
OS 38.14506976 116.19104016
OS 38.13437128 116.19762384
OS 38.12202688 116.20503048
OS 38.12038096 116.20585344
OS 38.11626616 116.20832232
OS 38.10968248 116.21161416
OS 38.10062992 116.21655192
OS 38.08910848 116.22148968
OS 38.07594112 116.2272504
OS 38.0619508 116.23301112
OS 38.04631456 116.23877184
OS 38.0454916 116.23877184
OS 38.04466864 116.2395948
OS 38.04219976 116.24041776
OS 38.03890792 116.24124072
OS 38.03067832 116.24453256
OS 38.01915688 116.24864736
OS 38.00598952 116.25276216
OS 37.99117624 116.25852288
OS 37.97554 116.2642836
OS 37.9590808 116.27004432
OS 37.95825784 116.27004432
OS 37.95743488 116.27086728
OS 37.954966 116.27169024
OS 37.95167416 116.27333616
OS 37.94344456 116.276628
OS 37.93192312 116.28156576
OS 37.91875576 116.28732648
OS 37.90394248 116.29391016
OS 37.88830624 116.3013168
OS 37.87267 116.30872344
OS 37.87184704 116.30872344
OS 37.87102408 116.3095464
OS 37.8685552 116.31119232
OS 37.86526336 116.31283824
OS 37.85703376 116.317776
OS 37.84715824 116.32353672
OS 37.83481384 116.33176632
OS 37.82246944 116.34081888
OS 37.80930208 116.3506944
OS 37.79613472 116.36221584
OS 37.7944888 116.36386176
OS 37.790374 116.36797656
OS 37.78461328 116.37456024
OS 37.77720664 116.3836128
OS 37.76897704 116.39513424
OS 37.75992448 116.40747864
OS 37.75087192 116.42229192
OS 37.74264232 116.43792816
OS 37.74264232 116.43875112
OS 37.74181936 116.44039704
OS 37.7409964 116.44286592
OS 37.73935048 116.44615776
OS 37.73770456 116.45027256
OS 37.73605864 116.45521032
OS 37.7327668 116.46837768
OS 37.72947496 116.48401392
OS 37.72618312 116.50211904
OS 37.72371424 116.52269304
OS 37.72289128 116.54491296
OS 37.72289128 116.54573592
OS 37.72289128 116.54738184
OS 37.72289128 116.55067368
OS 37.72289128 116.55478848
OS 37.72371424 116.55972624
OS 37.72371424 116.56548696
OS 37.72536016 116.57947728
OS 37.72782904 116.59593648
OS 37.73194384 116.6140416
OS 37.7368816 116.63379264
OS 37.74346528 116.65272072
OS 37.74346528 116.65354368
OS 37.74428824 116.6551896
OS 37.74593416 116.65765848
OS 37.74758008 116.66177328
OS 37.749226 116.66588808
OS 37.75251784 116.67082584
OS 37.75910152 116.68317024
OS 37.76815408 116.69716056
OS 37.77967552 116.7127968
OS 37.79284288 116.72761008
OS 37.80847912 116.74242336
OS 37.80930208 116.74324632
OS 37.810948 116.74406928
OS 37.81341688 116.74653816
OS 37.81670872 116.74900704
OS 37.82082352 116.75229888
OS 37.82658424 116.75559072
OS 37.83234496 116.75970552
OS 37.8397516 116.76464328
OS 37.8562108 116.7745188
OS 37.87513888 116.78439432
OS 37.89818176 116.79426984
OS 37.92287056 116.8033224
OS 37.92369352 116.8033224
OS 37.9261624 116.80414536
OS 37.9302772 116.80579128
OS 37.93521496 116.80661424
OS 37.94179864 116.80908312
OS 37.95002824 116.81072904
OS 37.95990376 116.81237496
OS 37.97060224 116.81484384
OS 37.98212368 116.81731272
OS 37.99446808 116.81895864
OS 38.0084584 116.82142752
OS 38.02327168 116.82307344
OS 38.03973088 116.8238964
OS 38.05619008 116.82554232
OS 38.09157736 116.82636528
OS 38.10968248 116.82636528
OS 38.11873504 116.82554232
OE
OB 34.84993792 116.82307344 I
OS 34.87215784 116.82225048
OS 34.8770956 116.82225048
OS 34.88285632 116.82142752
OS 34.89026296 116.82060456
OS 34.89931552 116.8197816
OS 34.90919104 116.81895864
OS 34.92976504 116.81648976
OS 34.93141096 116.81648976
OS 34.9347028 116.8156668
OS 34.94046352 116.81484384
OS 34.9470472 116.81319792
OS 34.95609976 116.811552
OS 34.96515232 116.80990608
OS 34.98654928 116.80496832
OS 34.9881952 116.80496832
OS 34.99148704 116.80414536
OS 34.99724776 116.80249944
OS 35.00547736 116.80085352
OS 35.01452992 116.79838464
OS 35.02440544 116.7950928
OS 35.04744832 116.78850912
OS 35.04744832 116.60745792
OS 35.04662536 116.60745792
OS 35.04497944 116.60910384
OS 35.04086464 116.6099268
OS 35.03674984 116.61239568
OS 35.03098912 116.61486456
OS 35.02440544 116.61733344
OS 35.0169988 116.62062528
OS 35.0087692 116.62391712
OS 34.98984112 116.6305008
OS 34.97009008 116.63790744
OS 34.94787016 116.64449112
OS 34.9264732 116.64942888
OS 34.92565024 116.64942888
OS 34.92400432 116.65025184
OS 34.92071248 116.6510748
OS 34.91659768 116.65189776
OS 34.91165992 116.65272072
OS 34.9058992 116.65354368
OS 34.89190888 116.65601256
OS 34.87627264 116.65848144
OS 34.85899048 116.66095032
OS 34.84088536 116.66177328
OS 34.82278024 116.66259624
OS 34.8112588 116.66259624
OS 34.80549808 116.66177328
OS 34.79809144 116.66095032
OS 34.7906848 116.66012736
OS 34.7824552 116.6593044
OS 34.76352712 116.65601256
OS 34.74377608 116.65189776
OS 34.72320208 116.64531408
OS 34.704274 116.63708448
OS 34.70345104 116.63708448
OS 34.70180512 116.63626152
OS 34.69933624 116.6346156
OS 34.6960444 116.63214672
OS 34.68699184 116.62720896
OS 34.67629336 116.61897936
OS 34.663126 116.60910384
OS 34.64995864 116.5975824
OS 34.63679128 116.58276912
OS 34.62444688 116.56713288
OS 34.62444688 116.56630992
OS 34.62280096 116.56548696
OS 34.62115504 116.56301808
OS 34.61950912 116.55890328
OS 34.61704024 116.55478848
OS 34.6137484 116.54985072
OS 34.60716472 116.53750632
OS 34.59975808 116.52187008
OS 34.59152848 116.50376496
OS 34.5849448 116.48319096
OS 34.57836112 116.46097104
OS 34.57836112 116.46014808
OS 34.57753816 116.45850216
OS 34.5767152 116.45521032
OS 34.57589224 116.45027256
OS 34.57506928 116.44451184
OS 34.57342336 116.43792816
OS 34.5726004 116.42969856
OS 34.57095448 116.420646
OS 34.56930856 116.41159344
OS 34.5684856 116.40089496
OS 34.56601672 116.37785208
OS 34.5643708 116.35234032
OS 34.56354784 116.32518264
OS 34.56354784 116.32435968
OS 34.56354784 116.3218908
OS 34.56354784 116.317776
OS 34.56354784 116.31201528
OS 34.5643708 116.30460864
OS 34.5643708 116.297202
OS 34.56519376 116.28814944
OS 34.56519376 116.27827392
OS 34.56683968 116.256054
OS 34.57013152 116.23218816
OS 34.57342336 116.20832232
OS 34.57836112 116.18445648
OS 34.57836112 116.18363352
OS 34.57918408 116.1819876
OS 34.58000704 116.17869576
OS 34.58083 116.173758
OS 34.58247592 116.16882024
OS 34.5849448 116.16305952
OS 34.58988256 116.14824624
OS 34.59646624 116.13178704
OS 34.60469584 116.11368192
OS 34.6137484 116.09639976
OS 34.62526984 116.0791176
OS 34.62526984 116.07829464
OS 34.62691576 116.07747168
OS 34.63103056 116.07171096
OS 34.6384372 116.06430432
OS 34.64748976 116.05525176
OS 34.6590112 116.04455328
OS 34.67300152 116.0338548
OS 34.68946072 116.02315632
OS 34.70674288 116.01410376
OS 34.70756584 116.01410376
OS 34.70921176 116.0132808
OS 34.71168064 116.01245784
OS 34.71579544 116.01081192
OS 34.7207332 116.009166
OS 34.72649392 116.00669712
OS 34.7330776 116.0050512
OS 34.74048424 116.00340528
OS 34.7577664 115.99929048
OS 34.7783404 115.99517568
OS 34.80056032 115.9927068
OS 34.82524912 115.99188384
OS 34.83430168 115.99188384
OS 34.84088536 115.9927068
OS 34.84911496 115.9927068
OS 34.85816752 115.99352976
OS 34.87791856 115.99599864
OS 34.87956448 115.99599864
OS 34.88285632 115.9968216
OS 34.88861704 115.99764456
OS 34.89602368 115.99929048
OS 34.90507624 116.0009364
OS 34.9141288 116.00340528
OS 34.93552576 116.00834304
OS 34.93717168 116.00834304
OS 34.94046352 116.00998896
OS 34.94622424 116.01163488
OS 34.95363088 116.01410376
OS 34.96268344 116.01657264
OS 34.97255896 116.01986448
OS 34.99395592 116.02727112
OS 34.99560184 116.02809408
OS 34.99889368 116.02891704
OS 35.0046544 116.03138592
OS 35.01123808 116.0338548
OS 35.01946768 116.03714664
OS 35.02852024 116.04126144
OS 35.04744832 116.04949104
OS 35.04744832 115.87913832
OS 35.04662536 115.87913832
OS 35.04415648 115.87831536
OS 35.04086464 115.87666944
OS 35.03674984 115.87502352
OS 35.03016616 115.87255464
OS 35.02358248 115.87008576
OS 35.01617584 115.86761688
OS 35.00712328 115.86432504
OS 34.9881952 115.85774136
OS 34.96679824 115.85198064
OS 34.94457832 115.84539696
OS 34.92153544 115.8404592
OS 34.92071248 115.8404592
OS 34.91906656 115.83963624
OS 34.91577472 115.83963624
OS 34.91083696 115.83881328
OS 34.9058992 115.83799032
OS 34.89931552 115.8363444
OS 34.89190888 115.83552144
OS 34.88367928 115.83469848
OS 34.8647512 115.8322296
OS 34.84335424 115.82976072
OS 34.82031136 115.82893776
OS 34.79644552 115.8281148
OS 34.78657 115.8281148
OS 34.77916336 115.82893776
OS 34.7701108 115.82893776
OS 34.75941232 115.82976072
OS 34.74706792 115.83058368
OS 34.73390056 115.8322296
OS 34.71991024 115.83387552
OS 34.70509696 115.83552144
OS 34.67464744 115.84128216
OS 34.642552 115.8486888
OS 34.61127952 115.85856432
OS 34.61045656 115.85856432
OS 34.60798768 115.86021024
OS 34.60387288 115.86185616
OS 34.59811216 115.86432504
OS 34.59070552 115.86761688
OS 34.58247592 115.87173168
OS 34.57424632 115.87584648
OS 34.5643708 115.8816072
OS 34.54297384 115.8939516
OS 34.51993096 115.90958784
OS 34.49688808 115.92851592
OS 34.47549112 115.94991288
OS 34.47466816 115.95073584
OS 34.47302224 115.95238176
OS 34.47055336 115.95649656
OS 34.46643856 115.96061136
OS 34.4615008 115.96719504
OS 34.45656304 115.97377872
OS 34.45080232 115.98200832
OS 34.44421864 115.99188384
OS 34.43763496 116.00175936
OS 34.43105128 116.0132808
OS 34.42364464 116.0256252
OS 34.41706096 116.03879256
OS 34.40965432 116.05360584
OS 34.40307064 116.06841912
OS 34.3915492 116.10051456
OS 34.3915492 116.10133752
OS 34.39072624 116.10462936
OS 34.38908032 116.10956712
OS 34.3874344 116.1161508
OS 34.38496552 116.12520336
OS 34.38249664 116.13507888
OS 34.38002776 116.14742328
OS 34.37755888 116.16059064
OS 34.37509 116.17540392
OS 34.37262112 116.19186312
OS 34.37015224 116.20914528
OS 34.36768336 116.2272504
OS 34.36603744 116.24700144
OS 34.36439152 116.26675248
OS 34.36356856 116.28814944
OS 34.36356856 116.31036936
OS 34.36356856 116.31201528
OS 34.36356856 116.31613008
OS 34.36356856 116.32271376
OS 34.36439152 116.33094336
OS 34.36439152 116.34164184
OS 34.36521448 116.35398624
OS 34.36603744 116.36797656
OS 34.36768336 116.3836128
OS 34.36932928 116.400072
OS 34.3709752 116.41735416
OS 34.37673592 116.4535644
OS 34.38414256 116.49142056
OS 34.39401808 116.5276308
OS 34.39401808 116.52845376
OS 34.395664 116.5317456
OS 34.39730992 116.53668336
OS 34.3997788 116.54326704
OS 34.40307064 116.55149664
OS 34.40718544 116.56137216
OS 34.41130024 116.57207064
OS 34.41706096 116.58359208
OS 34.42940536 116.60910384
OS 34.4450416 116.63626152
OS 34.46232376 116.6634192
OS 34.48289776 116.68893096
OS 34.48372072 116.68975392
OS 34.48536664 116.6922228
OS 34.48865848 116.69551464
OS 34.49359624 116.69962944
OS 34.49935696 116.70539016
OS 34.50594064 116.71197384
OS 34.51334728 116.71855752
OS 34.52239984 116.72596416
OS 34.53227536 116.73419376
OS 34.54297384 116.74242336
OS 34.55449528 116.75065296
OS 34.56683968 116.75888256
OS 34.59399736 116.77534176
OS 34.62362392 116.78933208
OS 34.62444688 116.79015504
OS 34.62773872 116.790978
OS 34.63185352 116.79262392
OS 34.6384372 116.7950928
OS 34.64584384 116.79756168
OS 34.65571936 116.80003056
OS 34.66641784 116.8033224
OS 34.67793928 116.80661424
OS 34.69110664 116.80990608
OS 34.70591992 116.81319792
OS 34.7207332 116.8156668
OS 34.7371924 116.81813568
OS 34.75447456 116.82060456
OS 34.77175672 116.82225048
OS 34.80961288 116.8238964
OS 34.8400624 116.8238964
OS 34.84993792 116.82307344
OE
OB 34.1158576 116.16470544 I
OS 33.655 116.16470544
OS 33.655 116.3260056
OS 34.1158576 116.3260056
OS 34.1158576 116.16470544
OE
OB 35.57331976 116.82554232 I
OS 35.57825752 116.82554232
OS 35.59142488 116.82471936
OS 35.60706112 116.82225048
OS 35.6259892 116.8197816
OS 35.64574024 116.8156668
OS 35.66796016 116.81072904
OS 35.69018008 116.8033224
OS 35.71404592 116.7950928
OS 35.73791176 116.78521728
OS 35.7617776 116.77287288
OS 35.78482048 116.7580596
OS 35.8070404 116.74077744
OS 35.82843736 116.7210264
OS 35.84736544 116.69880648
OS 35.8481884 116.69716056
OS 35.85148024 116.69304576
OS 35.856418 116.68563912
OS 35.86217872 116.67494064
OS 35.86958536 116.66177328
OS 35.87781496 116.64613704
OS 35.88686752 116.62720896
OS 35.89592008 116.60498904
OS 35.90497264 116.58030024
OS 35.9140252 116.55314256
OS 35.9222548 116.52269304
OS 35.92966144 116.48977464
OS 35.93542216 116.4535644
OS 35.94035992 116.41488528
OS 35.94365176 116.37373728
OS 35.94447472 116.32929744
OS 35.94447472 116.32765152
OS 35.94447472 116.32353672
OS 35.94447472 116.31613008
OS 35.94365176 116.30707752
OS 35.94365176 116.29555608
OS 35.9428288 116.28238872
OS 35.94200584 116.26757544
OS 35.94035992 116.25111624
OS 35.938714 116.23383408
OS 35.93706808 116.21572896
OS 35.93130736 116.1778728
OS 35.92390072 116.13919368
OS 35.91896296 116.11944264
OS 35.91320224 116.10133752
OS 35.91320224 116.10051456
OS 35.91155632 116.09722272
OS 35.9099104 116.09228496
OS 35.90744152 116.08570128
OS 35.90414968 116.07747168
OS 35.90085784 116.06759616
OS 35.89592008 116.05772064
OS 35.89098232 116.0461992
OS 35.87946088 116.02068744
OS 35.8646476 115.99517568
OS 35.84736544 115.96884096
OS 35.82843736 115.94415216
OS 35.8276144 115.9433292
OS 35.82596848 115.94168328
OS 35.82267664 115.93839144
OS 35.8193848 115.93427664
OS 35.81362408 115.92933888
OS 35.80786336 115.92357816
OS 35.80045672 115.91699448
OS 35.79305008 115.9104108
OS 35.78399752 115.90300416
OS 35.774122 115.89559752
OS 35.75272504 115.87996128
OS 35.7288592 115.86597096
OS 35.70252448 115.85362656
OS 35.70170152 115.85362656
OS 35.69923264 115.85198064
OS 35.69511784 115.85115768
OS 35.69018008 115.8486888
OS 35.6835964 115.84704288
OS 35.6753668 115.844574
OS 35.66631424 115.84128216
OS 35.65643872 115.83881328
OS 35.64491728 115.8363444
OS 35.63257288 115.83305256
OS 35.60706112 115.82893776
OS 35.57825752 115.82564592
OS 35.547808 115.824
OS 35.5395784 115.824
OS 35.53464064 115.82482296
OS 35.52970288 115.82482296
OS 35.51653552 115.82564592
OS 35.50089928 115.8281148
OS 35.4819712 115.83058368
OS 35.46222016 115.83469848
OS 35.44000024 115.83963624
OS 35.41778032 115.84621992
OS 35.39391448 115.85527248
OS 35.37004864 115.865148
OS 35.3461828 115.8774924
OS 35.32313992 115.89230568
OS 35.30092 115.90876488
OS 35.27952304 115.92851592
OS 35.26059496 115.95073584
OS 35.259772 115.95238176
OS 35.25648016 115.95649656
OS 35.2515424 115.9639032
OS 35.24578168 115.97460168
OS 35.23837504 115.98776904
OS 35.23014544 116.00422824
OS 35.22109288 116.02315632
OS 35.21286328 116.04455328
OS 35.20381072 116.06924208
OS 35.19475816 116.09722272
OS 35.18652856 116.12767224
OS 35.17912192 116.16059064
OS 35.1733612 116.19597792
OS 35.16842344 116.23465704
OS 35.1651316 116.276628
OS 35.16430864 116.32024488
OS 35.16430864 116.3218908
OS 35.16430864 116.3260056
OS 35.16430864 116.33341224
OS 35.1651316 116.3424648
OS 35.1651316 116.35398624
OS 35.16595456 116.3671536
OS 35.16677752 116.38196688
OS 35.16842344 116.39842608
OS 35.17006936 116.41570824
OS 35.17171528 116.43381336
OS 35.177476 116.47166952
OS 35.18488264 116.51034864
OS 35.1898204 116.52927672
OS 35.19475816 116.54738184
OS 35.19475816 116.5482048
OS 35.19640408 116.55149664
OS 35.19805 116.5564344
OS 35.20051888 116.56301808
OS 35.20381072 116.57124768
OS 35.20710256 116.5811232
OS 35.21204032 116.59182168
OS 35.21697808 116.60334312
OS 35.22849952 116.62803192
OS 35.2433128 116.65436664
OS 35.259772 116.68070136
OS 35.26882456 116.69304576
OS 35.27870008 116.7045672
OS 35.27952304 116.70539016
OS 35.28116896 116.70703608
OS 35.2844608 116.71032792
OS 35.2885756 116.71444272
OS 35.29351336 116.72020344
OS 35.30009704 116.72596416
OS 35.30668072 116.73254784
OS 35.31491032 116.73913152
OS 35.32396288 116.74653816
OS 35.3338384 116.7539448
OS 35.35523536 116.76958104
OS 35.3791012 116.78357136
OS 35.40543592 116.79591576
OS 35.40625888 116.79591576
OS 35.40872776 116.79756168
OS 35.41284256 116.79838464
OS 35.41778032 116.80085352
OS 35.424364 116.8033224
OS 35.4325936 116.80579128
OS 35.44164616 116.80826016
OS 35.45234464 116.811552
OS 35.46304312 116.81402088
OS 35.47538752 116.81648976
OS 35.50089928 116.82142752
OS 35.52970288 116.82471936
OS 35.5601524 116.82636528
OS 35.568382 116.82636528
OS 35.57331976 116.82554232
OE
OB 35.55439168 116.66177328 H
OS 35.54533912 116.66177328
OS 35.54122432 116.66095032
OS 35.5354636 116.66095032
OS 35.5231192 116.6593044
OS 35.50912888 116.65601256
OS 35.49349264 116.65272072
OS 35.47867936 116.64696
OS 35.46386608 116.63955336
OS 35.46222016 116.6387304
OS 35.45810536 116.63543856
OS 35.45069872 116.6305008
OS 35.44246912 116.62309416
OS 35.4325936 116.6140416
OS 35.42271808 116.60334312
OS 35.41284256 116.59017576
OS 35.40296704 116.57536248
OS 35.40296704 116.57453952
OS 35.40214408 116.57371656
OS 35.40049816 116.57124768
OS 35.39885224 116.56795584
OS 35.39720632 116.56384104
OS 35.39473744 116.55890328
OS 35.38979968 116.54655888
OS 35.38403896 116.5317456
OS 35.37827824 116.51364048
OS 35.37251752 116.49306648
OS 35.36757976 116.47084656
OS 35.36757976 116.4700236
OS 35.3667568 116.46837768
OS 35.3667568 116.46426288
OS 35.36593384 116.46014808
OS 35.36511088 116.45438736
OS 35.36428792 116.44698072
OS 35.36346496 116.43875112
OS 35.362642 116.42969856
OS 35.36099608 116.41982304
OS 35.36017312 116.40912456
OS 35.3585272 116.38525872
OS 35.35770424 116.35810104
OS 35.35688128 116.32929744
OS 35.35688128 116.32847448
OS 35.35688128 116.32765152
OS 35.35688128 116.32518264
OS 35.35688128 116.3218908
OS 35.35688128 116.31283824
OS 35.35770424 116.3013168
OS 35.3585272 116.28650352
OS 35.35935016 116.27004432
OS 35.36099608 116.2519392
OS 35.362642 116.23301112
OS 35.36511088 116.21243712
OS 35.36840272 116.19104016
OS 35.37663232 116.14824624
OS 35.38157008 116.12767224
OS 35.38815376 116.1079212
OS 35.39473744 116.08981608
OS 35.40296704 116.07253392
OS 35.40379 116.07171096
OS 35.40543592 116.06924208
OS 35.4079048 116.06512728
OS 35.4120196 116.05936656
OS 35.41695736 116.05278288
OS 35.42354104 116.0461992
OS 35.43094768 116.03879256
OS 35.43917728 116.03056296
OS 35.4490528 116.02315632
OS 35.46057424 116.01492672
OS 35.47291864 116.00834304
OS 35.486086 116.00175936
OS 35.50172224 115.99599864
OS 35.51735848 115.99188384
OS 35.5354636 115.98941496
OS 35.55439168 115.988592
OS 35.56344424 115.988592
OS 35.56755904 115.98941496
OS 35.57331976 115.98941496
OS 35.58566416 115.99106088
OS 35.59965448 115.99352976
OS 35.61446776 115.99764456
OS 35.62928104 116.00258232
OS 35.64409432 116.00998896
OS 35.64491728 116.00998896
OS 35.64574024 116.01081192
OS 35.650678 116.01410376
OS 35.65726168 116.01904152
OS 35.66631424 116.02644816
OS 35.6753668 116.03550072
OS 35.68606528 116.0461992
OS 35.6959408 116.05936656
OS 35.70499336 116.07417984
OS 35.70499336 116.0750028
OS 35.70581632 116.07582576
OS 35.70746224 116.07829464
OS 35.70910816 116.08158648
OS 35.71075408 116.08570128
OS 35.71322296 116.09063904
OS 35.71816072 116.10298344
OS 35.72392144 116.11779672
OS 35.72968216 116.13590184
OS 35.73544288 116.15565288
OS 35.74038064 116.1778728
OS 35.74038064 116.17869576
OS 35.7412036 116.18034168
OS 35.7412036 116.18445648
OS 35.74202656 116.18857128
OS 35.74284952 116.19515496
OS 35.74367248 116.20173864
OS 35.7453184 116.20996824
OS 35.74614136 116.2190208
OS 35.74696432 116.22889632
OS 35.74861024 116.24041776
OS 35.75025616 116.2642836
OS 35.75107912 116.29144128
OS 35.75190208 116.32024488
OS 35.75190208 116.32106784
OS 35.75190208 116.3218908
OS 35.75190208 116.32435968
OS 35.75190208 116.32765152
OS 35.75190208 116.33670408
OS 35.75107912 116.34822552
OS 35.75025616 116.3630388
OS 35.7494332 116.379498
OS 35.74778728 116.39760312
OS 35.74614136 116.4165312
OS 35.74367248 116.4371052
OS 35.74038064 116.45850216
OS 35.73215104 116.50129608
OS 35.72721328 116.52187008
OS 35.72145256 116.54162112
OS 35.71404592 116.5605492
OS 35.70581632 116.5770084
OS 35.70499336 116.57783136
OS 35.70334744 116.58030024
OS 35.70087856 116.585238
OS 35.69676376 116.59017576
OS 35.691826 116.59675944
OS 35.68606528 116.60416608
OS 35.67865864 116.61157272
OS 35.66960608 116.61980232
OS 35.65973056 116.62720896
OS 35.64903208 116.6346156
OS 35.63586472 116.64202224
OS 35.62269736 116.64860592
OS 35.60788408 116.65436664
OS 35.59142488 116.65848144
OS 35.57331976 116.66095032
OS 35.55439168 116.66177328
OE
SE
S P 0
OB 35.36307888 90.24880096 I
OS 35.37213144 90.24880096
OS 35.38200696 90.247978
OS 35.40504984 90.24633208
OS 35.42891568 90.2438632
OS 35.45442744 90.24057136
OS 35.47911624 90.2356336
OS 35.4799392 90.2356336
OS 35.48240808 90.23481064
OS 35.48569992 90.23398768
OS 35.48981472 90.23316472
OS 35.49557544 90.2315188
OS 35.50215912 90.22987288
OS 35.51779536 90.22493512
OS 35.53507752 90.21835144
OS 35.55318264 90.21012184
OS 35.57211072 90.20106928
OS 35.59021584 90.18954784
OS 35.5910388 90.18954784
OS 35.59186176 90.18790192
OS 35.59433064 90.186256
OS 35.59762248 90.18378712
OS 35.60585208 90.17720344
OS 35.61655056 90.16732792
OS 35.628072 90.15580648
OS 35.63959344 90.1409932
OS 35.65111488 90.124534
OS 35.6609904 90.10642888
OS 35.6609904 90.10560592
OS 35.66181336 90.10396
OS 35.66345928 90.10149112
OS 35.6651052 90.09737632
OS 35.66675112 90.09243856
OS 35.66922 90.08667784
OS 35.67168888 90.0792712
OS 35.67415776 90.07186456
OS 35.67580368 90.062812
OS 35.67827256 90.05375944
OS 35.68238736 90.03236248
OS 35.6856792 90.00767368
OS 35.68650216 89.98133896
OS 35.68650216 89.980516
OS 35.68650216 89.97887008
OS 35.68650216 89.9764012
OS 35.68650216 89.9722864
OS 35.6856792 89.96734864
OS 35.6856792 89.96241088
OS 35.68485624 89.94924352
OS 35.68238736 89.93443024
OS 35.67991848 89.918794
OS 35.67580368 89.9023348
OS 35.67086592 89.88669856
OS 35.67086592 89.8858756
OS 35.67004296 89.88505264
OS 35.66839704 89.88011488
OS 35.66428224 89.87188528
OS 35.65934448 89.86200976
OS 35.65358376 89.85131128
OS 35.64617712 89.83896688
OS 35.63712456 89.82662248
OS 35.62724904 89.81510104
OS 35.62560312 89.81345512
OS 35.62231128 89.81016328
OS 35.61655056 89.80440256
OS 35.60832096 89.79781888
OS 35.59844544 89.79041224
OS 35.586924 89.78218264
OS 35.57375664 89.77395304
OS 35.55976632 89.7665464
OS 35.55894336 89.7665464
OS 35.5581204 89.76572344
OS 35.55318264 89.76325456
OS 35.54495304 89.76078568
OS 35.53507752 89.75667088
OS 35.52191016 89.75255608
OS 35.50791984 89.74844128
OS 35.4922836 89.74432648
OS 35.47500144 89.74103464
OS 35.47664736 89.74103464
OS 35.48076216 89.73938872
OS 35.4881688 89.73691984
OS 35.49722136 89.73280504
OS 35.50709688 89.72786728
OS 35.51779536 89.72046064
OS 35.5293168 89.71140808
OS 35.54083824 89.69988664
OS 35.54248416 89.69824072
OS 35.545776 89.69412592
OS 35.55153672 89.68589632
OS 35.55976632 89.6760208
OS 35.56799592 89.66203048
OS 35.5786944 89.64639424
OS 35.58939288 89.62746616
OS 35.60009136 89.60524624
OS 35.75480784 89.281
OS 35.54083824 89.281
OS 35.40422688 89.59207888
OS 35.40422688 89.59290184
OS 35.40340392 89.5937248
OS 35.40258096 89.59619368
OS 35.40093504 89.59948552
OS 35.39682024 89.60771512
OS 35.39023656 89.61676768
OS 35.38282992 89.62828912
OS 35.37377736 89.6389876
OS 35.36307888 89.64968608
OS 35.35073448 89.65873864
OS 35.34908856 89.6595616
OS 35.34497376 89.66203048
OS 35.33756712 89.66614528
OS 35.3276916 89.67026008
OS 35.3153472 89.67437488
OS 35.30217984 89.67848968
OS 35.2865436 89.68095856
OS 35.26926144 89.68178152
OS 35.23469712 89.68178152
OS 35.23469712 89.281
OS 35.052 89.281
OS 35.052 90.24962392
OS 35.35484928 90.24962392
OS 35.36307888 90.24880096
OE
OB 36.23212464 90.26526016 I
OS 36.23953128 90.26526016
OS 36.24776088 90.2644372
OS 36.2576364 90.2644372
OS 36.27903336 90.26196832
OS 36.30125328 90.25949944
OS 36.32429616 90.25538464
OS 36.34733904 90.24962392
OS 36.348162 90.24962392
OS 36.34980792 90.24880096
OS 36.35309976 90.247978
OS 36.35721456 90.24715504
OS 36.36215232 90.24550912
OS 36.368736 90.24304024
OS 36.38272632 90.23810248
OS 36.39836256 90.2315188
OS 36.41482176 90.22411216
OS 36.43210392 90.2150596
OS 36.44774016 90.20436112
OS 36.44856312 90.20436112
OS 36.44938608 90.2027152
OS 36.45432384 90.19942336
OS 36.46173048 90.19283968
OS 36.47078304 90.18461008
OS 36.48065856 90.1739116
OS 36.49053408 90.16239016
OS 36.5004096 90.14839984
OS 36.50946216 90.13358656
OS 36.50946216 90.1327636
OS 36.51028512 90.13194064
OS 36.51110808 90.12947176
OS 36.512754 90.12617992
OS 36.51604584 90.11795032
OS 36.52016064 90.10642888
OS 36.52427544 90.09326152
OS 36.52756728 90.07762528
OS 36.53003616 90.06034312
OS 36.53085912 90.042238
OS 36.53085912 90.04141504
OS 36.53085912 90.04059208
OS 36.53085912 90.0381232
OS 36.53085912 90.03483136
OS 36.53003616 90.0257788
OS 36.5292132 90.01425736
OS 36.52756728 90.00191296
OS 36.5250984 89.98792264
OS 36.52180656 89.97310936
OS 36.51769176 89.95911904
OS 36.5168688 89.95747312
OS 36.51522288 89.95253536
OS 36.512754 89.94595168
OS 36.5086392 89.93689912
OS 36.50370144 89.92620064
OS 36.49794072 89.9146792
OS 36.49135704 89.90315776
OS 36.4839504 89.89163632
OS 36.48312744 89.8899904
OS 36.4798356 89.88669856
OS 36.4757208 89.88093784
OS 36.46913712 89.8735312
OS 36.46173048 89.8653016
OS 36.45267792 89.85624904
OS 36.4428024 89.84719648
OS 36.43210392 89.83814392
OS 36.430458 89.83732096
OS 36.42716616 89.83402912
OS 36.42140544 89.82991432
OS 36.41317584 89.82333064
OS 36.40412328 89.81674696
OS 36.3934248 89.80934032
OS 36.38190336 89.80193368
OS 36.36955896 89.79370408
OS 36.37038192 89.79370408
OS 36.37120488 89.79288112
OS 36.37614264 89.79041224
OS 36.38272632 89.78629744
OS 36.39177888 89.78053672
OS 36.40247736 89.77395304
OS 36.4139988 89.7665464
OS 36.4386876 89.74926424
OS 36.44033352 89.74844128
OS 36.44444832 89.74514944
OS 36.45020904 89.74021168
OS 36.45843864 89.733628
OS 36.4674912 89.7253984
OS 36.47654376 89.71552288
OS 36.48641928 89.7048244
OS 36.4962948 89.69330296
OS 36.49711776 89.69165704
OS 36.5004096 89.68754224
OS 36.5045244 89.68095856
OS 36.51028512 89.67272896
OS 36.5168688 89.66203048
OS 36.52345248 89.65050904
OS 36.53003616 89.63734168
OS 36.53579688 89.6225284
OS 36.53579688 89.62170544
OS 36.53661984 89.62088248
OS 36.5374428 89.6184136
OS 36.53826576 89.61594472
OS 36.54073464 89.60771512
OS 36.54320352 89.59619368
OS 36.5456724 89.58302632
OS 36.54814128 89.56821304
OS 36.5497872 89.55093088
OS 36.55061016 89.53282576
OS 36.55061016 89.5320028
OS 36.55061016 89.52953392
OS 36.55061016 89.52624208
OS 36.55061016 89.52130432
OS 36.5497872 89.5155436
OS 36.54896424 89.50895992
OS 36.54814128 89.50155328
OS 36.54731832 89.49332368
OS 36.54402648 89.47521856
OS 36.53908872 89.45546752
OS 36.53250504 89.43571648
OS 36.52345248 89.41596544
OS 36.52345248 89.41514248
OS 36.52262952 89.41349656
OS 36.5209836 89.41102768
OS 36.51851472 89.40773584
OS 36.512754 89.39868328
OS 36.5045244 89.38633888
OS 36.49382592 89.37317152
OS 36.48148152 89.3591812
OS 36.46666824 89.34519088
OS 36.44938608 89.33120056
OS 36.44856312 89.33120056
OS 36.4469172 89.32955464
OS 36.44444832 89.32790872
OS 36.44115648 89.32543984
OS 36.43621872 89.32297096
OS 36.43128096 89.31967912
OS 36.42469728 89.31638728
OS 36.4181136 89.31227248
OS 36.4016544 89.30404288
OS 36.38272632 89.29581328
OS 36.36215232 89.28758368
OS 36.33910944 89.281
OS 36.33828648 89.281
OS 36.33664056 89.28017704
OS 36.33252576 89.27935408
OS 36.32841096 89.27853112
OS 36.32182728 89.2768852
OS 36.3152436 89.27523928
OS 36.307014 89.27359336
OS 36.29796144 89.2727704
OS 36.28890888 89.27112448
OS 36.2782104 89.26947856
OS 36.25516752 89.26618672
OS 36.22965576 89.2645408
OS 36.20249808 89.26371784
OS 36.18850776 89.26371784
OS 36.18192408 89.2645408
OS 36.17369448 89.2645408
OS 36.16381896 89.26536376
OS 36.15394344 89.26618672
OS 36.13172352 89.26783264
OS 36.10703472 89.27112448
OS 36.08234592 89.27523928
OS 36.05765712 89.281
OS 36.05683416 89.281
OS 36.05518824 89.28182296
OS 36.0518964 89.28264592
OS 36.04695864 89.28429184
OS 36.04202088 89.28593776
OS 36.0354372 89.28840664
OS 36.02144688 89.2933444
OS 36.00416472 89.30075104
OS 35.98688256 89.30898064
OS 35.96877744 89.31885616
OS 35.95231824 89.32955464
OS 35.95149528 89.32955464
OS 35.95067232 89.33120056
OS 35.94573456 89.33531536
OS 35.93750496 89.34189904
OS 35.9284524 89.3509516
OS 35.91857688 89.36247304
OS 35.9078784 89.3756404
OS 35.89717992 89.39045368
OS 35.88812736 89.40691288
OS 35.88812736 89.40773584
OS 35.8873044 89.40938176
OS 35.88648144 89.41185064
OS 35.88483552 89.41514248
OS 35.8831896 89.41925728
OS 35.88154368 89.42419504
OS 35.87742888 89.43653944
OS 35.87331408 89.45135272
OS 35.87002224 89.46863488
OS 35.86755336 89.48756296
OS 35.8667304 89.50813696
OS 35.8667304 89.50895992
OS 35.8667304 89.51060584
OS 35.8667304 89.51307472
OS 35.8667304 89.51636656
OS 35.86755336 89.52541912
OS 35.86837632 89.53776352
OS 35.87002224 89.55175384
OS 35.87249112 89.56574416
OS 35.87578296 89.5813804
OS 35.88072072 89.59619368
OS 35.88072072 89.59701664
OS 35.88154368 89.5978396
OS 35.8831896 89.60277736
OS 35.88648144 89.610184
OS 35.8914192 89.62005952
OS 35.89717992 89.630758
OS 35.9037636 89.6431024
OS 35.91117024 89.65462384
OS 35.9202228 89.66696824
OS 35.92104576 89.66861416
OS 35.92516056 89.67272896
OS 35.93009832 89.67848968
OS 35.93750496 89.68589632
OS 35.94573456 89.69494888
OS 35.95561008 89.7048244
OS 35.96630856 89.71387696
OS 35.97865296 89.72375248
OS 35.98029888 89.72457544
OS 35.98441368 89.72786728
OS 35.99099736 89.73280504
OS 36.00004992 89.73938872
OS 36.00992544 89.74679536
OS 36.02226984 89.75502496
OS 36.03461424 89.76325456
OS 36.04860456 89.77148416
OS 36.04695864 89.77230712
OS 36.04284384 89.774776
OS 36.03626016 89.7788908
OS 36.02803056 89.78382856
OS 36.01815504 89.79041224
OS 36.00745656 89.79699592
OS 35.98523664 89.81345512
OS 35.98359072 89.81427808
OS 35.98029888 89.81756992
OS 35.97536112 89.82250768
OS 35.96795448 89.8282684
OS 35.96054784 89.836498
OS 35.95149528 89.8447276
OS 35.94244272 89.85460312
OS 35.93421312 89.8653016
OS 35.93339016 89.86694752
OS 35.93092128 89.87023936
OS 35.92680648 89.87600008
OS 35.92186872 89.88422968
OS 35.916108 89.89328224
OS 35.91034728 89.90480368
OS 35.9037636 89.91632512
OS 35.89882584 89.92949248
OS 35.89882584 89.93031544
OS 35.89800288 89.9311384
OS 35.89717992 89.93607616
OS 35.89471104 89.9434828
OS 35.89306512 89.95335832
OS 35.89059624 89.96570272
OS 35.88812736 89.97887008
OS 35.8873044 89.99450632
OS 35.88648144 90.01096552
OS 35.88648144 90.01178848
OS 35.88648144 90.0134344
OS 35.88648144 90.01590328
OS 35.88648144 90.02001808
OS 35.8873044 90.02495584
OS 35.8873044 90.0298936
OS 35.88895032 90.04306096
OS 35.8914192 90.05787424
OS 35.89471104 90.0751564
OS 35.8996488 90.09243856
OS 35.90623248 90.10972072
OS 35.90623248 90.11054368
OS 35.90705544 90.1121896
OS 35.90870136 90.11383552
OS 35.91034728 90.11712736
OS 35.91528504 90.12617992
OS 35.92186872 90.1368784
OS 35.93009832 90.15004576
OS 35.9407968 90.16321312
OS 35.9531412 90.17720344
OS 35.96713152 90.1903708
OS 35.96795448 90.19119376
OS 35.96877744 90.19201672
OS 35.97124632 90.19366264
OS 35.97453816 90.19613152
OS 35.97865296 90.19942336
OS 35.98276776 90.2027152
OS 35.99511216 90.2109448
OS 36.00992544 90.2191744
OS 36.0272076 90.22822696
OS 36.04695864 90.23727952
OS 36.0683556 90.24550912
OS 36.06917856 90.24550912
OS 36.07082448 90.24633208
OS 36.07493928 90.24715504
OS 36.07905408 90.24880096
OS 36.0848148 90.25044688
OS 36.09222144 90.2520928
OS 36.10045104 90.25373872
OS 36.1095036 90.2562076
OS 36.11937912 90.25785352
OS 36.13090056 90.25949944
OS 36.142422 90.26114536
OS 36.15558936 90.26279128
OS 36.18274704 90.26526016
OS 36.2123736 90.26608312
OS 36.22554096 90.26608312
OS 36.23212464 90.26526016
OE
OB 36.18933072 89.69906368 H
OS 36.1876848 89.69824072
OS 36.18439296 89.6965948
OS 36.17863224 89.69330296
OS 36.17204856 89.68918816
OS 36.162996 89.6842504
OS 36.15394344 89.67848968
OS 36.1341924 89.66532232
OS 36.13336944 89.66449936
OS 36.1300776 89.66203048
OS 36.12513984 89.65873864
OS 36.11937912 89.65380088
OS 36.11197248 89.64804016
OS 36.10456584 89.64145648
OS 36.08975256 89.6266432
OS 36.0889296 89.62582024
OS 36.08646072 89.6225284
OS 36.08316888 89.6184136
OS 36.07905408 89.61265288
OS 36.07493928 89.6060692
OS 36.07000152 89.5978396
OS 36.060126 89.57973448
OS 36.05930304 89.57891152
OS 36.05848008 89.57561968
OS 36.05683416 89.56985896
OS 36.05518824 89.56327528
OS 36.05271936 89.55422272
OS 36.05107344 89.5443472
OS 36.05025048 89.53364872
OS 36.04942752 89.52212728
OS 36.04942752 89.52130432
OS 36.04942752 89.5196584
OS 36.04942752 89.51718952
OS 36.05025048 89.51307472
OS 36.05107344 89.50813696
OS 36.0518964 89.5031992
OS 36.05518824 89.4908548
OS 36.060126 89.47686448
OS 36.06753264 89.4620512
OS 36.0724704 89.45546752
OS 36.07905408 89.44888384
OS 36.08563776 89.44230016
OS 36.0930444 89.43653944
OS 36.09386736 89.43653944
OS 36.09469032 89.43489352
OS 36.0971592 89.43407056
OS 36.101274 89.43160168
OS 36.1053888 89.42995576
OS 36.11032656 89.42748688
OS 36.11691024 89.42419504
OS 36.12349392 89.42172616
OS 36.13172352 89.41925728
OS 36.14077608 89.41596544
OS 36.15970416 89.41185064
OS 36.18274704 89.4085588
OS 36.2082588 89.40691288
OS 36.2206032 89.40691288
OS 36.22800984 89.40773584
OS 36.23788536 89.4085588
OS 36.24858384 89.40938176
OS 36.2699808 89.41349656
OS 36.27162672 89.41349656
OS 36.27491856 89.41514248
OS 36.27985632 89.41596544
OS 36.28726296 89.41843432
OS 36.2946696 89.42172616
OS 36.30372216 89.425018
OS 36.32018136 89.43407056
OS 36.32100432 89.43489352
OS 36.3234732 89.43653944
OS 36.327588 89.43983128
OS 36.33252576 89.44394608
OS 36.33828648 89.44888384
OS 36.3440472 89.45464456
OS 36.34980792 89.4620512
OS 36.35474568 89.46945784
OS 36.35556864 89.4702808
OS 36.35721456 89.47357264
OS 36.35886048 89.4785104
OS 36.36132936 89.48427112
OS 36.36379824 89.49250072
OS 36.36626712 89.50073032
OS 36.36709008 89.5114288
OS 36.36791304 89.52212728
OS 36.36791304 89.5237732
OS 36.36791304 89.52706504
OS 36.36709008 89.53364872
OS 36.36626712 89.54105536
OS 36.3646212 89.54928496
OS 36.36132936 89.55916048
OS 36.35803752 89.56821304
OS 36.35309976 89.57808856
OS 36.3522768 89.57891152
OS 36.35063088 89.58220336
OS 36.34733904 89.58714112
OS 36.34322424 89.59290184
OS 36.33746352 89.60030848
OS 36.33087984 89.60771512
OS 36.3234732 89.61512176
OS 36.31442064 89.62335136
OS 36.31359768 89.62417432
OS 36.31030584 89.6266432
OS 36.30536808 89.630758
OS 36.2987844 89.63651872
OS 36.28973184 89.64227944
OS 36.28067928 89.64886312
OS 36.26915784 89.65626976
OS 36.2576364 89.66285344
OS 36.25599048 89.6636764
OS 36.25187568 89.66614528
OS 36.245292 89.66943712
OS 36.2370624 89.67437488
OS 36.22718688 89.6801356
OS 36.21566544 89.68589632
OS 36.20249808 89.69248
OS 36.18933072 89.69906368
OE
OB 35.33098344 90.09737632 H
OS 35.23469712 90.09737632
OS 35.23469712 89.8241536
OS 35.31617016 89.8241536
OS 35.3235768 89.82497656
OS 35.33427528 89.82497656
OS 35.34579672 89.82579952
OS 35.35896408 89.82744544
OS 35.3852988 89.8323832
OS 35.38694472 89.83320616
OS 35.39105952 89.83402912
OS 35.3976432 89.836498
OS 35.4058728 89.83896688
OS 35.41492536 89.84308168
OS 35.42480088 89.84719648
OS 35.4346764 89.8529572
OS 35.44372896 89.85871792
OS 35.44455192 89.85954088
OS 35.44784376 89.86200976
OS 35.45195856 89.86612456
OS 35.45771928 89.87106232
OS 35.46348 89.877646
OS 35.47006368 89.88505264
OS 35.4758244 89.8941052
OS 35.48158512 89.90315776
OS 35.48240808 89.90398072
OS 35.484054 89.90809552
OS 35.48569992 89.91303328
OS 35.48899176 89.92043992
OS 35.49146064 89.92949248
OS 35.49310656 89.94019096
OS 35.49475248 89.9517124
OS 35.49557544 89.9640568
OS 35.49557544 89.96487976
OS 35.49557544 89.96734864
OS 35.49557544 89.97064048
OS 35.49475248 89.97557824
OS 35.49392952 89.98133896
OS 35.49310656 89.98792264
OS 35.48981472 90.00355888
OS 35.48487696 90.02001808
OS 35.47664736 90.03730024
OS 35.4717096 90.04470688
OS 35.46512592 90.05293648
OS 35.45854224 90.05952016
OS 35.45031264 90.06610384
OS 35.44948968 90.06610384
OS 35.44784376 90.06774976
OS 35.44537488 90.06939568
OS 35.44208304 90.0710416
OS 35.43714528 90.07351048
OS 35.43138456 90.07597936
OS 35.42397792 90.07844824
OS 35.41657128 90.08174008
OS 35.40751872 90.08503192
OS 35.3976432 90.0875008
OS 35.38612176 90.08996968
OS 35.37377736 90.09243856
OS 35.36061 90.09490744
OS 35.34661968 90.0957304
OS 35.33098344 90.09737632
OE
OB 36.2082588 90.12700288 H
OS 36.19673736 90.12700288
OS 36.19097664 90.12617992
OS 36.18439296 90.12535696
OS 36.16875672 90.12371104
OS 36.15147456 90.1204192
OS 36.13336944 90.1163044
OS 36.11608728 90.10972072
OS 36.10045104 90.10066816
OS 36.09880512 90.0998452
OS 36.09469032 90.0957304
OS 36.08810664 90.08996968
OS 36.08152296 90.08091712
OS 36.07493928 90.07021864
OS 36.0683556 90.05622832
OS 36.0642408 90.04059208
OS 36.06341784 90.03153952
OS 36.06259488 90.02248696
OS 36.06259488 90.021664
OS 36.06259488 90.0175492
OS 36.06341784 90.01261144
OS 36.0642408 90.00602776
OS 36.06588672 89.99779816
OS 36.06753264 89.98956856
OS 36.07082448 89.980516
OS 36.07493928 89.9722864
OS 36.07576224 89.97146344
OS 36.07740816 89.9681716
OS 36.07987704 89.9640568
OS 36.08399184 89.95911904
OS 36.0889296 89.95253536
OS 36.09469032 89.94595168
OS 36.101274 89.93854504
OS 36.1095036 89.9311384
OS 36.11032656 89.93031544
OS 36.1136184 89.92784656
OS 36.11855616 89.92455472
OS 36.12431688 89.91961696
OS 36.13254648 89.91385624
OS 36.14077608 89.90809552
OS 36.15147456 89.9023348
OS 36.16217304 89.89575112
OS 36.16381896 89.89492816
OS 36.1671108 89.89328224
OS 36.17369448 89.8899904
OS 36.18192408 89.8858756
OS 36.19097664 89.88011488
OS 36.20249808 89.87517712
OS 36.21401952 89.86859344
OS 36.22636392 89.86283272
OS 36.22800984 89.86365568
OS 36.23130168 89.8653016
OS 36.23623944 89.86859344
OS 36.24282312 89.87270824
OS 36.25022976 89.87682304
OS 36.25928232 89.88258376
OS 36.27656448 89.8941052
OS 36.27738744 89.89492816
OS 36.28067928 89.89739704
OS 36.28479408 89.90068888
OS 36.2905548 89.90562664
OS 36.29713848 89.9105644
OS 36.30372216 89.91714808
OS 36.31688952 89.9311384
OS 36.31771248 89.93196136
OS 36.32018136 89.93443024
OS 36.32265024 89.93854504
OS 36.32676504 89.94430576
OS 36.3317028 89.95088944
OS 36.3358176 89.95829608
OS 36.34487016 89.97475528
OS 36.34569312 89.97557824
OS 36.34651608 89.97887008
OS 36.348162 89.98380784
OS 36.35063088 89.99039152
OS 36.3522768 89.99779816
OS 36.35392272 90.00685072
OS 36.35474568 90.01672624
OS 36.35556864 90.02742472
OS 36.35556864 90.02824768
OS 36.35556864 90.0298936
OS 36.35556864 90.03236248
OS 36.35474568 90.03565432
OS 36.35392272 90.04388392
OS 36.35063088 90.0545824
OS 36.34651608 90.0669268
OS 36.33910944 90.0792712
OS 36.33005688 90.09079264
OS 36.3234732 90.09655336
OS 36.31688952 90.10149112
OS 36.31606656 90.10149112
OS 36.3152436 90.10231408
OS 36.31277472 90.10396
OS 36.31030584 90.10560592
OS 36.30619104 90.10725184
OS 36.30125328 90.10972072
OS 36.29549256 90.1121896
OS 36.28890888 90.11465848
OS 36.28150224 90.1163044
OS 36.2740956 90.11877328
OS 36.25516752 90.12288808
OS 36.2329476 90.12617992
OS 36.2082588 90.12700288
OE
SE
S P 0
OB 36.4880652 92.00155336 I
OS 36.34569312 92.00155336
OS 36.33828648 92.0007304
OS 36.33087984 92.0007304
OS 36.32182728 91.99990744
OS 36.31195176 91.99990744
OS 36.2905548 91.99743856
OS 36.26833488 91.99496968
OS 36.245292 91.99085488
OS 36.22389504 91.98509416
OS 36.22307208 91.98509416
OS 36.22142616 91.9842712
OS 36.21895728 91.98344824
OS 36.21484248 91.98180232
OS 36.20990472 91.9801564
OS 36.20496696 91.97851048
OS 36.19262256 91.97274976
OS 36.17863224 91.96616608
OS 36.16381896 91.95875944
OS 36.14900568 91.94888392
OS 36.13501536 91.93818544
OS 36.13336944 91.93653952
OS 36.12925464 91.93242472
OS 36.12349392 91.92584104
OS 36.11608728 91.91761144
OS 36.10785768 91.90691296
OS 36.09962808 91.8937456
OS 36.09139848 91.87893232
OS 36.08399184 91.86329608
OS 36.08399184 91.86247312
OS 36.08316888 91.86165016
OS 36.08234592 91.85918128
OS 36.08152296 91.85588944
OS 36.07987704 91.85177464
OS 36.07823112 91.84683688
OS 36.07493928 91.83449248
OS 36.07164744 91.82050216
OS 36.0683556 91.80322
OS 36.06506376 91.78511488
OS 36.06259488 91.76536384
OS 36.06094896 91.74808168
OS 36.06177192 91.74808168
OS 36.06259488 91.74890464
OS 36.06506376 91.7497276
OS 36.06753264 91.75137352
OS 36.07576224 91.75466536
OS 36.08646072 91.75878016
OS 36.09962808 91.76289496
OS 36.11444136 91.76865568
OS 36.13090056 91.77277048
OS 36.14900568 91.77770824
OS 36.14982864 91.77770824
OS 36.15147456 91.7785312
OS 36.15394344 91.7785312
OS 36.15723528 91.77935416
OS 36.16217304 91.78100008
OS 36.1671108 91.78182304
OS 36.18027816 91.78429192
OS 36.1959144 91.78593784
OS 36.21319656 91.78840672
OS 36.23212464 91.78922968
OS 36.25187568 91.79005264
OS 36.26504304 91.79005264
OS 36.27162672 91.78922968
OS 36.27985632 91.78922968
OS 36.28890888 91.78840672
OS 36.2987844 91.78758376
OS 36.32018136 91.78511488
OS 36.34322424 91.78100008
OS 36.36709008 91.77606232
OS 36.39013296 91.76947864
OS 36.39095592 91.76947864
OS 36.39260184 91.76865568
OS 36.39589368 91.76700976
OS 36.40000848 91.76536384
OS 36.40494624 91.76371792
OS 36.41070696 91.76124904
OS 36.42469728 91.75466536
OS 36.44033352 91.7456128
OS 36.45679272 91.73573728
OS 36.47325192 91.72421584
OS 36.48888816 91.71022552
OS 36.48971112 91.70940256
OS 36.49053408 91.7085796
OS 36.49300296 91.70611072
OS 36.49547184 91.70364184
OS 36.50287848 91.69541224
OS 36.51193104 91.6838908
OS 36.5209836 91.67072344
OS 36.53168208 91.65426424
OS 36.54073464 91.63615912
OS 36.54896424 91.61640808
OS 36.54896424 91.61558512
OS 36.5497872 91.6139392
OS 36.55061016 91.61064736
OS 36.55225608 91.60653256
OS 36.553902 91.6015948
OS 36.55554792 91.59583408
OS 36.55719384 91.58842744
OS 36.55883976 91.58019784
OS 36.5621316 91.56209272
OS 36.56542344 91.54069576
OS 36.56789232 91.51765288
OS 36.56871528 91.49214112
OS 36.56871528 91.49131816
OS 36.56871528 91.48884928
OS 36.56871528 91.48473448
OS 36.56871528 91.47979672
OS 36.56789232 91.47321304
OS 36.56706936 91.4658064
OS 36.5662464 91.4575768
OS 36.56542344 91.44770128
OS 36.5621316 91.42712728
OS 36.55719384 91.40490736
OS 36.55061016 91.38186448
OS 36.5415576 91.3588216
OS 36.5415576 91.35799864
OS 36.54073464 91.35635272
OS 36.53908872 91.35306088
OS 36.53661984 91.34894608
OS 36.53415096 91.34400832
OS 36.53085912 91.3382476
OS 36.52262952 91.32425728
OS 36.51193104 91.30779808
OS 36.49958664 91.29051592
OS 36.48477336 91.27323376
OS 36.4674912 91.25677456
OS 36.46666824 91.2559516
OS 36.46502232 91.25512864
OS 36.46255344 91.25265976
OS 36.4592616 91.24936792
OS 36.45432384 91.24607608
OS 36.44938608 91.24196128
OS 36.4428024 91.23784648
OS 36.43621872 91.23290872
OS 36.41975952 91.22221024
OS 36.40083144 91.2106888
OS 36.37943448 91.20081328
OS 36.35556864 91.19093776
OS 36.35474568 91.19093776
OS 36.3522768 91.1901148
OS 36.34898496 91.18929184
OS 36.3440472 91.18764592
OS 36.33828648 91.186
OS 36.33087984 91.18353112
OS 36.32265024 91.1818852
OS 36.31359768 91.18023928
OS 36.3028992 91.1777704
OS 36.29220072 91.17612448
OS 36.26751192 91.17200968
OS 36.2411772 91.1695408
OS 36.2123736 91.16871784
OS 36.20496696 91.16871784
OS 36.1959144 91.1695408
OS 36.18439296 91.17036376
OS 36.17040264 91.17200968
OS 36.15394344 91.17447856
OS 36.13583832 91.1777704
OS 36.11608728 91.1818852
OS 36.09551328 91.18764592
OS 36.07493928 91.19505256
OS 36.05271936 91.20328216
OS 36.0313224 91.21315768
OS 36.0107484 91.22550208
OS 35.9901744 91.2394924
OS 35.97124632 91.2559516
OS 35.9531412 91.27487968
OS 35.95231824 91.2765256
OS 35.9490264 91.27981744
OS 35.9449116 91.28640112
OS 35.93915088 91.29545368
OS 35.9325672 91.30615216
OS 35.92516056 91.32014248
OS 35.91693096 91.33660168
OS 35.90870136 91.35552976
OS 35.8996488 91.37774968
OS 35.89224216 91.40161552
OS 35.88401256 91.4287732
OS 35.87742888 91.4575768
OS 35.87166816 91.48967224
OS 35.86755336 91.52423656
OS 35.86426152 91.56209272
OS 35.86343856 91.6015948
OS 35.86343856 91.60241776
OS 35.86343856 91.60488664
OS 35.86343856 91.6098244
OS 35.86343856 91.61558512
OS 35.86343856 91.6221688
OS 35.86426152 91.6303984
OS 35.86426152 91.64027392
OS 35.86426152 91.65014944
OS 35.86508448 91.66167088
OS 35.86590744 91.67401528
OS 35.86755336 91.69952704
OS 35.86919928 91.72586176
OS 35.87249112 91.75301944
OS 35.87249112 91.7538424
OS 35.87331408 91.75631128
OS 35.87331408 91.76042608
OS 35.87413704 91.76536384
OS 35.87578296 91.77194752
OS 35.87660592 91.77935416
OS 35.87825184 91.78758376
OS 35.87989776 91.79663632
OS 35.88483552 91.81721032
OS 35.89059624 91.8402532
OS 35.89717992 91.86329608
OS 35.90458656 91.88633896
OS 35.90458656 91.88716192
OS 35.90540952 91.88880784
OS 35.90705544 91.89209968
OS 35.90870136 91.89703744
OS 35.91117024 91.9019752
OS 35.91363912 91.90855888
OS 35.92104576 91.92337216
OS 35.92927536 91.94065432
OS 35.93997384 91.9595824
OS 35.95231824 91.97851048
OS 35.9654856 91.99743856
OS 35.96630856 91.99826152
OS 35.96713152 91.99990744
OS 35.9696004 92.00237632
OS 35.97206928 92.00566816
OS 35.98112184 92.01554368
OS 35.99182032 92.02706512
OS 36.00581064 92.04023248
OS 36.02226984 92.0542228
OS 36.04037496 92.06903608
OS 36.06094896 92.08220344
OS 36.06177192 92.0830264
OS 36.06341784 92.08384936
OS 36.06670968 92.08549528
OS 36.07082448 92.08796416
OS 36.0765852 92.09043304
OS 36.08316888 92.09454784
OS 36.09057552 92.09783968
OS 36.09962808 92.10195448
OS 36.10868064 92.10606928
OS 36.11937912 92.11018408
OS 36.142422 92.11923664
OS 36.16793376 92.1282892
OS 36.1959144 92.13569584
OS 36.19673736 92.13569584
OS 36.19920624 92.1365188
OS 36.204144 92.13734176
OS 36.20990472 92.13898768
OS 36.21731136 92.13981064
OS 36.22636392 92.14145656
OS 36.23623944 92.14310248
OS 36.24776088 92.14557136
OS 36.26092824 92.14721728
OS 36.2740956 92.1488632
OS 36.28973184 92.15050912
OS 36.30536808 92.15133208
OS 36.32182728 92.152978
OS 36.3399324 92.15380096
OS 36.3769656 92.15462392
OS 36.4880652 92.15462392
OS 36.4880652 92.00155336
OE
OB 35.36307888 92.15380096 I
OS 35.37213144 92.15380096
OS 35.38200696 92.152978
OS 35.40504984 92.15133208
OS 35.42891568 92.1488632
OS 35.45442744 92.14557136
OS 35.47911624 92.1406336
OS 35.4799392 92.1406336
OS 35.48240808 92.13981064
OS 35.48569992 92.13898768
OS 35.48981472 92.13816472
OS 35.49557544 92.1365188
OS 35.50215912 92.13487288
OS 35.51779536 92.12993512
OS 35.53507752 92.12335144
OS 35.55318264 92.11512184
OS 35.57211072 92.10606928
OS 35.59021584 92.09454784
OS 35.5910388 92.09454784
OS 35.59186176 92.09290192
OS 35.59433064 92.091256
OS 35.59762248 92.08878712
OS 35.60585208 92.08220344
OS 35.61655056 92.07232792
OS 35.628072 92.06080648
OS 35.63959344 92.0459932
OS 35.65111488 92.029534
OS 35.6609904 92.01142888
OS 35.6609904 92.01060592
OS 35.66181336 92.00896
OS 35.66345928 92.00649112
OS 35.6651052 92.00237632
OS 35.66675112 91.99743856
OS 35.66922 91.99167784
OS 35.67168888 91.9842712
OS 35.67415776 91.97686456
OS 35.67580368 91.967812
OS 35.67827256 91.95875944
OS 35.68238736 91.93736248
OS 35.6856792 91.91267368
OS 35.68650216 91.88633896
OS 35.68650216 91.885516
OS 35.68650216 91.88387008
OS 35.68650216 91.8814012
OS 35.68650216 91.8772864
OS 35.6856792 91.87234864
OS 35.6856792 91.86741088
OS 35.68485624 91.85424352
OS 35.68238736 91.83943024
OS 35.67991848 91.823794
OS 35.67580368 91.8073348
OS 35.67086592 91.79169856
OS 35.67086592 91.7908756
OS 35.67004296 91.79005264
OS 35.66839704 91.78511488
OS 35.66428224 91.77688528
OS 35.65934448 91.76700976
OS 35.65358376 91.75631128
OS 35.64617712 91.74396688
OS 35.63712456 91.73162248
OS 35.62724904 91.72010104
OS 35.62560312 91.71845512
OS 35.62231128 91.71516328
OS 35.61655056 91.70940256
OS 35.60832096 91.70281888
OS 35.59844544 91.69541224
OS 35.586924 91.68718264
OS 35.57375664 91.67895304
OS 35.55976632 91.6715464
OS 35.55894336 91.6715464
OS 35.5581204 91.67072344
OS 35.55318264 91.66825456
OS 35.54495304 91.66578568
OS 35.53507752 91.66167088
OS 35.52191016 91.65755608
OS 35.50791984 91.65344128
OS 35.4922836 91.64932648
OS 35.47500144 91.64603464
OS 35.47664736 91.64603464
OS 35.48076216 91.64438872
OS 35.4881688 91.64191984
OS 35.49722136 91.63780504
OS 35.50709688 91.63286728
OS 35.51779536 91.62546064
OS 35.5293168 91.61640808
OS 35.54083824 91.60488664
OS 35.54248416 91.60324072
OS 35.545776 91.59912592
OS 35.55153672 91.59089632
OS 35.55976632 91.5810208
OS 35.56799592 91.56703048
OS 35.5786944 91.55139424
OS 35.58939288 91.53246616
OS 35.60009136 91.51024624
OS 35.75480784 91.186
OS 35.54083824 91.186
OS 35.40422688 91.49707888
OS 35.40422688 91.49790184
OS 35.40340392 91.4987248
OS 35.40258096 91.50119368
OS 35.40093504 91.50448552
OS 35.39682024 91.51271512
OS 35.39023656 91.52176768
OS 35.38282992 91.53328912
OS 35.37377736 91.5439876
OS 35.36307888 91.55468608
OS 35.35073448 91.56373864
OS 35.34908856 91.5645616
OS 35.34497376 91.56703048
OS 35.33756712 91.57114528
OS 35.3276916 91.57526008
OS 35.3153472 91.57937488
OS 35.30217984 91.58348968
OS 35.2865436 91.58595856
OS 35.26926144 91.58678152
OS 35.23469712 91.58678152
OS 35.23469712 91.186
OS 35.052 91.186
OS 35.052 92.15462392
OS 35.35484928 92.15462392
OS 35.36307888 92.15380096
OE
OB 35.33098344 92.00237632 H
OS 35.23469712 92.00237632
OS 35.23469712 91.7291536
OS 35.31617016 91.7291536
OS 35.3235768 91.72997656
OS 35.33427528 91.72997656
OS 35.34579672 91.73079952
OS 35.35896408 91.73244544
OS 35.3852988 91.7373832
OS 35.38694472 91.73820616
OS 35.39105952 91.73902912
OS 35.3976432 91.741498
OS 35.4058728 91.74396688
OS 35.41492536 91.74808168
OS 35.42480088 91.75219648
OS 35.4346764 91.7579572
OS 35.44372896 91.76371792
OS 35.44455192 91.76454088
OS 35.44784376 91.76700976
OS 35.45195856 91.77112456
OS 35.45771928 91.77606232
OS 35.46348 91.782646
OS 35.47006368 91.79005264
OS 35.4758244 91.7991052
OS 35.48158512 91.80815776
OS 35.48240808 91.80898072
OS 35.484054 91.81309552
OS 35.48569992 91.81803328
OS 35.48899176 91.82543992
OS 35.49146064 91.83449248
OS 35.49310656 91.84519096
OS 35.49475248 91.8567124
OS 35.49557544 91.8690568
OS 35.49557544 91.86987976
OS 35.49557544 91.87234864
OS 35.49557544 91.87564048
OS 35.49475248 91.88057824
OS 35.49392952 91.88633896
OS 35.49310656 91.89292264
OS 35.48981472 91.90855888
OS 35.48487696 91.92501808
OS 35.47664736 91.94230024
OS 35.4717096 91.94970688
OS 35.46512592 91.95793648
OS 35.45854224 91.96452016
OS 35.45031264 91.97110384
OS 35.44948968 91.97110384
OS 35.44784376 91.97274976
OS 35.44537488 91.97439568
OS 35.44208304 91.9760416
OS 35.43714528 91.97851048
OS 35.43138456 91.98097936
OS 35.42397792 91.98344824
OS 35.41657128 91.98674008
OS 35.40751872 91.99003192
OS 35.3976432 91.9925008
OS 35.38612176 91.99496968
OS 35.37377736 91.99743856
OS 35.36061 91.99990744
OS 35.34661968 92.0007304
OS 35.33098344 92.00237632
OE
OB 36.224718 91.63945096 H
OS 36.21566544 91.63945096
OS 36.20990472 91.638628
OS 36.20249808 91.638628
OS 36.19426848 91.63780504
OS 36.17698632 91.63533616
OS 36.17616336 91.63533616
OS 36.17287152 91.6345132
OS 36.16875672 91.63369024
OS 36.162996 91.63286728
OS 36.15558936 91.63122136
OS 36.14818272 91.62875248
OS 36.13172352 91.62463768
OS 36.13090056 91.62463768
OS 36.12843168 91.62381472
OS 36.12431688 91.6221688
OS 36.11855616 91.62052288
OS 36.11197248 91.618054
OS 36.1053888 91.61558512
OS 36.09057552 91.6098244
OS 36.08975256 91.6098244
OS 36.08728368 91.60817848
OS 36.08316888 91.60653256
OS 36.07905408 91.60488664
OS 36.06753264 91.59912592
OS 36.0560112 91.5933652
OS 36.0560112 91.59254224
OS 36.0560112 91.59007336
OS 36.0560112 91.58595856
OS 36.0560112 91.5810208
OS 36.0560112 91.57443712
OS 36.05683416 91.56703048
OS 36.05683416 91.55797792
OS 36.05765712 91.54892536
OS 36.05848008 91.52917432
OS 36.060126 91.50777736
OS 36.06259488 91.4863804
OS 36.06588672 91.4658064
OS 36.06588672 91.46498344
OS 36.06670968 91.46333752
OS 36.06670968 91.46086864
OS 36.06753264 91.4575768
OS 36.07000152 91.44770128
OS 36.07411632 91.43617984
OS 36.07823112 91.42301248
OS 36.08399184 91.40902216
OS 36.08975256 91.39503184
OS 36.0971592 91.38186448
OS 36.09798216 91.38021856
OS 36.101274 91.37692672
OS 36.1053888 91.371166
OS 36.11197248 91.36375936
OS 36.11937912 91.35635272
OS 36.12843168 91.34894608
OS 36.1383072 91.34153944
OS 36.14982864 91.33495576
OS 36.15147456 91.3341328
OS 36.15558936 91.33248688
OS 36.16217304 91.33084096
OS 36.1712256 91.32837208
OS 36.18192408 91.32508024
OS 36.19426848 91.32343432
OS 36.2082588 91.3217884
OS 36.22307208 91.32096544
OS 36.2288328 91.32096544
OS 36.23623944 91.3217884
OS 36.24446904 91.32261136
OS 36.25516752 91.32343432
OS 36.265866 91.3259032
OS 36.27738744 91.32837208
OS 36.28808592 91.33248688
OS 36.28973184 91.33330984
OS 36.29302368 91.33495576
OS 36.29796144 91.33742464
OS 36.30536808 91.34071648
OS 36.31277472 91.34565424
OS 36.32100432 91.35141496
OS 36.32923392 91.35799864
OS 36.33664056 91.36540528
OS 36.33746352 91.36622824
OS 36.3399324 91.36952008
OS 36.3440472 91.37363488
OS 36.348162 91.38021856
OS 36.35392272 91.3876252
OS 36.35886048 91.39667776
OS 36.36379824 91.40655328
OS 36.368736 91.41725176
OS 36.36955896 91.41889768
OS 36.37038192 91.42301248
OS 36.37202784 91.4287732
OS 36.37449672 91.4370028
OS 36.3769656 91.44687832
OS 36.37861152 91.45839976
OS 36.37943448 91.47074416
OS 36.38025744 91.48391152
OS 36.38025744 91.48555744
OS 36.38025744 91.48967224
OS 36.37943448 91.49625592
OS 36.37943448 91.50448552
OS 36.37778856 91.51436104
OS 36.37614264 91.52505952
OS 36.37449672 91.535758
OS 36.37120488 91.54645648
OS 36.37120488 91.5481024
OS 36.36955896 91.55139424
OS 36.36709008 91.556332
OS 36.3646212 91.56373864
OS 36.3605064 91.57114528
OS 36.35556864 91.57937488
OS 36.34980792 91.58760448
OS 36.34322424 91.59583408
OS 36.34240128 91.59665704
OS 36.3399324 91.59912592
OS 36.3358176 91.60324072
OS 36.33005688 91.60735552
OS 36.3234732 91.61311624
OS 36.31442064 91.618054
OS 36.30536808 91.62299176
OS 36.2946696 91.62792952
OS 36.29302368 91.62875248
OS 36.28973184 91.62957544
OS 36.28314816 91.63122136
OS 36.27491856 91.63369024
OS 36.26504304 91.63615912
OS 36.25269864 91.63780504
OS 36.23953128 91.638628
OS 36.224718 91.63945096
OE
SE
S P 0
OB 36.44774016 93.44816464 I
OS 36.59422704 93.44816464
OS 36.59422704 93.2885104
OS 36.44774016 93.2885104
OS 36.44774016 93.091
OS 36.27080376 93.091
OS 36.27080376 93.2885104
OS 35.81982168 93.2885104
OS 35.81982168 93.44322688
OS 36.19838328 94.05962392
OS 36.44774016 94.05962392
OS 36.44774016 93.44816464
OE
OB 35.36307888 94.05880096 I
OS 35.37213144 94.05880096
OS 35.38200696 94.057978
OS 35.40504984 94.05633208
OS 35.42891568 94.0538632
OS 35.45442744 94.05057136
OS 35.47911624 94.0456336
OS 35.4799392 94.0456336
OS 35.48240808 94.04481064
OS 35.48569992 94.04398768
OS 35.48981472 94.04316472
OS 35.49557544 94.0415188
OS 35.50215912 94.03987288
OS 35.51779536 94.03493512
OS 35.53507752 94.02835144
OS 35.55318264 94.02012184
OS 35.57211072 94.01106928
OS 35.59021584 93.99954784
OS 35.5910388 93.99954784
OS 35.59186176 93.99790192
OS 35.59433064 93.996256
OS 35.59762248 93.99378712
OS 35.60585208 93.98720344
OS 35.61655056 93.97732792
OS 35.628072 93.96580648
OS 35.63959344 93.9509932
OS 35.65111488 93.934534
OS 35.6609904 93.91642888
OS 35.6609904 93.91560592
OS 35.66181336 93.91396
OS 35.66345928 93.91149112
OS 35.6651052 93.90737632
OS 35.66675112 93.90243856
OS 35.66922 93.89667784
OS 35.67168888 93.8892712
OS 35.67415776 93.88186456
OS 35.67580368 93.872812
OS 35.67827256 93.86375944
OS 35.68238736 93.84236248
OS 35.6856792 93.81767368
OS 35.68650216 93.79133896
OS 35.68650216 93.790516
OS 35.68650216 93.78887008
OS 35.68650216 93.7864012
OS 35.68650216 93.7822864
OS 35.6856792 93.77734864
OS 35.6856792 93.77241088
OS 35.68485624 93.75924352
OS 35.68238736 93.74443024
OS 35.67991848 93.728794
OS 35.67580368 93.7123348
OS 35.67086592 93.69669856
OS 35.67086592 93.6958756
OS 35.67004296 93.69505264
OS 35.66839704 93.69011488
OS 35.66428224 93.68188528
OS 35.65934448 93.67200976
OS 35.65358376 93.66131128
OS 35.64617712 93.64896688
OS 35.63712456 93.63662248
OS 35.62724904 93.62510104
OS 35.62560312 93.62345512
OS 35.62231128 93.62016328
OS 35.61655056 93.61440256
OS 35.60832096 93.60781888
OS 35.59844544 93.60041224
OS 35.586924 93.59218264
OS 35.57375664 93.58395304
OS 35.55976632 93.5765464
OS 35.55894336 93.5765464
OS 35.5581204 93.57572344
OS 35.55318264 93.57325456
OS 35.54495304 93.57078568
OS 35.53507752 93.56667088
OS 35.52191016 93.56255608
OS 35.50791984 93.55844128
OS 35.4922836 93.55432648
OS 35.47500144 93.55103464
OS 35.47664736 93.55103464
OS 35.48076216 93.54938872
OS 35.4881688 93.54691984
OS 35.49722136 93.54280504
OS 35.50709688 93.53786728
OS 35.51779536 93.53046064
OS 35.5293168 93.52140808
OS 35.54083824 93.50988664
OS 35.54248416 93.50824072
OS 35.545776 93.50412592
OS 35.55153672 93.49589632
OS 35.55976632 93.4860208
OS 35.56799592 93.47203048
OS 35.5786944 93.45639424
OS 35.58939288 93.43746616
OS 35.60009136 93.41524624
OS 35.75480784 93.091
OS 35.54083824 93.091
OS 35.40422688 93.40207888
OS 35.40422688 93.40290184
OS 35.40340392 93.4037248
OS 35.40258096 93.40619368
OS 35.40093504 93.40948552
OS 35.39682024 93.41771512
OS 35.39023656 93.42676768
OS 35.38282992 93.43828912
OS 35.37377736 93.4489876
OS 35.36307888 93.45968608
OS 35.35073448 93.46873864
OS 35.34908856 93.4695616
OS 35.34497376 93.47203048
OS 35.33756712 93.47614528
OS 35.3276916 93.48026008
OS 35.3153472 93.48437488
OS 35.30217984 93.48848968
OS 35.2865436 93.49095856
OS 35.26926144 93.49178152
OS 35.23469712 93.49178152
OS 35.23469712 93.091
OS 35.052 93.091
OS 35.052 94.05962392
OS 35.35484928 94.05962392
OS 35.36307888 94.05880096
OE
OB 35.33098344 93.90737632 H
OS 35.23469712 93.90737632
OS 35.23469712 93.6341536
OS 35.31617016 93.6341536
OS 35.3235768 93.63497656
OS 35.33427528 93.63497656
OS 35.34579672 93.63579952
OS 35.35896408 93.63744544
OS 35.3852988 93.6423832
OS 35.38694472 93.64320616
OS 35.39105952 93.64402912
OS 35.3976432 93.646498
OS 35.4058728 93.64896688
OS 35.41492536 93.65308168
OS 35.42480088 93.65719648
OS 35.4346764 93.6629572
OS 35.44372896 93.66871792
OS 35.44455192 93.66954088
OS 35.44784376 93.67200976
OS 35.45195856 93.67612456
OS 35.45771928 93.68106232
OS 35.46348 93.687646
OS 35.47006368 93.69505264
OS 35.4758244 93.7041052
OS 35.48158512 93.71315776
OS 35.48240808 93.71398072
OS 35.484054 93.71809552
OS 35.48569992 93.72303328
OS 35.48899176 93.73043992
OS 35.49146064 93.73949248
OS 35.49310656 93.75019096
OS 35.49475248 93.7617124
OS 35.49557544 93.7740568
OS 35.49557544 93.77487976
OS 35.49557544 93.77734864
OS 35.49557544 93.78064048
OS 35.49475248 93.78557824
OS 35.49392952 93.79133896
OS 35.49310656 93.79792264
OS 35.48981472 93.81355888
OS 35.48487696 93.83001808
OS 35.47664736 93.84730024
OS 35.4717096 93.85470688
OS 35.46512592 93.86293648
OS 35.45854224 93.86952016
OS 35.45031264 93.87610384
OS 35.44948968 93.87610384
OS 35.44784376 93.87774976
OS 35.44537488 93.87939568
OS 35.44208304 93.8810416
OS 35.43714528 93.88351048
OS 35.43138456 93.88597936
OS 35.42397792 93.88844824
OS 35.41657128 93.89174008
OS 35.40751872 93.89503192
OS 35.3976432 93.8975008
OS 35.38612176 93.89996968
OS 35.37377736 93.90243856
OS 35.36061 93.90490744
OS 35.34661968 93.9057304
OS 35.33098344 93.90737632
OE
OB 36.27327264 93.88433344 H
OS 35.99675808 93.44816464
OS 36.27327264 93.44816464
OS 36.27327264 93.88433344
OE
SE
S P 0
OB 36.74809008 100.9984772 I
OS 36.96123672 100.9984772
OS 36.96123672 100.838
OS 36.31603608 100.838
OS 36.31603608 100.9984772
OS 36.56292408 100.9984772
OS 36.56292408 101.62145792
OS 36.34813152 101.50295168
OS 36.2888784 101.65026152
OS 36.59584248 101.8132076
OS 36.74809008 101.8132076
OS 36.74809008 100.9984772
OE
OB 36.13909968 101.19351872 I
OS 36.13909968 101.19269576
OS 36.13909968 101.18940392
OS 36.13909968 101.18446616
OS 36.13909968 101.17788248
OS 36.13827672 101.16965288
OS 36.13745376 101.16060032
OS 36.1366308 101.14990184
OS 36.13580784 101.1383804
OS 36.132516 101.1136916
OS 36.1284012 101.08653392
OS 36.12181752 101.05855328
OS 36.11358792 101.0313956
OS 36.11358792 101.03057264
OS 36.11276496 101.02810376
OS 36.11111904 101.02481192
OS 36.10865016 101.01987416
OS 36.10618128 101.01411344
OS 36.1037124 101.0067068
OS 36.0954828 100.9902476
OS 36.08560728 100.97214248
OS 36.07326288 100.95239144
OS 36.0584496 100.9326404
OS 36.0419904 100.91453528
OS 36.04116744 100.91371232
OS 36.03952152 100.91288936
OS 36.03705264 100.91042048
OS 36.0337608 100.90712864
OS 36.029646 100.90301384
OS 36.02388528 100.89807608
OS 36.0173016 100.89313832
OS 36.01071792 100.88820056
OS 35.99425872 100.87667912
OS 35.97533064 100.86515768
OS 35.95311072 100.85363624
OS 35.92924488 100.84376072
OS 35.92842192 100.84376072
OS 35.92595304 100.84293776
OS 35.9226612 100.84129184
OS 35.91772344 100.84046888
OS 35.91113976 100.83882296
OS 35.90373312 100.83635408
OS 35.89550352 100.83470816
OS 35.885628 100.83223928
OS 35.87492952 100.8297704
OS 35.86340808 100.82812448
OS 35.85106368 100.82647856
OS 35.83789632 100.82400968
OS 35.80991568 100.8215408
OS 35.77946616 100.82071784
OS 35.76382992 100.82071784
OS 35.75560032 100.8215408
OS 35.74654776 100.82236376
OS 35.73584928 100.82236376
OS 35.72432784 100.82400968
OS 35.69963904 100.82647856
OS 35.67330432 100.83059336
OS 35.64614664 100.83635408
OS 35.61981192 100.84376072
OS 35.61898896 100.84376072
OS 35.61652008 100.84458368
OS 35.61322824 100.8462296
OS 35.60911344 100.84787552
OS 35.60335272 100.8503444
OS 35.59676904 100.85363624
OS 35.5811328 100.86104288
OS 35.56385064 100.8709184
OS 35.54574552 100.88243984
OS 35.5276404 100.89643016
OS 35.5111812 100.9120664
OS 35.51035824 100.91288936
OS 35.50953528 100.91453528
OS 35.5070664 100.91700416
OS 35.50459752 100.920296
OS 35.50130568 100.9244108
OS 35.49719088 100.92934856
OS 35.48813832 100.94251592
OS 35.4782628 100.95815216
OS 35.46838728 100.97625728
OS 35.45933472 100.99683128
OS 35.45110512 101.01987416
OS 35.45110512 101.02069712
OS 35.45028216 101.023166
OS 35.4494592 101.02645784
OS 35.44863624 101.0313956
OS 35.44699032 101.03715632
OS 35.4453444 101.04456296
OS 35.44369848 101.05279256
OS 35.44205256 101.06184512
OS 35.44040664 101.0725436
OS 35.43876072 101.08324208
OS 35.43546888 101.10793088
OS 35.43382296 101.13508856
OS 35.433 101.16389216
OS 35.433 101.80662392
OS 35.61569712 101.80662392
OS 35.61569712 101.17459064
OS 35.61569712 101.17376768
OS 35.61569712 101.17212176
OS 35.61569712 101.16965288
OS 35.61569712 101.16636104
OS 35.61652008 101.15730848
OS 35.61652008 101.14578704
OS 35.61734304 101.13179672
OS 35.61898896 101.1178064
OS 35.62145784 101.10299312
OS 35.62392672 101.08817984
OS 35.62474968 101.08653392
OS 35.62557264 101.08159616
OS 35.62804152 101.07501248
OS 35.6305104 101.06595992
OS 35.6346252 101.0560844
OS 35.63956296 101.04538592
OS 35.64614664 101.03468744
OS 35.65355328 101.02398896
OS 35.65437624 101.023166
OS 35.65766808 101.01987416
OS 35.66178288 101.0149364
OS 35.66836656 101.00917568
OS 35.6757732 101.002592
OS 35.68482576 100.99600832
OS 35.69470128 100.9902476
OS 35.70622272 100.98448688
OS 35.70786864 100.98366392
OS 35.71198344 100.98284096
OS 35.71856712 100.98037208
OS 35.72844264 100.9779032
OS 35.73996408 100.97543432
OS 35.75313144 100.9737884
OS 35.76876768 100.97214248
OS 35.78604984 100.97131952
OS 35.79345648 100.97131952
OS 35.80168608 100.97214248
OS 35.81238456 100.97296544
OS 35.82472896 100.9737884
OS 35.83707336 100.97625728
OS 35.85024072 100.97872616
OS 35.86258512 100.982018
OS 35.86423104 100.98284096
OS 35.86752288 100.98448688
OS 35.8732836 100.98695576
OS 35.88069024 100.99107056
OS 35.88891984 100.99600832
OS 35.8979724 101.002592
OS 35.906202 101.00999864
OS 35.9144316 101.0190512
OS 35.91525456 101.02069712
OS 35.91772344 101.02398896
OS 35.92183824 101.02974968
OS 35.92595304 101.03715632
OS 35.9308908 101.04703184
OS 35.93665152 101.05773032
OS 35.94158928 101.07089768
OS 35.94570408 101.084888
OS 35.94570408 101.08571096
OS 35.94652704 101.08653392
OS 35.94652704 101.0890028
OS 35.94735 101.09229464
OS 35.94899592 101.10052424
OS 35.9514648 101.11204568
OS 35.95311072 101.126036
OS 35.95475664 101.1424952
OS 35.9555796 101.16142328
OS 35.95640256 101.18199728
OS 35.95640256 101.80662392
OS 36.13909968 101.80662392
OS 36.13909968 101.19351872
OE
SE
S P 0
OB 38.30580096 104.08292112 I
OS 38.30580096 104.07386856
OS 38.304978 104.06399304
OS 38.30333208 104.04095016
OS 38.3008632 104.01708432
OS 38.29757136 103.99157256
OS 38.2926336 103.96688376
OS 38.2926336 103.9660608
OS 38.29181064 103.96359192
OS 38.29098768 103.96030008
OS 38.29016472 103.95618528
OS 38.2885188 103.95042456
OS 38.28687288 103.94384088
OS 38.28193512 103.92820464
OS 38.27535144 103.91092248
OS 38.26712184 103.89281736
OS 38.25806928 103.87388928
OS 38.24654784 103.85578416
OS 38.24654784 103.8549612
OS 38.24490192 103.85413824
OS 38.243256 103.85166936
OS 38.24078712 103.84837752
OS 38.23420344 103.84014792
OS 38.22432792 103.82944944
OS 38.21280648 103.817928
OS 38.1979932 103.80640656
OS 38.181534 103.79488512
OS 38.16342888 103.7850096
OS 38.16260592 103.7850096
OS 38.16096 103.78418664
OS 38.15849112 103.78254072
OS 38.15437632 103.7808948
OS 38.14943856 103.77924888
OS 38.14367784 103.77678
OS 38.1362712 103.77431112
OS 38.12886456 103.77184224
OS 38.119812 103.77019632
OS 38.11075944 103.76772744
OS 38.08936248 103.76361264
OS 38.06467368 103.7603208
OS 38.03833896 103.75949784
OS 38.037516 103.75949784
OS 38.03587008 103.75949784
OS 38.0334012 103.75949784
OS 38.0292864 103.75949784
OS 38.02434864 103.7603208
OS 38.01941088 103.7603208
OS 38.00624352 103.76114376
OS 37.99143024 103.76361264
OS 37.975794 103.76608152
OS 37.9593348 103.77019632
OS 37.94369856 103.77513408
OS 37.9428756 103.77513408
OS 37.94205264 103.77595704
OS 37.93711488 103.77760296
OS 37.92888528 103.78171776
OS 37.91900976 103.78665552
OS 37.90831128 103.79241624
OS 37.89596688 103.79982288
OS 37.88362248 103.80887544
OS 37.87210104 103.81875096
OS 37.87045512 103.82039688
OS 37.86716328 103.82368872
OS 37.86140256 103.82944944
OS 37.85481888 103.83767904
OS 37.84741224 103.84755456
OS 37.83918264 103.859076
OS 37.83095304 103.87224336
OS 37.8235464 103.88623368
OS 37.8235464 103.88705664
OS 37.82272344 103.8878796
OS 37.82025456 103.89281736
OS 37.81778568 103.90104696
OS 37.81367088 103.91092248
OS 37.80955608 103.92408984
OS 37.80544128 103.93808016
OS 37.80132648 103.9537164
OS 37.79803464 103.97099856
OS 37.79803464 103.96935264
OS 37.79638872 103.96523784
OS 37.79391984 103.9578312
OS 37.78980504 103.94877864
OS 37.78486728 103.93890312
OS 37.77746064 103.92820464
OS 37.76840808 103.9166832
OS 37.75688664 103.90516176
OS 37.75524072 103.90351584
OS 37.75112592 103.900224
OS 37.74289632 103.89446328
OS 37.7330208 103.88623368
OS 37.71903048 103.87800408
OS 37.70339424 103.8673056
OS 37.68446616 103.85660712
OS 37.66224624 103.84590864
OS 37.338 103.69119216
OS 37.338 103.90516176
OS 37.64907888 104.04177312
OS 37.64990184 104.04177312
OS 37.6507248 104.04259608
OS 37.65319368 104.04341904
OS 37.65648552 104.04506496
OS 37.66471512 104.04917976
OS 37.67376768 104.05576344
OS 37.68528912 104.06317008
OS 37.6959876 104.07222264
OS 37.70668608 104.08292112
OS 37.71573864 104.09526552
OS 37.7165616 104.09691144
OS 37.71903048 104.10102624
OS 37.72314528 104.10843288
OS 37.72726008 104.1183084
OS 37.73137488 104.1306528
OS 37.73548968 104.14382016
OS 37.73795856 104.1594564
OS 37.73878152 104.17673856
OS 37.73878152 104.21130288
OS 37.338 104.21130288
OS 37.338 104.394
OS 38.30662392 104.394
OS 38.30662392 104.09115072
OS 38.30580096 104.08292112
OE
OB 38.32226016 103.25502336 I
OS 38.32226016 103.24679376
OS 38.3214372 103.2377412
OS 38.32061424 103.22786568
OS 38.31896832 103.20646872
OS 38.31567648 103.18260288
OS 38.31156168 103.15873704
OS 38.30580096 103.13569416
OS 38.30580096 103.1348712
OS 38.304978 103.13322528
OS 38.30415504 103.12993344
OS 38.30250912 103.12581864
OS 38.3008632 103.12088088
OS 38.29839432 103.1142972
OS 38.29345656 103.10030688
OS 38.28604992 103.08467064
OS 38.27782032 103.06738848
OS 38.2679448 103.05092928
OS 38.25724632 103.03447008
OS 38.25724632 103.03364712
OS 38.2556004 103.03282416
OS 38.2514856 103.0278864
OS 38.24490192 103.02047976
OS 38.23584936 103.0114272
OS 38.22515088 103.00155168
OS 38.21198352 102.9908532
OS 38.19717024 102.98097768
OS 38.18071104 102.97274808
OS 38.17988808 102.97274808
OS 38.17906512 102.97192512
OS 38.17659624 102.97110216
OS 38.17248144 102.96945624
OS 38.16836664 102.96781032
OS 38.16342888 102.9661644
OS 38.15108448 102.9620496
OS 38.1362712 102.9579348
OS 38.11898904 102.95464296
OS 38.10006096 102.95217408
OS 38.07948696 102.95135112
OS 38.078664 102.95135112
OS 38.07537216 102.95135112
OS 38.07125736 102.95135112
OS 38.06467368 102.95217408
OS 38.05726704 102.95217408
OS 38.04903744 102.95382
OS 38.03916192 102.95464296
OS 38.02846344 102.95628888
OS 38.00624352 102.96122664
OS 37.98237768 102.96863328
OS 37.97085624 102.97357104
OS 37.95851184 102.9785088
OS 37.94781336 102.98509248
OS 37.93711488 102.99249912
OS 37.93629192 102.99332208
OS 37.934646 102.99414504
OS 37.93217712 102.99661392
OS 37.92806232 102.99990576
OS 37.92394752 103.00402056
OS 37.9181868 103.00895832
OS 37.91242608 103.01471904
OS 37.90666536 103.02130272
OS 37.89925872 103.02953232
OS 37.89267504 103.03776192
OS 37.88609136 103.04681448
OS 37.87868472 103.05669
OS 37.86551736 103.07973288
OS 37.85317296 103.10524464
OS 37.85317296 103.10277576
OS 37.85235 103.10030688
OS 37.85152704 103.09701504
OS 37.84988112 103.08878544
OS 37.84741224 103.077264
OS 37.8441204 103.06409664
OS 37.83918264 103.04928336
OS 37.83424488 103.03529304
OS 37.8276612 103.02047976
OS 37.8276612 103.0196568
OS 37.82683824 103.01883384
OS 37.82436936 103.01389608
OS 37.82025456 103.0073124
OS 37.8153168 102.99825984
OS 37.80791016 102.98838432
OS 37.80050352 102.97768584
OS 37.79145096 102.96698736
OS 37.78075248 102.95628888
OS 37.77910656 102.95546592
OS 37.77581472 102.95217408
OS 37.770054 102.94723632
OS 37.7618244 102.94065264
OS 37.75277184 102.93406896
OS 37.7412504 102.92748528
OS 37.728906 102.92007864
OS 37.71573864 102.91431792
OS 37.71409272 102.91349496
OS 37.70915496 102.91184904
OS 37.70174832 102.90938016
OS 37.6918728 102.90691128
OS 37.6795284 102.9044424
OS 37.66553808 102.90197352
OS 37.64990184 102.9003276
OS 37.63344264 102.89950464
OS 37.63261968 102.89950464
OS 37.6301508 102.89950464
OS 37.62685896 102.89950464
OS 37.62109824 102.89950464
OS 37.61533752 102.9003276
OS 37.60793088 102.90115056
OS 37.59970128 102.90197352
OS 37.59064872 102.90279648
OS 37.57007472 102.90608832
OS 37.54867776 102.91102608
OS 37.52645784 102.91760976
OS 37.50423792 102.92666232
OS 37.50341496 102.92666232
OS 37.50176904 102.92748528
OS 37.4984772 102.9291312
OS 37.4943624 102.93160008
OS 37.48942464 102.93406896
OS 37.48366392 102.93818376
OS 37.47049656 102.94641336
OS 37.45486032 102.9579348
OS 37.43840112 102.97192512
OS 37.42194192 102.98838432
OS 37.40630568 103.00813536
OS 37.40548272 103.00895832
OS 37.40465976 103.01060424
OS 37.40219088 103.01389608
OS 37.399722 103.01801088
OS 37.39643016 103.0237716
OS 37.39231536 103.03035528
OS 37.38820056 103.03776192
OS 37.3832628 103.04599152
OS 37.37832504 103.05586704
OS 37.37338728 103.06656552
OS 37.36844952 103.07808696
OS 37.36351176 103.09043136
OS 37.358574 103.10277576
OS 37.35363624 103.11676608
OS 37.34458368 103.1472156
OS 37.34458368 103.14803856
OS 37.34376072 103.1513304
OS 37.34293776 103.1554452
OS 37.34129184 103.16202888
OS 37.33964592 103.17025848
OS 37.338 103.180134
OS 37.33553112 103.19083248
OS 37.3338852 103.20317688
OS 37.33223928 103.2171672
OS 37.3297704 103.23198048
OS 37.32812448 103.24843968
OS 37.32647856 103.26572184
OS 37.32483264 103.28464992
OS 37.32400968 103.303578
OS 37.32318672 103.324152
OS 37.32318672 103.36036224
OS 37.32400968 103.36859184
OS 37.32400968 103.3776444
OS 37.32483264 103.39739544
OS 37.32483264 103.4023332
OS 37.3256556 103.40727096
OS 37.3256556 103.4229072
OS 37.32647856 103.43278272
OS 37.32812448 103.45253376
OS 37.32812448 103.45747152
OS 37.32894744 103.46240928
OS 37.32894744 103.46899296
OS 37.3297704 103.47722256
OS 37.33059336 103.48627512
OS 37.33223928 103.50602616
OS 37.33223928 103.50684912
OS 37.33306224 103.51014096
OS 37.33306224 103.51507872
OS 37.3338852 103.5216624
OS 37.33470816 103.52824608
OS 37.33553112 103.53647568
OS 37.338 103.55211192
OS 37.49518536 103.55211192
OS 37.49518536 103.54964304
OS 37.4943624 103.54717416
OS 37.49353944 103.54388232
OS 37.49271648 103.53976752
OS 37.49189352 103.53482976
OS 37.4902476 103.5216624
OS 37.48777872 103.50602616
OS 37.48530984 103.488744
OS 37.48284096 103.46899296
OS 37.48037208 103.447596
OS 37.48037208 103.44512712
OS 37.47954912 103.44183528
OS 37.47954912 103.43195976
OS 37.47872616 103.42537608
OS 37.47872616 103.4187924
OS 37.4779032 103.4105628
OS 37.47708024 103.39245768
OS 37.47625728 103.37188368
OS 37.47543432 103.34966376
OS 37.47543432 103.31098464
OS 37.47625728 103.30440096
OS 37.47708024 103.29041064
OS 37.4779032 103.27395144
OS 37.47954912 103.25584632
OS 37.482018 103.2377412
OS 37.48530984 103.22045904
OS 37.48530984 103.21963608
OS 37.4861328 103.21881312
OS 37.4861328 103.21634424
OS 37.48695576 103.2130524
OS 37.48942464 103.2048228
OS 37.49271648 103.19494728
OS 37.49765424 103.18342584
OS 37.502592 103.17108144
OS 37.50835272 103.15873704
OS 37.5149364 103.1472156
OS 37.51575936 103.14556968
OS 37.51822824 103.14227784
OS 37.52234304 103.13734008
OS 37.52810376 103.1307564
OS 37.5355104 103.12417272
OS 37.54374 103.11676608
OS 37.55279256 103.1101824
OS 37.56349104 103.10442168
OS 37.56513696 103.10359872
OS 37.5684288 103.1019528
OS 37.57418952 103.10030688
OS 37.58241912 103.09701504
OS 37.59229464 103.09454616
OS 37.60299312 103.09290024
OS 37.61533752 103.09125432
OS 37.62850488 103.09043136
OS 37.6301508 103.09043136
OS 37.6342656 103.09043136
OS 37.64002632 103.09125432
OS 37.64743296 103.09207728
OS 37.65648552 103.0937232
OS 37.66636104 103.09701504
OS 37.67623656 103.10030688
OS 37.68611208 103.10524464
OS 37.68693504 103.1060676
OS 37.69022688 103.10771352
OS 37.69516464 103.11100536
OS 37.70174832 103.11594312
OS 37.708332 103.12170384
OS 37.71573864 103.12911048
OS 37.72314528 103.13816304
OS 37.73055192 103.14803856
OS 37.73137488 103.14968448
OS 37.73384376 103.15297632
OS 37.7371356 103.15956
OS 37.7412504 103.1677896
OS 37.7453652 103.17848808
OS 37.75030296 103.19165544
OS 37.75441776 103.20564576
OS 37.75853256 103.22210496
OS 37.75853256 103.22292792
OS 37.75935552 103.22375088
OS 37.75935552 103.22621976
OS 37.76017848 103.23033456
OS 37.76100144 103.23444936
OS 37.7618244 103.23938712
OS 37.76429328 103.25173152
OS 37.7659392 103.26736776
OS 37.76758512 103.28547288
OS 37.76840808 103.30604688
OS 37.76923104 103.3282668
OS 37.76923104 103.4352516
OS 37.90748832 103.4352516
OS 37.90748832 103.32250608
OS 37.90831128 103.31674536
OS 37.90913424 103.303578
OS 37.9099572 103.28876472
OS 37.91242608 103.27230552
OS 37.91489496 103.25666928
OS 37.9181868 103.241856
OS 37.9181868 103.24103304
OS 37.91900976 103.24021008
OS 37.92065568 103.23527232
OS 37.92312456 103.22868864
OS 37.9264164 103.21963608
OS 37.9305312 103.20976056
OS 37.93629192 103.19988504
OS 37.94205264 103.19000952
OS 37.94863632 103.18095696
OS 37.94945928 103.180134
OS 37.95192816 103.17684216
OS 37.95604296 103.17272736
OS 37.96180368 103.1677896
OS 37.96838736 103.16285184
OS 37.97661696 103.15709112
OS 37.98484656 103.15215336
OS 37.99472208 103.14803856
OS 37.99554504 103.1472156
OS 37.99965984 103.14639264
OS 38.0045976 103.14474672
OS 38.01118128 103.1431008
OS 38.01941088 103.14145488
OS 38.0292864 103.13980896
OS 38.03916192 103.13816304
OS 38.0498604 103.13816304
OS 38.05068336 103.13816304
OS 38.05232928 103.13816304
OS 38.05562112 103.13816304
OS 38.05973592 103.138986
OS 38.06467368 103.138986
OS 38.0704344 103.13980896
OS 38.08360176 103.1431008
OS 38.09759208 103.1472156
OS 38.11240536 103.15462224
OS 38.12721864 103.1636748
OS 38.13380232 103.17025848
OS 38.13956304 103.17684216
OS 38.13956304 103.17766512
OS 38.14120896 103.17848808
OS 38.14285488 103.18095696
OS 38.1445008 103.1842488
OS 38.14696968 103.1883636
OS 38.14943856 103.19330136
OS 38.15190744 103.19906208
OS 38.15519928 103.20646872
OS 38.15849112 103.21387536
OS 38.16096 103.22292792
OS 38.16342888 103.23280344
OS 38.16589776 103.24350192
OS 38.16836664 103.25502336
OS 38.1691896 103.26819072
OS 38.17083552 103.28135808
OS 38.17083552 103.31098464
OS 38.17001256 103.31756832
OS 38.17001256 103.324152
OS 38.1691896 103.3323816
OS 38.16836664 103.34966376
OS 38.16589776 103.36859184
OS 38.16342888 103.38916584
OS 38.15931408 103.4105628
OS 38.15931408 103.41138576
OS 38.15849112 103.41303168
OS 38.15849112 103.41632352
OS 38.15766816 103.42043832
OS 38.15602224 103.42537608
OS 38.15437632 103.4311368
OS 38.1527304 103.43854344
OS 38.15108448 103.44595008
OS 38.14696968 103.46323224
OS 38.14203192 103.48298328
OS 38.1362712 103.50355728
OS 38.12968752 103.5257772
OS 38.28193512 103.5257772
OS 38.28275808 103.52413128
OS 38.28358104 103.52001648
OS 38.28604992 103.5134328
OS 38.2885188 103.5052032
OS 38.29098768 103.49615064
OS 38.29427952 103.48545216
OS 38.30004024 103.46240928
OS 38.30004024 103.46076336
OS 38.30168616 103.45747152
OS 38.30250912 103.45088784
OS 38.30415504 103.4434812
OS 38.30662392 103.43442864
OS 38.30826984 103.42373016
OS 38.31238464 103.40151024
OS 38.31238464 103.39986432
OS 38.3132076 103.39657248
OS 38.31403056 103.3899888
OS 38.31567648 103.38258216
OS 38.3173224 103.3735296
OS 38.31814536 103.36283112
OS 38.32061424 103.3406112
OS 38.32061424 103.33896528
OS 38.3214372 103.33485048
OS 38.3214372 103.32908976
OS 38.32226016 103.32086016
OS 38.32226016 103.31098464
OS 38.32308312 103.30028616
OS 38.32308312 103.26243
OS 38.32226016 103.25502336
OE
OB 38.15437632 104.11501656 H
OS 38.15437632 104.21130288
OS 37.8811536 104.21130288
OS 37.8811536 104.12982984
OS 37.88197656 104.1224232
OS 37.88197656 104.11172472
OS 37.88279952 104.10020328
OS 37.88444544 104.08703592
OS 37.8893832 104.0607012
OS 37.89020616 104.05905528
OS 37.89102912 104.05494048
OS 37.893498 104.0483568
OS 37.89596688 104.0401272
OS 37.90008168 104.03107464
OS 37.90419648 104.02119912
OS 37.9099572 104.0113236
OS 37.91571792 104.00227104
OS 37.91654088 104.00144808
OS 37.91900976 103.99815624
OS 37.92312456 103.99404144
OS 37.92806232 103.98828072
OS 37.934646 103.98252
OS 37.94205264 103.97593632
OS 37.9511052 103.9701756
OS 37.96015776 103.96441488
OS 37.96098072 103.96359192
OS 37.96509552 103.961946
OS 37.97003328 103.96030008
OS 37.97743992 103.95700824
OS 37.98649248 103.95453936
OS 37.99719096 103.95289344
OS 38.0087124 103.95124752
OS 38.0210568 103.95042456
OS 38.02187976 103.95042456
OS 38.02434864 103.95042456
OS 38.02764048 103.95042456
OS 38.03257824 103.95124752
OS 38.03833896 103.95207048
OS 38.04492264 103.95289344
OS 38.06055888 103.95618528
OS 38.07701808 103.96112304
OS 38.09430024 103.96935264
OS 38.10170688 103.9742904
OS 38.10993648 103.98087408
OS 38.11652016 103.98745776
OS 38.12310384 103.99568736
OS 38.12310384 103.99651032
OS 38.12474976 103.99815624
OS 38.12639568 104.00062512
OS 38.1280416 104.00391696
OS 38.13051048 104.00885472
OS 38.13297936 104.01461544
OS 38.13544824 104.02202208
OS 38.13874008 104.02942872
OS 38.14203192 104.03848128
OS 38.1445008 104.0483568
OS 38.14696968 104.05987824
OS 38.14943856 104.07222264
OS 38.15190744 104.08539
OS 38.1527304 104.09938032
OS 38.15437632 104.11501656
OE
SE
S P 0
OB 39.7363696 86.17997242 I
OS 40.513 86.17997242
OS 40.513 85.90815178
OS 39.7363696 85.90815178
OS 39.7363696 86.17997242
OE
SE
S P 0
OB 42.3259504 107.9862712 I
OS 41.93586736 107.9862712
OS 41.93586736 107.7887608
OS 42.02392408 107.7887608
OS 42.03215368 107.78793784
OS 42.04120624 107.78793784
OS 42.0502588 107.78711488
OS 42.07247872 107.78546896
OS 42.09634456 107.78300008
OS 42.12103336 107.77970824
OS 42.14654512 107.77477048
OS 42.14736808 107.77477048
OS 42.14983696 107.77394752
OS 42.1531288 107.77312456
OS 42.15806656 107.7723016
OS 42.16382728 107.77065568
OS 42.17041096 107.76900976
OS 42.17864056 107.76654088
OS 42.18687016 107.764072
OS 42.20497528 107.75748832
OS 42.22554928 107.75008168
OS 42.24612328 107.74020616
OS 42.26587432 107.72868472
OS 42.26669728 107.72868472
OS 42.2683432 107.7270388
OS 42.27081208 107.72539288
OS 42.27410392 107.722924
OS 42.28397944 107.71551736
OS 42.29550088 107.70481888
OS 42.30866824 107.69247448
OS 42.32265856 107.67683824
OS 42.33582592 107.65955608
OS 42.34817032 107.63898208
OS 42.34817032 107.63815912
OS 42.34981624 107.6365132
OS 42.35146216 107.63322136
OS 42.35310808 107.62910656
OS 42.35557696 107.62334584
OS 42.35804584 107.61676216
OS 42.36051472 107.60935552
OS 42.36380656 107.60030296
OS 42.3670984 107.59042744
OS 42.36956728 107.57972896
OS 42.37203616 107.56820752
OS 42.37450504 107.55586312
OS 42.37697392 107.54269576
OS 42.37779688 107.52788248
OS 42.3794428 107.49743296
OS 42.3794428 107.49661
OS 42.3794428 107.49414112
OS 42.3794428 107.49002632
OS 42.37861984 107.4842656
OS 42.37861984 107.47768192
OS 42.37779688 107.46945232
OS 42.37697392 107.46039976
OS 42.375328 107.45052424
OS 42.3712132 107.42912728
OS 42.36545248 107.4060844
OS 42.35722288 107.38221856
OS 42.3465244 107.35917568
OS 42.3465244 107.35835272
OS 42.34487848 107.3567068
OS 42.34323256 107.35341496
OS 42.34076368 107.34930016
OS 42.33747184 107.3443624
OS 42.33335704 107.33777872
OS 42.32265856 107.3237884
OS 42.31031416 107.30815216
OS 42.29467792 107.29087
OS 42.2765728 107.27358784
OS 42.2559988 107.25712864
OS 42.25517584 107.25630568
OS 42.25352992 107.25548272
OS 42.25023808 107.25301384
OS 42.24612328 107.25054496
OS 42.24036256 107.24725312
OS 42.23377888 107.24313832
OS 42.22637224 107.23902352
OS 42.21731968 107.23408576
OS 42.20744416 107.229148
OS 42.19756864 107.22421024
OS 42.1737028 107.21351176
OS 42.14819104 107.20363624
OS 42.11938744 107.19458368
OS 42.11856448 107.19458368
OS 42.1160956 107.19376072
OS 42.1119808 107.19293776
OS 42.10539712 107.19129184
OS 42.09881344 107.18964592
OS 42.08976088 107.188
OS 42.07988536 107.18553112
OS 42.06918688 107.1838852
OS 42.05684248 107.18223928
OS 42.04367512 107.1797704
OS 42.0296848 107.17812448
OS 42.01487152 107.17647856
OS 41.98277608 107.17400968
OS 41.94903472 107.17318672
OS 41.93422144 107.17318672
OS 41.9268148 107.17400968
OS 41.9185852 107.17400968
OS 41.89965712 107.17483264
OS 41.89554232 107.17483264
OS 41.8897816 107.1756556
OS 41.88319792 107.1756556
OS 41.87579128 107.17647856
OS 41.86673872 107.17730152
OS 41.84698768 107.17894744
OS 41.84616472 107.17894744
OS 41.84287288 107.1797704
OS 41.83711216 107.1797704
OS 41.83052848 107.18059336
OS 41.82312184 107.18141632
OS 41.81406928 107.18223928
OS 41.7951412 107.18470816
OS 41.79431824 107.18470816
OS 41.7910264 107.18553112
OS 41.78608864 107.18635408
OS 41.78032792 107.18717704
OS 41.77292128 107.188
OS 41.76551464 107.18882296
OS 41.74905544 107.19129184
OS 41.74905544 107.34930016
OS 41.7498784 107.34930016
OS 41.75070136 107.3484772
OS 41.75317024 107.3484772
OS 41.75646208 107.34765424
OS 41.76551464 107.34518536
OS 41.77703608 107.34353944
OS 41.7910264 107.3402476
OS 41.8074856 107.33777872
OS 41.82559072 107.33448688
OS 41.84534176 107.332018
OS 41.84781064 107.332018
OS 41.85110248 107.33119504
OS 41.85521728 107.33119504
OS 41.86015504 107.33037208
OS 41.86591576 107.33037208
OS 41.87249944 107.32954912
OS 41.87990608 107.32954912
OS 41.89718824 107.3279032
OS 41.91611632 107.32708024
OS 41.93669032 107.32625728
OS 41.96878576 107.32625728
OS 41.9761924 107.32708024
OS 41.98606792 107.3279032
OS 41.99594344 107.32872616
OS 42.00828784 107.32954912
OS 42.02063224 107.33119504
OS 42.04861288 107.3361328
OS 42.07659352 107.3443624
OS 42.09058384 107.3484772
OS 42.1037512 107.35423792
OS 42.1160956 107.3608216
OS 42.12761704 107.36822824
OS 42.12844 107.3690512
OS 42.13008592 107.36987416
OS 42.13337776 107.37234304
OS 42.1366696 107.37645784
OS 42.1407844 107.38057264
OS 42.14572216 107.3855104
OS 42.15148288 107.39209408
OS 42.1572436 107.39950072
OS 42.16218136 107.40690736
OS 42.16794208 107.41595992
OS 42.17287984 107.42583544
OS 42.17699464 107.43653392
OS 42.18028648 107.44805536
OS 42.18357832 107.4595768
OS 42.18522424 107.47274416
OS 42.1860472 107.48673448
OS 42.1860472 107.48755744
OS 42.1860472 107.49002632
OS 42.1860472 107.49414112
OS 42.18522424 107.49990184
OS 42.18440128 107.50566256
OS 42.18357832 107.51389216
OS 42.17946352 107.53035136
OS 42.17287984 107.54927944
OS 42.16876504 107.55915496
OS 42.16300432 107.56903048
OS 42.1572436 107.57808304
OS 42.14983696 107.5871356
OS 42.14160736 107.5953652
OS 42.13173184 107.60277184
OS 42.13090888 107.6035948
OS 42.12926296 107.60441776
OS 42.12597112 107.60606368
OS 42.12103336 107.60853256
OS 42.11527264 107.6118244
OS 42.107866 107.61511624
OS 42.0996364 107.61840808
OS 42.08976088 107.62252288
OS 42.07823944 107.62581472
OS 42.06507208 107.62910656
OS 42.05108176 107.6323984
OS 42.03462256 107.63569024
OS 42.0173404 107.63815912
OS 41.99841232 107.63980504
OS 41.97866128 107.64145096
OS 41.76716056 107.64145096
OS 41.76716056 108.15662392
OS 42.3259504 108.15662392
OS 42.3259504 107.9862712
OE
OB 41.20507888 108.15580096 I
OS 41.21413144 108.15580096
OS 41.22400696 108.154978
OS 41.24704984 108.15333208
OS 41.27091568 108.1508632
OS 41.29642744 108.14757136
OS 41.32111624 108.1426336
OS 41.3219392 108.1426336
OS 41.32440808 108.14181064
OS 41.32769992 108.14098768
OS 41.33181472 108.14016472
OS 41.33757544 108.1385188
OS 41.34415912 108.13687288
OS 41.35979536 108.13193512
OS 41.37707752 108.12535144
OS 41.39518264 108.11712184
OS 41.41411072 108.10806928
OS 41.43221584 108.09654784
OS 41.4330388 108.09654784
OS 41.43386176 108.09490192
OS 41.43633064 108.093256
OS 41.43962248 108.09078712
OS 41.44785208 108.08420344
OS 41.45855056 108.07432792
OS 41.470072 108.06280648
OS 41.48159344 108.0479932
OS 41.49311488 108.031534
OS 41.5029904 108.01342888
OS 41.5029904 108.01260592
OS 41.50381336 108.01096
OS 41.50545928 108.00849112
OS 41.5071052 108.00437632
OS 41.50875112 107.99943856
OS 41.51122 107.99367784
OS 41.51368888 107.9862712
OS 41.51615776 107.97886456
OS 41.51780368 107.969812
OS 41.52027256 107.96075944
OS 41.52438736 107.93936248
OS 41.5276792 107.91467368
OS 41.52850216 107.88833896
OS 41.52850216 107.887516
OS 41.52850216 107.88587008
OS 41.52850216 107.8834012
OS 41.52850216 107.8792864
OS 41.5276792 107.87434864
OS 41.5276792 107.86941088
OS 41.52685624 107.85624352
OS 41.52438736 107.84143024
OS 41.52191848 107.825794
OS 41.51780368 107.8093348
OS 41.51286592 107.79369856
OS 41.51286592 107.7928756
OS 41.51204296 107.79205264
OS 41.51039704 107.78711488
OS 41.50628224 107.77888528
OS 41.50134448 107.76900976
OS 41.49558376 107.75831128
OS 41.48817712 107.74596688
OS 41.47912456 107.73362248
OS 41.46924904 107.72210104
OS 41.46760312 107.72045512
OS 41.46431128 107.71716328
OS 41.45855056 107.71140256
OS 41.45032096 107.70481888
OS 41.44044544 107.69741224
OS 41.428924 107.68918264
OS 41.41575664 107.68095304
OS 41.40176632 107.6735464
OS 41.40094336 107.6735464
OS 41.4001204 107.67272344
OS 41.39518264 107.67025456
OS 41.38695304 107.66778568
OS 41.37707752 107.66367088
OS 41.36391016 107.65955608
OS 41.34991984 107.65544128
OS 41.3342836 107.65132648
OS 41.31700144 107.64803464
OS 41.31864736 107.64803464
OS 41.32276216 107.64638872
OS 41.3301688 107.64391984
OS 41.33922136 107.63980504
OS 41.34909688 107.63486728
OS 41.35979536 107.62746064
OS 41.3713168 107.61840808
OS 41.38283824 107.60688664
OS 41.38448416 107.60524072
OS 41.387776 107.60112592
OS 41.39353672 107.59289632
OS 41.40176632 107.5830208
OS 41.40999592 107.56903048
OS 41.4206944 107.55339424
OS 41.43139288 107.53446616
OS 41.44209136 107.51224624
OS 41.59680784 107.188
OS 41.38283824 107.188
OS 41.24622688 107.49907888
OS 41.24622688 107.49990184
OS 41.24540392 107.5007248
OS 41.24458096 107.50319368
OS 41.24293504 107.50648552
OS 41.23882024 107.51471512
OS 41.23223656 107.52376768
OS 41.22482992 107.53528912
OS 41.21577736 107.5459876
OS 41.20507888 107.55668608
OS 41.19273448 107.56573864
OS 41.19108856 107.5665616
OS 41.18697376 107.56903048
OS 41.17956712 107.57314528
OS 41.1696916 107.57726008
OS 41.1573472 107.58137488
OS 41.14417984 107.58548968
OS 41.1285436 107.58795856
OS 41.11126144 107.58878152
OS 41.07669712 107.58878152
OS 41.07669712 107.188
OS 40.894 107.188
OS 40.894 108.15662392
OS 41.19684928 108.15662392
OS 41.20507888 108.15580096
OE
OB 41.17298344 108.00437632 H
OS 41.07669712 108.00437632
OS 41.07669712 107.7311536
OS 41.15817016 107.7311536
OS 41.1655768 107.73197656
OS 41.17627528 107.73197656
OS 41.18779672 107.73279952
OS 41.20096408 107.73444544
OS 41.2272988 107.7393832
OS 41.22894472 107.74020616
OS 41.23305952 107.74102912
OS 41.2396432 107.743498
OS 41.2478728 107.74596688
OS 41.25692536 107.75008168
OS 41.26680088 107.75419648
OS 41.2766764 107.7599572
OS 41.28572896 107.76571792
OS 41.28655192 107.76654088
OS 41.28984376 107.76900976
OS 41.29395856 107.77312456
OS 41.29971928 107.77806232
OS 41.30548 107.784646
OS 41.31206368 107.79205264
OS 41.3178244 107.8011052
OS 41.32358512 107.81015776
OS 41.32440808 107.81098072
OS 41.326054 107.81509552
OS 41.32769992 107.82003328
OS 41.33099176 107.82743992
OS 41.33346064 107.83649248
OS 41.33510656 107.84719096
OS 41.33675248 107.8587124
OS 41.33757544 107.8710568
OS 41.33757544 107.87187976
OS 41.33757544 107.87434864
OS 41.33757544 107.87764048
OS 41.33675248 107.88257824
OS 41.33592952 107.88833896
OS 41.33510656 107.89492264
OS 41.33181472 107.91055888
OS 41.32687696 107.92701808
OS 41.31864736 107.94430024
OS 41.3137096 107.95170688
OS 41.30712592 107.95993648
OS 41.30054224 107.96652016
OS 41.29231264 107.97310384
OS 41.29148968 107.97310384
OS 41.28984376 107.97474976
OS 41.28737488 107.97639568
OS 41.28408304 107.9780416
OS 41.27914528 107.98051048
OS 41.27338456 107.98297936
OS 41.26597792 107.98544824
OS 41.25857128 107.98874008
OS 41.24951872 107.99203192
OS 41.2396432 107.9945008
OS 41.22812176 107.99696968
OS 41.21577736 107.99943856
OS 41.20261 108.00190744
OS 41.18861968 108.0027304
OS 41.17298344 108.00437632
OE
SE
S P 0
OB 42.54676784 90.72579264 I
OS 42.15750776 89.916
OS 41.95259072 89.916
OS 42.337736 90.70933344
OS 41.87358656 90.70933344
OS 41.87358656 90.88462392
OS 42.54676784 90.88462392
OS 42.54676784 90.72579264
OE
OB 41.50736936 90.89779128 I
OS 41.52958928 90.89696832
OS 41.53452704 90.89696832
OS 41.54028776 90.89614536
OS 41.5476944 90.8953224
OS 41.55674696 90.89449944
OS 41.56662248 90.89367648
OS 41.58719648 90.8912076
OS 41.5888424 90.8912076
OS 41.59213424 90.89038464
OS 41.59789496 90.88956168
OS 41.60447864 90.88791576
OS 41.6135312 90.88626984
OS 41.62258376 90.88462392
OS 41.64398072 90.87968616
OS 41.64562664 90.87968616
OS 41.64891848 90.8788632
OS 41.6546792 90.87721728
OS 41.6629088 90.87557136
OS 41.67196136 90.87310248
OS 41.68183688 90.86981064
OS 41.70487976 90.86322696
OS 41.70487976 90.68217576
OS 41.7040568 90.68217576
OS 41.70241088 90.68382168
OS 41.69829608 90.68464464
OS 41.69418128 90.68711352
OS 41.68842056 90.6895824
OS 41.68183688 90.69205128
OS 41.67443024 90.69534312
OS 41.66620064 90.69863496
OS 41.64727256 90.70521864
OS 41.62752152 90.71262528
OS 41.6053016 90.71920896
OS 41.58390464 90.72414672
OS 41.58308168 90.72414672
OS 41.58143576 90.72496968
OS 41.57814392 90.72579264
OS 41.57402912 90.7266156
OS 41.56909136 90.72743856
OS 41.56333064 90.72826152
OS 41.54934032 90.7307304
OS 41.53370408 90.73319928
OS 41.51642192 90.73566816
OS 41.4983168 90.73649112
OS 41.48021168 90.73731408
OS 41.46869024 90.73731408
OS 41.46292952 90.73649112
OS 41.45552288 90.73566816
OS 41.44811624 90.7348452
OS 41.43988664 90.73402224
OS 41.42095856 90.7307304
OS 41.40120752 90.7266156
OS 41.38063352 90.72003192
OS 41.36170544 90.71180232
OS 41.36088248 90.71180232
OS 41.35923656 90.71097936
OS 41.35676768 90.70933344
OS 41.35347584 90.70686456
OS 41.34442328 90.7019268
OS 41.3337248 90.6936972
OS 41.32055744 90.68382168
OS 41.30739008 90.67230024
OS 41.29422272 90.65748696
OS 41.28187832 90.64185072
OS 41.28187832 90.64102776
OS 41.2802324 90.6402048
OS 41.27858648 90.63773592
OS 41.27694056 90.63362112
OS 41.27447168 90.62950632
OS 41.27117984 90.62456856
OS 41.26459616 90.61222416
OS 41.25718952 90.59658792
OS 41.24895992 90.5784828
OS 41.24237624 90.5579088
OS 41.23579256 90.53568888
OS 41.23579256 90.53486592
OS 41.2349696 90.53322
OS 41.23414664 90.52992816
OS 41.23332368 90.5249904
OS 41.23250072 90.51922968
OS 41.2308548 90.512646
OS 41.23003184 90.5044164
OS 41.22838592 90.49536384
OS 41.22674 90.48631128
OS 41.22591704 90.4756128
OS 41.22344816 90.45256992
OS 41.22180224 90.42705816
OS 41.22097928 90.39990048
OS 41.22097928 90.39907752
OS 41.22097928 90.39660864
OS 41.22097928 90.39249384
OS 41.22097928 90.38673312
OS 41.22180224 90.37932648
OS 41.22180224 90.37191984
OS 41.2226252 90.36286728
OS 41.2226252 90.35299176
OS 41.22427112 90.33077184
OS 41.22756296 90.306906
OS 41.2308548 90.28304016
OS 41.23579256 90.25917432
OS 41.23579256 90.25835136
OS 41.23661552 90.25670544
OS 41.23743848 90.2534136
OS 41.23826144 90.24847584
OS 41.23990736 90.24353808
OS 41.24237624 90.23777736
OS 41.247314 90.22296408
OS 41.25389768 90.20650488
OS 41.26212728 90.18839976
OS 41.27117984 90.1711176
OS 41.28270128 90.15383544
OS 41.28270128 90.15301248
OS 41.2843472 90.15218952
OS 41.288462 90.1464288
OS 41.29586864 90.13902216
OS 41.3049212 90.1299696
OS 41.31644264 90.11927112
OS 41.33043296 90.10857264
OS 41.34689216 90.09787416
OS 41.36417432 90.0888216
OS 41.36499728 90.0888216
OS 41.3666432 90.08799864
OS 41.36911208 90.08717568
OS 41.37322688 90.08552976
OS 41.37816464 90.08388384
OS 41.38392536 90.08141496
OS 41.39050904 90.07976904
OS 41.39791568 90.07812312
OS 41.41519784 90.07400832
OS 41.43577184 90.06989352
OS 41.45799176 90.06742464
OS 41.48268056 90.06660168
OS 41.49173312 90.06660168
OS 41.4983168 90.06742464
OS 41.5065464 90.06742464
OS 41.51559896 90.0682476
OS 41.53535 90.07071648
OS 41.53699592 90.07071648
OS 41.54028776 90.07153944
OS 41.54604848 90.0723624
OS 41.55345512 90.07400832
OS 41.56250768 90.07565424
OS 41.57156024 90.07812312
OS 41.5929572 90.08306088
OS 41.59460312 90.08306088
OS 41.59789496 90.0847068
OS 41.60365568 90.08635272
OS 41.61106232 90.0888216
OS 41.62011488 90.09129048
OS 41.6299904 90.09458232
OS 41.65138736 90.10198896
OS 41.65303328 90.10281192
OS 41.65632512 90.10363488
OS 41.66208584 90.10610376
OS 41.66866952 90.10857264
OS 41.67689912 90.11186448
OS 41.68595168 90.11597928
OS 41.70487976 90.12420888
OS 41.70487976 89.95385616
OS 41.7040568 89.95385616
OS 41.70158792 89.9530332
OS 41.69829608 89.95138728
OS 41.69418128 89.94974136
OS 41.6875976 89.94727248
OS 41.68101392 89.9448036
OS 41.67360728 89.94233472
OS 41.66455472 89.93904288
OS 41.64562664 89.9324592
OS 41.62422968 89.92669848
OS 41.60200976 89.9201148
OS 41.57896688 89.91517704
OS 41.57814392 89.91517704
OS 41.576498 89.91435408
OS 41.57320616 89.91435408
OS 41.5682684 89.91353112
OS 41.56333064 89.91270816
OS 41.55674696 89.91106224
OS 41.54934032 89.91023928
OS 41.54111072 89.90941632
OS 41.52218264 89.90694744
OS 41.50078568 89.90447856
OS 41.4777428 89.9036556
OS 41.45387696 89.90283264
OS 41.44400144 89.90283264
OS 41.4365948 89.9036556
OS 41.42754224 89.9036556
OS 41.41684376 89.90447856
OS 41.40449936 89.90530152
OS 41.391332 89.90694744
OS 41.37734168 89.90859336
OS 41.3625284 89.91023928
OS 41.33207888 89.916
OS 41.29998344 89.92340664
OS 41.26871096 89.93328216
OS 41.267888 89.93328216
OS 41.26541912 89.93492808
OS 41.26130432 89.936574
OS 41.2555436 89.93904288
OS 41.24813696 89.94233472
OS 41.23990736 89.94644952
OS 41.23167776 89.95056432
OS 41.22180224 89.95632504
OS 41.20040528 89.96866944
OS 41.1773624 89.98430568
OS 41.15431952 90.00323376
OS 41.13292256 90.02463072
OS 41.1320996 90.02545368
OS 41.13045368 90.0270996
OS 41.1279848 90.0312144
OS 41.12387 90.0353292
OS 41.11893224 90.04191288
OS 41.11399448 90.04849656
OS 41.10823376 90.05672616
OS 41.10165008 90.06660168
OS 41.0950664 90.0764772
OS 41.08848272 90.08799864
OS 41.08107608 90.10034304
OS 41.0744924 90.1135104
OS 41.06708576 90.12832368
OS 41.06050208 90.14313696
OS 41.04898064 90.1752324
OS 41.04898064 90.17605536
OS 41.04815768 90.1793472
OS 41.04651176 90.18428496
OS 41.04486584 90.19086864
OS 41.04239696 90.1999212
OS 41.03992808 90.20979672
OS 41.0374592 90.22214112
OS 41.03499032 90.23530848
OS 41.03252144 90.25012176
OS 41.03005256 90.26658096
OS 41.02758368 90.28386312
OS 41.0251148 90.30196824
OS 41.02346888 90.32171928
OS 41.02182296 90.34147032
OS 41.021 90.36286728
OS 41.021 90.3850872
OS 41.021 90.38673312
OS 41.021 90.39084792
OS 41.021 90.3974316
OS 41.02182296 90.4056612
OS 41.02182296 90.41635968
OS 41.02264592 90.42870408
OS 41.02346888 90.4426944
OS 41.0251148 90.45833064
OS 41.02676072 90.47478984
OS 41.02840664 90.492072
OS 41.03416736 90.52828224
OS 41.041574 90.5661384
OS 41.05144952 90.60234864
OS 41.05144952 90.6031716
OS 41.05309544 90.60646344
OS 41.05474136 90.6114012
OS 41.05721024 90.61798488
OS 41.06050208 90.62621448
OS 41.06461688 90.63609
OS 41.06873168 90.64678848
OS 41.0744924 90.65830992
OS 41.0868368 90.68382168
OS 41.10247304 90.71097936
OS 41.1197552 90.73813704
OS 41.1403292 90.7636488
OS 41.14115216 90.76447176
OS 41.14279808 90.76694064
OS 41.14608992 90.77023248
OS 41.15102768 90.77434728
OS 41.1567884 90.780108
OS 41.16337208 90.78669168
OS 41.17077872 90.79327536
OS 41.17983128 90.800682
OS 41.1897068 90.8089116
OS 41.20040528 90.8171412
OS 41.21192672 90.8253708
OS 41.22427112 90.8336004
OS 41.2514288 90.8500596
OS 41.28105536 90.86404992
OS 41.28187832 90.86487288
OS 41.28517016 90.86569584
OS 41.28928496 90.86734176
OS 41.29586864 90.86981064
OS 41.30327528 90.87227952
OS 41.3131508 90.8747484
OS 41.32384928 90.87804024
OS 41.33537072 90.88133208
OS 41.34853808 90.88462392
OS 41.36335136 90.88791576
OS 41.37816464 90.89038464
OS 41.39462384 90.89285352
OS 41.411906 90.8953224
OS 41.42918816 90.89696832
OS 41.46704432 90.89861424
OS 41.49749384 90.89861424
OS 41.50736936 90.89779128
OE
SE
S P 0
OB 42.33223944 114.50580096 I
OS 42.34211496 114.50580096
OS 42.35281344 114.504978
OS 42.36433488 114.50415504
OS 42.37667928 114.50333208
OS 42.38984664 114.50168616
OS 42.41782728 114.49757136
OS 42.44663088 114.4926336
OS 42.47461152 114.48604992
OS 42.47543448 114.48604992
OS 42.47790336 114.48522696
OS 42.48201816 114.48358104
OS 42.48695592 114.48193512
OS 42.49271664 114.4802892
OS 42.50012328 114.47782032
OS 42.50835288 114.47452848
OS 42.51658248 114.47123664
OS 42.53633352 114.46218408
OS 42.55608456 114.45230856
OS 42.57665856 114.43996416
OS 42.59558664 114.42597384
OS 42.5964096 114.42515088
OS 42.59805552 114.42432792
OS 42.6005244 114.42185904
OS 42.60381624 114.4185672
OS 42.6128688 114.4103376
OS 42.62356728 114.39881616
OS 42.63591168 114.38482584
OS 42.64825608 114.36836664
OS 42.65977752 114.34943856
OS 42.670476 114.32886456
OS 42.670476 114.3280416
OS 42.67129896 114.32639568
OS 42.67294488 114.32310384
OS 42.6745908 114.31898904
OS 42.67623672 114.31322832
OS 42.6787056 114.30664464
OS 42.68117448 114.299238
OS 42.68364336 114.2910084
OS 42.68611224 114.28195584
OS 42.68858112 114.27208032
OS 42.69269592 114.2498604
OS 42.69598776 114.2251716
OS 42.69681072 114.19801392
OS 42.69681072 114.19719096
OS 42.69681072 114.19472208
OS 42.69681072 114.19060728
OS 42.69681072 114.18484656
OS 42.69598776 114.17826288
OS 42.6951648 114.17085624
OS 42.69434184 114.16180368
OS 42.69351888 114.15192816
OS 42.69022704 114.1305312
OS 42.68611224 114.10748832
OS 42.67952856 114.08279952
OS 42.67129896 114.05811072
OS 42.67129896 114.05728776
OS 42.670476 114.05564184
OS 42.66883008 114.05152704
OS 42.6663612 114.04741224
OS 42.66389232 114.04165152
OS 42.66060048 114.03506784
OS 42.65237088 114.02025456
OS 42.6416724 114.0029724
OS 42.62850504 113.98404432
OS 42.6128688 113.96511624
OS 42.59558664 113.94701112
OS 42.59476368 113.94618816
OS 42.59311776 113.9453652
OS 42.59064888 113.94289632
OS 42.58653408 113.93960448
OS 42.58159632 113.93548968
OS 42.5758356 113.93137488
OS 42.56925192 113.92643712
OS 42.56184528 113.9206764
OS 42.55279272 113.91491568
OS 42.54374016 113.90915496
OS 42.5223432 113.89681056
OS 42.49847736 113.88528912
OS 42.47214264 113.87459064
OS 42.47131968 113.87459064
OS 42.4688508 113.87376768
OS 42.464736 113.87212176
OS 42.45897528 113.87047584
OS 42.4523916 113.86882992
OS 42.44333904 113.86636104
OS 42.43346352 113.86389216
OS 42.42276504 113.86224624
OS 42.41042064 113.85977736
OS 42.39725328 113.85730848
OS 42.38326296 113.8548396
OS 42.36844968 113.85319368
OS 42.35281344 113.85154776
OS 42.33553128 113.84990184
OS 42.300144 113.84907888
OS 42.20797248 113.84907888
OS 42.20797248 113.538
OS 42.0244524 113.538
OS 42.0244524 114.50662392
OS 42.32400984 114.50662392
OS 42.33223944 114.50580096
OE
OB 43.51071816 114.34779264 I
OS 43.12145808 113.538
OS 42.91654104 113.538
OS 43.30168632 114.33133344
OS 42.83753688 114.33133344
OS 42.83753688 114.50662392
OS 43.51071816 114.50662392
OS 43.51071816 114.34779264
OE
OB 41.86644408 114.35437632 I
OS 41.600628 114.35437632
OS 41.600628 113.538
OS 41.41381608 113.538
OS 41.41381608 114.35437632
OS 41.148 114.35437632
OS 41.148 114.50662392
OS 41.86644408 114.50662392
OS 41.86644408 114.35437632
OE
OB 42.30343584 114.35519928 H
OS 42.20797248 114.35519928
OS 42.20797248 114.00050352
OS 42.31742616 114.00050352
OS 42.32647872 114.00132648
OS 42.33800016 114.00214944
OS 42.35034456 114.00379536
OS 42.36515784 114.00544128
OS 42.37914816 114.00873312
OS 42.39313848 114.01284792
OS 42.39396144 114.01284792
OS 42.3947844 114.01367088
OS 42.3988992 114.0153168
OS 42.40630584 114.01860864
OS 42.41453544 114.02272344
OS 42.423588 114.0276612
OS 42.43428648 114.03424488
OS 42.444162 114.04165152
OS 42.45403752 114.04988112
OS 42.45486048 114.05070408
OS 42.45815232 114.05399592
OS 42.46309008 114.05975664
OS 42.4688508 114.06634032
OS 42.47461152 114.07539288
OS 42.4811952 114.0852684
OS 42.48695592 114.09596688
OS 42.49271664 114.10831128
OS 42.4935396 114.1099572
OS 42.49518552 114.114072
OS 42.49683144 114.12147864
OS 42.49930032 114.1305312
OS 42.5017692 114.14205264
OS 42.50423808 114.15522
OS 42.50506104 114.16921032
OS 42.505884 114.18484656
OS 42.505884 114.18566952
OS 42.505884 114.18649248
OS 42.505884 114.19143024
OS 42.50506104 114.19883688
OS 42.50423808 114.20788944
OS 42.50259216 114.21858792
OS 42.50094624 114.23093232
OS 42.4976544 114.24245376
OS 42.4935396 114.25479816
OS 42.49271664 114.25644408
OS 42.49107072 114.26055888
OS 42.48860184 114.2663196
OS 42.48448704 114.27372624
OS 42.47872632 114.28195584
OS 42.47214264 114.2910084
OS 42.464736 114.30006096
OS 42.45568344 114.30911352
OS 42.45486048 114.30993648
OS 42.45156864 114.31240536
OS 42.44580792 114.31652016
OS 42.43840128 114.32145792
OS 42.42934872 114.32721864
OS 42.41865024 114.33297936
OS 42.4071288 114.33791712
OS 42.39313848 114.34285488
OS 42.39231552 114.34285488
OS 42.39149256 114.34367784
OS 42.3865548 114.3445008
OS 42.3783252 114.34696968
OS 42.36762672 114.34943856
OS 42.35445936 114.35108448
OS 42.33964608 114.35355336
OS 42.32236392 114.35437632
OS 42.30343584 114.35519928
OE
SE
S P 0
OB 41.83149368 65.83124756 I
OS 41.36551544 65.83124756
OS 41.36551544 66.0822656
OS 41.83149368 66.0822656
OS 41.83149368 66.5676596
OS 42.1130222 66.5676596
OS 42.1130222 66.0822656
OS 42.57900044 66.0822656
OS 42.57900044 65.83124756
OS 42.1130222 65.83124756
OS 42.1130222 65.3472404
OS 41.83149368 65.3472404
OS 41.83149368 65.83124756
OE
OB 39.98006228 66.6370016 I
OS 40.28794076 66.6370016
OS 40.28794076 65.92693952
OS 40.84267676 65.92693952
OS 40.84267676 66.6370016
OS 41.15055524 66.6370016
OS 41.15055524 65.00469092
OS 40.84267676 65.00469092
OS 40.84267676 65.66066624
OS 40.28794076 65.66066624
OS 40.28794076 65.00469092
OS 39.98006228 65.00469092
OS 39.98006228 66.6370016
OE
OB 38.9579612 66.6370016 I
OS 39.36569216 66.6370016
OS 39.86356772 65.00469092
OS 39.51547088 65.00469092
OS 39.23948972 65.98796048
OS 39.15073196 66.3110942
OS 39.05781368 65.96993156
OS 38.7846062 65.00469092
OS 38.45731196 65.00469092
OS 38.9579612 66.6370016
OE
SE
S P 0
OB 46.93662952 90.73155336 I
OS 46.79425744 90.73155336
OS 46.7868508 90.7307304
OS 46.77944416 90.7307304
OS 46.7703916 90.72990744
OS 46.76051608 90.72990744
OS 46.73911912 90.72743856
OS 46.7168992 90.72496968
OS 46.69385632 90.72085488
OS 46.67245936 90.71509416
OS 46.6716364 90.71509416
OS 46.66999048 90.7142712
OS 46.6675216 90.71344824
OS 46.6634068 90.71180232
OS 46.65846904 90.7101564
OS 46.65353128 90.70851048
OS 46.64118688 90.70274976
OS 46.62719656 90.69616608
OS 46.61238328 90.68875944
OS 46.59757 90.67888392
OS 46.58357968 90.66818544
OS 46.58193376 90.66653952
OS 46.57781896 90.66242472
OS 46.57205824 90.65584104
OS 46.5646516 90.64761144
OS 46.556422 90.63691296
OS 46.5481924 90.6237456
OS 46.5399628 90.60893232
OS 46.53255616 90.59329608
OS 46.53255616 90.59247312
OS 46.5317332 90.59165016
OS 46.53091024 90.58918128
OS 46.53008728 90.58588944
OS 46.52844136 90.58177464
OS 46.52679544 90.57683688
OS 46.5235036 90.56449248
OS 46.52021176 90.55050216
OS 46.51691992 90.53322
OS 46.51362808 90.51511488
OS 46.5111592 90.49536384
OS 46.50951328 90.47808168
OS 46.51033624 90.47808168
OS 46.5111592 90.47890464
OS 46.51362808 90.4797276
OS 46.51609696 90.48137352
OS 46.52432656 90.48466536
OS 46.53502504 90.48878016
OS 46.5481924 90.49289496
OS 46.56300568 90.49865568
OS 46.57946488 90.50277048
OS 46.59757 90.50770824
OS 46.59839296 90.50770824
OS 46.60003888 90.5085312
OS 46.60250776 90.5085312
OS 46.6057996 90.50935416
OS 46.61073736 90.51100008
OS 46.61567512 90.51182304
OS 46.62884248 90.51429192
OS 46.64447872 90.51593784
OS 46.66176088 90.51840672
OS 46.68068896 90.51922968
OS 46.70044 90.52005264
OS 46.71360736 90.52005264
OS 46.72019104 90.51922968
OS 46.72842064 90.51922968
OS 46.7374732 90.51840672
OS 46.74734872 90.51758376
OS 46.76874568 90.51511488
OS 46.79178856 90.51100008
OS 46.8156544 90.50606232
OS 46.83869728 90.49947864
OS 46.83952024 90.49947864
OS 46.84116616 90.49865568
OS 46.844458 90.49700976
OS 46.8485728 90.49536384
OS 46.85351056 90.49371792
OS 46.85927128 90.49124904
OS 46.8732616 90.48466536
OS 46.88889784 90.4756128
OS 46.90535704 90.46573728
OS 46.92181624 90.45421584
OS 46.93745248 90.44022552
OS 46.93827544 90.43940256
OS 46.9390984 90.4385796
OS 46.94156728 90.43611072
OS 46.94403616 90.43364184
OS 46.9514428 90.42541224
OS 46.96049536 90.4138908
OS 46.96954792 90.40072344
OS 46.9802464 90.38426424
OS 46.98929896 90.36615912
OS 46.99752856 90.34640808
OS 46.99752856 90.34558512
OS 46.99835152 90.3439392
OS 46.99917448 90.34064736
OS 47.0008204 90.33653256
OS 47.00246632 90.3315948
OS 47.00411224 90.32583408
OS 47.00575816 90.31842744
OS 47.00740408 90.31019784
OS 47.01069592 90.29209272
OS 47.01398776 90.27069576
OS 47.01645664 90.24765288
OS 47.0172796 90.22214112
OS 47.0172796 90.22131816
OS 47.0172796 90.21884928
OS 47.0172796 90.21473448
OS 47.0172796 90.20979672
OS 47.01645664 90.20321304
OS 47.01563368 90.1958064
OS 47.01481072 90.1875768
OS 47.01398776 90.17770128
OS 47.01069592 90.15712728
OS 47.00575816 90.13490736
OS 46.99917448 90.11186448
OS 46.99012192 90.0888216
OS 46.99012192 90.08799864
OS 46.98929896 90.08635272
OS 46.98765304 90.08306088
OS 46.98518416 90.07894608
OS 46.98271528 90.07400832
OS 46.97942344 90.0682476
OS 46.97119384 90.05425728
OS 46.96049536 90.03779808
OS 46.94815096 90.02051592
OS 46.93333768 90.00323376
OS 46.91605552 89.98677456
OS 46.91523256 89.9859516
OS 46.91358664 89.98512864
OS 46.91111776 89.98265976
OS 46.90782592 89.97936792
OS 46.90288816 89.97607608
OS 46.8979504 89.97196128
OS 46.89136672 89.96784648
OS 46.88478304 89.96290872
OS 46.86832384 89.95221024
OS 46.84939576 89.9406888
OS 46.8279988 89.93081328
OS 46.80413296 89.92093776
OS 46.80331 89.92093776
OS 46.80084112 89.9201148
OS 46.79754928 89.91929184
OS 46.79261152 89.91764592
OS 46.7868508 89.916
OS 46.77944416 89.91353112
OS 46.77121456 89.9118852
OS 46.762162 89.91023928
OS 46.75146352 89.9077704
OS 46.74076504 89.90612448
OS 46.71607624 89.90200968
OS 46.68974152 89.8995408
OS 46.66093792 89.89871784
OS 46.65353128 89.89871784
OS 46.64447872 89.8995408
OS 46.63295728 89.90036376
OS 46.61896696 89.90200968
OS 46.60250776 89.90447856
OS 46.58440264 89.9077704
OS 46.5646516 89.9118852
OS 46.5440776 89.91764592
OS 46.5235036 89.92505256
OS 46.50128368 89.93328216
OS 46.47988672 89.94315768
OS 46.45931272 89.95550208
OS 46.43873872 89.9694924
OS 46.41981064 89.9859516
OS 46.40170552 90.00487968
OS 46.40088256 90.0065256
OS 46.39759072 90.00981744
OS 46.39347592 90.01640112
OS 46.3877152 90.02545368
OS 46.38113152 90.03615216
OS 46.37372488 90.05014248
OS 46.36549528 90.06660168
OS 46.35726568 90.08552976
OS 46.34821312 90.10774968
OS 46.34080648 90.13161552
OS 46.33257688 90.1587732
OS 46.3259932 90.1875768
OS 46.32023248 90.21967224
OS 46.31611768 90.25423656
OS 46.31282584 90.29209272
OS 46.31200288 90.3315948
OS 46.31200288 90.33241776
OS 46.31200288 90.33488664
OS 46.31200288 90.3398244
OS 46.31200288 90.34558512
OS 46.31200288 90.3521688
OS 46.31282584 90.3603984
OS 46.31282584 90.37027392
OS 46.31282584 90.38014944
OS 46.3136488 90.39167088
OS 46.31447176 90.40401528
OS 46.31611768 90.42952704
OS 46.3177636 90.45586176
OS 46.32105544 90.48301944
OS 46.32105544 90.4838424
OS 46.3218784 90.48631128
OS 46.3218784 90.49042608
OS 46.32270136 90.49536384
OS 46.32434728 90.50194752
OS 46.32517024 90.50935416
OS 46.32681616 90.51758376
OS 46.32846208 90.52663632
OS 46.33339984 90.54721032
OS 46.33916056 90.5702532
OS 46.34574424 90.59329608
OS 46.35315088 90.61633896
OS 46.35315088 90.61716192
OS 46.35397384 90.61880784
OS 46.35561976 90.62209968
OS 46.35726568 90.62703744
OS 46.35973456 90.6319752
OS 46.36220344 90.63855888
OS 46.36961008 90.65337216
OS 46.37783968 90.67065432
OS 46.38853816 90.6895824
OS 46.40088256 90.70851048
OS 46.41404992 90.72743856
OS 46.41487288 90.72826152
OS 46.41569584 90.72990744
OS 46.41816472 90.73237632
OS 46.4206336 90.73566816
OS 46.42968616 90.74554368
OS 46.44038464 90.75706512
OS 46.45437496 90.77023248
OS 46.47083416 90.7842228
OS 46.48893928 90.79903608
OS 46.50951328 90.81220344
OS 46.51033624 90.8130264
OS 46.51198216 90.81384936
OS 46.515274 90.81549528
OS 46.5193888 90.81796416
OS 46.52514952 90.82043304
OS 46.5317332 90.82454784
OS 46.53913984 90.82783968
OS 46.5481924 90.83195448
OS 46.55724496 90.83606928
OS 46.56794344 90.84018408
OS 46.59098632 90.84923664
OS 46.61649808 90.8582892
OS 46.64447872 90.86569584
OS 46.64530168 90.86569584
OS 46.64777056 90.8665188
OS 46.65270832 90.86734176
OS 46.65846904 90.86898768
OS 46.66587568 90.86981064
OS 46.67492824 90.87145656
OS 46.68480376 90.87310248
OS 46.6963252 90.87557136
OS 46.70949256 90.87721728
OS 46.72265992 90.8788632
OS 46.73829616 90.88050912
OS 46.7539324 90.88133208
OS 46.7703916 90.882978
OS 46.78849672 90.88380096
OS 46.82552992 90.88462392
OS 46.93662952 90.88462392
OS 46.93662952 90.73155336
OE
OB 45.95236936 90.89779128 I
OS 45.97458928 90.89696832
OS 45.97952704 90.89696832
OS 45.98528776 90.89614536
OS 45.9926944 90.8953224
OS 46.00174696 90.89449944
OS 46.01162248 90.89367648
OS 46.03219648 90.8912076
OS 46.0338424 90.8912076
OS 46.03713424 90.89038464
OS 46.04289496 90.88956168
OS 46.04947864 90.88791576
OS 46.0585312 90.88626984
OS 46.06758376 90.88462392
OS 46.08898072 90.87968616
OS 46.09062664 90.87968616
OS 46.09391848 90.8788632
OS 46.0996792 90.87721728
OS 46.1079088 90.87557136
OS 46.11696136 90.87310248
OS 46.12683688 90.86981064
OS 46.14987976 90.86322696
OS 46.14987976 90.68217576
OS 46.1490568 90.68217576
OS 46.14741088 90.68382168
OS 46.14329608 90.68464464
OS 46.13918128 90.68711352
OS 46.13342056 90.6895824
OS 46.12683688 90.69205128
OS 46.11943024 90.69534312
OS 46.11120064 90.69863496
OS 46.09227256 90.70521864
OS 46.07252152 90.71262528
OS 46.0503016 90.71920896
OS 46.02890464 90.72414672
OS 46.02808168 90.72414672
OS 46.02643576 90.72496968
OS 46.02314392 90.72579264
OS 46.01902912 90.7266156
OS 46.01409136 90.72743856
OS 46.00833064 90.72826152
OS 45.99434032 90.7307304
OS 45.97870408 90.73319928
OS 45.96142192 90.73566816
OS 45.9433168 90.73649112
OS 45.92521168 90.73731408
OS 45.91369024 90.73731408
OS 45.90792952 90.73649112
OS 45.90052288 90.73566816
OS 45.89311624 90.7348452
OS 45.88488664 90.73402224
OS 45.86595856 90.7307304
OS 45.84620752 90.7266156
OS 45.82563352 90.72003192
OS 45.80670544 90.71180232
OS 45.80588248 90.71180232
OS 45.80423656 90.71097936
OS 45.80176768 90.70933344
OS 45.79847584 90.70686456
OS 45.78942328 90.7019268
OS 45.7787248 90.6936972
OS 45.76555744 90.68382168
OS 45.75239008 90.67230024
OS 45.73922272 90.65748696
OS 45.72687832 90.64185072
OS 45.72687832 90.64102776
OS 45.7252324 90.6402048
OS 45.72358648 90.63773592
OS 45.72194056 90.63362112
OS 45.71947168 90.62950632
OS 45.71617984 90.62456856
OS 45.70959616 90.61222416
OS 45.70218952 90.59658792
OS 45.69395992 90.5784828
OS 45.68737624 90.5579088
OS 45.68079256 90.53568888
OS 45.68079256 90.53486592
OS 45.6799696 90.53322
OS 45.67914664 90.52992816
OS 45.67832368 90.5249904
OS 45.67750072 90.51922968
OS 45.6758548 90.512646
OS 45.67503184 90.5044164
OS 45.67338592 90.49536384
OS 45.67174 90.48631128
OS 45.67091704 90.4756128
OS 45.66844816 90.45256992
OS 45.66680224 90.42705816
OS 45.66597928 90.39990048
OS 45.66597928 90.39907752
OS 45.66597928 90.39660864
OS 45.66597928 90.39249384
OS 45.66597928 90.38673312
OS 45.66680224 90.37932648
OS 45.66680224 90.37191984
OS 45.6676252 90.36286728
OS 45.6676252 90.35299176
OS 45.66927112 90.33077184
OS 45.67256296 90.306906
OS 45.6758548 90.28304016
OS 45.68079256 90.25917432
OS 45.68079256 90.25835136
OS 45.68161552 90.25670544
OS 45.68243848 90.2534136
OS 45.68326144 90.24847584
OS 45.68490736 90.24353808
OS 45.68737624 90.23777736
OS 45.692314 90.22296408
OS 45.69889768 90.20650488
OS 45.70712728 90.18839976
OS 45.71617984 90.1711176
OS 45.72770128 90.15383544
OS 45.72770128 90.15301248
OS 45.7293472 90.15218952
OS 45.733462 90.1464288
OS 45.74086864 90.13902216
OS 45.7499212 90.1299696
OS 45.76144264 90.11927112
OS 45.77543296 90.10857264
OS 45.79189216 90.09787416
OS 45.80917432 90.0888216
OS 45.80999728 90.0888216
OS 45.8116432 90.08799864
OS 45.81411208 90.08717568
OS 45.81822688 90.08552976
OS 45.82316464 90.08388384
OS 45.82892536 90.08141496
OS 45.83550904 90.07976904
OS 45.84291568 90.07812312
OS 45.86019784 90.07400832
OS 45.88077184 90.06989352
OS 45.90299176 90.06742464
OS 45.92768056 90.06660168
OS 45.93673312 90.06660168
OS 45.9433168 90.06742464
OS 45.9515464 90.06742464
OS 45.96059896 90.0682476
OS 45.98035 90.07071648
OS 45.98199592 90.07071648
OS 45.98528776 90.07153944
OS 45.99104848 90.0723624
OS 45.99845512 90.07400832
OS 46.00750768 90.07565424
OS 46.01656024 90.07812312
OS 46.0379572 90.08306088
OS 46.03960312 90.08306088
OS 46.04289496 90.0847068
OS 46.04865568 90.08635272
OS 46.05606232 90.0888216
OS 46.06511488 90.09129048
OS 46.0749904 90.09458232
OS 46.09638736 90.10198896
OS 46.09803328 90.10281192
OS 46.10132512 90.10363488
OS 46.10708584 90.10610376
OS 46.11366952 90.10857264
OS 46.12189912 90.11186448
OS 46.13095168 90.11597928
OS 46.14987976 90.12420888
OS 46.14987976 89.95385616
OS 46.1490568 89.95385616
OS 46.14658792 89.9530332
OS 46.14329608 89.95138728
OS 46.13918128 89.94974136
OS 46.1325976 89.94727248
OS 46.12601392 89.9448036
OS 46.11860728 89.94233472
OS 46.10955472 89.93904288
OS 46.09062664 89.9324592
OS 46.06922968 89.92669848
OS 46.04700976 89.9201148
OS 46.02396688 89.91517704
OS 46.02314392 89.91517704
OS 46.021498 89.91435408
OS 46.01820616 89.91435408
OS 46.0132684 89.91353112
OS 46.00833064 89.91270816
OS 46.00174696 89.91106224
OS 45.99434032 89.91023928
OS 45.98611072 89.90941632
OS 45.96718264 89.90694744
OS 45.94578568 89.90447856
OS 45.9227428 89.9036556
OS 45.89887696 89.90283264
OS 45.88900144 89.90283264
OS 45.8815948 89.9036556
OS 45.87254224 89.9036556
OS 45.86184376 89.90447856
OS 45.84949936 89.90530152
OS 45.836332 89.90694744
OS 45.82234168 89.90859336
OS 45.8075284 89.91023928
OS 45.77707888 89.916
OS 45.74498344 89.92340664
OS 45.71371096 89.93328216
OS 45.712888 89.93328216
OS 45.71041912 89.93492808
OS 45.70630432 89.936574
OS 45.7005436 89.93904288
OS 45.69313696 89.94233472
OS 45.68490736 89.94644952
OS 45.67667776 89.95056432
OS 45.66680224 89.95632504
OS 45.64540528 89.96866944
OS 45.6223624 89.98430568
OS 45.59931952 90.00323376
OS 45.57792256 90.02463072
OS 45.5770996 90.02545368
OS 45.57545368 90.0270996
OS 45.5729848 90.0312144
OS 45.56887 90.0353292
OS 45.56393224 90.04191288
OS 45.55899448 90.04849656
OS 45.55323376 90.05672616
OS 45.54665008 90.06660168
OS 45.5400664 90.0764772
OS 45.53348272 90.08799864
OS 45.52607608 90.10034304
OS 45.5194924 90.1135104
OS 45.51208576 90.12832368
OS 45.50550208 90.14313696
OS 45.49398064 90.1752324
OS 45.49398064 90.17605536
OS 45.49315768 90.1793472
OS 45.49151176 90.18428496
OS 45.48986584 90.19086864
OS 45.48739696 90.1999212
OS 45.48492808 90.20979672
OS 45.4824592 90.22214112
OS 45.47999032 90.23530848
OS 45.47752144 90.25012176
OS 45.47505256 90.26658096
OS 45.47258368 90.28386312
OS 45.4701148 90.30196824
OS 45.46846888 90.32171928
OS 45.46682296 90.34147032
OS 45.466 90.36286728
OS 45.466 90.3850872
OS 45.466 90.38673312
OS 45.466 90.39084792
OS 45.466 90.3974316
OS 45.46682296 90.4056612
OS 45.46682296 90.41635968
OS 45.46764592 90.42870408
OS 45.46846888 90.4426944
OS 45.4701148 90.45833064
OS 45.47176072 90.47478984
OS 45.47340664 90.492072
OS 45.47916736 90.52828224
OS 45.486574 90.5661384
OS 45.49644952 90.60234864
OS 45.49644952 90.6031716
OS 45.49809544 90.60646344
OS 45.49974136 90.6114012
OS 45.50221024 90.61798488
OS 45.50550208 90.62621448
OS 45.50961688 90.63609
OS 45.51373168 90.64678848
OS 45.5194924 90.65830992
OS 45.5318368 90.68382168
OS 45.54747304 90.71097936
OS 45.5647552 90.73813704
OS 45.5853292 90.7636488
OS 45.58615216 90.76447176
OS 45.58779808 90.76694064
OS 45.59108992 90.77023248
OS 45.59602768 90.77434728
OS 45.6017884 90.780108
OS 45.60837208 90.78669168
OS 45.61577872 90.79327536
OS 45.62483128 90.800682
OS 45.6347068 90.8089116
OS 45.64540528 90.8171412
OS 45.65692672 90.8253708
OS 45.66927112 90.8336004
OS 45.6964288 90.8500596
OS 45.72605536 90.86404992
OS 45.72687832 90.86487288
OS 45.73017016 90.86569584
OS 45.73428496 90.86734176
OS 45.74086864 90.86981064
OS 45.74827528 90.87227952
OS 45.7581508 90.8747484
OS 45.76884928 90.87804024
OS 45.78037072 90.88133208
OS 45.79353808 90.88462392
OS 45.80835136 90.88791576
OS 45.82316464 90.89038464
OS 45.83962384 90.89285352
OS 45.856906 90.8953224
OS 45.87418816 90.89696832
OS 45.91204432 90.89861424
OS 45.94249384 90.89861424
OS 45.95236936 90.89779128
OE
OB 46.67328232 90.36945096 H
OS 46.66422976 90.36945096
OS 46.65846904 90.368628
OS 46.6510624 90.368628
OS 46.6428328 90.36780504
OS 46.62555064 90.36533616
OS 46.62472768 90.36533616
OS 46.62143584 90.3645132
OS 46.61732104 90.36369024
OS 46.61156032 90.36286728
OS 46.60415368 90.36122136
OS 46.59674704 90.35875248
OS 46.58028784 90.35463768
OS 46.57946488 90.35463768
OS 46.576996 90.35381472
OS 46.5728812 90.3521688
OS 46.56712048 90.35052288
OS 46.5605368 90.348054
OS 46.55395312 90.34558512
OS 46.53913984 90.3398244
OS 46.53831688 90.3398244
OS 46.535848 90.33817848
OS 46.5317332 90.33653256
OS 46.5276184 90.33488664
OS 46.51609696 90.32912592
OS 46.50457552 90.3233652
OS 46.50457552 90.32254224
OS 46.50457552 90.32007336
OS 46.50457552 90.31595856
OS 46.50457552 90.3110208
OS 46.50457552 90.30443712
OS 46.50539848 90.29703048
OS 46.50539848 90.28797792
OS 46.50622144 90.27892536
OS 46.5070444 90.25917432
OS 46.50869032 90.23777736
OS 46.5111592 90.2163804
OS 46.51445104 90.1958064
OS 46.51445104 90.19498344
OS 46.515274 90.19333752
OS 46.515274 90.19086864
OS 46.51609696 90.1875768
OS 46.51856584 90.17770128
OS 46.52268064 90.16617984
OS 46.52679544 90.15301248
OS 46.53255616 90.13902216
OS 46.53831688 90.12503184
OS 46.54572352 90.11186448
OS 46.54654648 90.11021856
OS 46.54983832 90.10692672
OS 46.55395312 90.101166
OS 46.5605368 90.09375936
OS 46.56794344 90.08635272
OS 46.576996 90.07894608
OS 46.58687152 90.07153944
OS 46.59839296 90.06495576
OS 46.60003888 90.0641328
OS 46.60415368 90.06248688
OS 46.61073736 90.06084096
OS 46.61978992 90.05837208
OS 46.6304884 90.05508024
OS 46.6428328 90.05343432
OS 46.65682312 90.0517884
OS 46.6716364 90.05096544
OS 46.67739712 90.05096544
OS 46.68480376 90.0517884
OS 46.69303336 90.05261136
OS 46.70373184 90.05343432
OS 46.71443032 90.0559032
OS 46.72595176 90.05837208
OS 46.73665024 90.06248688
OS 46.73829616 90.06330984
OS 46.741588 90.06495576
OS 46.74652576 90.06742464
OS 46.7539324 90.07071648
OS 46.76133904 90.07565424
OS 46.76956864 90.08141496
OS 46.77779824 90.08799864
OS 46.78520488 90.09540528
OS 46.78602784 90.09622824
OS 46.78849672 90.09952008
OS 46.79261152 90.10363488
OS 46.79672632 90.11021856
OS 46.80248704 90.1176252
OS 46.8074248 90.12667776
OS 46.81236256 90.13655328
OS 46.81730032 90.14725176
OS 46.81812328 90.14889768
OS 46.81894624 90.15301248
OS 46.82059216 90.1587732
OS 46.82306104 90.1670028
OS 46.82552992 90.17687832
OS 46.82717584 90.18839976
OS 46.8279988 90.20074416
OS 46.82882176 90.21391152
OS 46.82882176 90.21555744
OS 46.82882176 90.21967224
OS 46.8279988 90.22625592
OS 46.8279988 90.23448552
OS 46.82635288 90.24436104
OS 46.82470696 90.25505952
OS 46.82306104 90.265758
OS 46.8197692 90.27645648
OS 46.8197692 90.2781024
OS 46.81812328 90.28139424
OS 46.8156544 90.286332
OS 46.81318552 90.29373864
OS 46.80907072 90.30114528
OS 46.80413296 90.30937488
OS 46.79837224 90.31760448
OS 46.79178856 90.32583408
OS 46.7909656 90.32665704
OS 46.78849672 90.32912592
OS 46.78438192 90.33324072
OS 46.7786212 90.33735552
OS 46.77203752 90.34311624
OS 46.76298496 90.348054
OS 46.7539324 90.35299176
OS 46.74323392 90.35792952
OS 46.741588 90.35875248
OS 46.73829616 90.35957544
OS 46.73171248 90.36122136
OS 46.72348288 90.36369024
OS 46.71360736 90.36615912
OS 46.70126296 90.36780504
OS 46.6880956 90.368628
OS 46.67328232 90.36945096
OE
SE
S P 0
OB 47.76649324 85.9192465 I
OS 47.300515 85.9192465
OS 47.300515 86.17026454
OS 47.76649324 86.17026454
OS 47.76649324 86.65565854
OS 48.04802176 86.65565854
OS 48.04802176 86.17026454
OS 48.514 86.17026454
OS 48.514 85.9192465
OS 48.04802176 85.9192465
OS 48.04802176 85.43523934
OS 47.76649324 85.43523934
OS 47.76649324 85.9192465
OE
SE
S P 0
OB 54.44744 29.2495224 I
OS 54.0019748 29.2495224
OS 54.0019748 29.0239704
OS 54.1025334 29.0239704
OS 54.1119314 29.0230306
OS 54.1222692 29.0230306
OS 54.132607 29.0220908
OS 54.1579816 29.0202112
OS 54.1852358 29.0173918
OS 54.2134298 29.0136326
OS 54.2425636 29.0079938
OS 54.2435034 29.0079938
OS 54.2463228 29.007054
OS 54.250082 29.0061142
OS 54.2557208 29.0051744
OS 54.2622994 29.0032948
OS 54.2698178 29.0014152
OS 54.2792158 28.9985958
OS 54.2886138 28.9957764
OS 54.3092894 28.988258
OS 54.3327844 28.9797998
OS 54.3562794 28.9685222
OS 54.3788346 28.955365
OS 54.3797744 28.955365
OS 54.381654 28.9534854
OS 54.3844734 28.9516058
OS 54.3882326 28.9487864
OS 54.3995102 28.9403282
OS 54.4126674 28.9281108
OS 54.4277042 28.9140138
OS 54.4436808 28.8961576
OS 54.4587176 28.8764218
OS 54.4728146 28.8529268
OS 54.4728146 28.851987
OS 54.4746942 28.8501074
OS 54.4765738 28.8463482
OS 54.4784534 28.8416492
OS 54.4812728 28.8350706
OS 54.4840922 28.8275522
OS 54.4869116 28.819094
OS 54.4906708 28.8087562
OS 54.49443 28.7974786
OS 54.4972494 28.7852612
OS 54.5000688 28.772104
OS 54.5028882 28.758007
OS 54.5057076 28.7429702
OS 54.5066474 28.7260538
OS 54.508527 28.6912812
OS 54.508527 28.6903414
OS 54.508527 28.687522
OS 54.508527 28.682823
OS 54.5075872 28.6762444
OS 54.5075872 28.668726
OS 54.5066474 28.659328
OS 54.5057076 28.6489902
OS 54.503828 28.6377126
OS 54.499129 28.6132778
OS 54.4925504 28.5869634
OS 54.4831524 28.5597092
OS 54.470935 28.5333948
OS 54.470935 28.532455
OS 54.4690554 28.5305754
OS 54.4671758 28.5268162
OS 54.4643564 28.5221172
OS 54.4605972 28.5164784
OS 54.4558982 28.50896
OS 54.4436808 28.4929834
OS 54.4295838 28.4751272
OS 54.4117276 28.4553914
OS 54.391052 28.4356556
OS 54.367557 28.4168596
OS 54.3666172 28.4159198
OS 54.3647376 28.41498
OS 54.3609784 28.4121606
OS 54.3562794 28.4093412
OS 54.3497008 28.405582
OS 54.3421824 28.400883
OS 54.3337242 28.396184
OS 54.3233864 28.3905452
OS 54.3121088 28.3849064
OS 54.3008312 28.3792676
OS 54.273577 28.3670502
OS 54.2444432 28.3557726
OS 54.2115502 28.3454348
OS 54.2106104 28.3454348
OS 54.207791 28.344495
OS 54.203092 28.3435552
OS 54.1955736 28.3416756
OS 54.1880552 28.339796
OS 54.1777174 28.3379164
OS 54.1664398 28.335097
OS 54.1542224 28.3332174
OS 54.1401254 28.3313378
OS 54.1250886 28.3285184
OS 54.109112 28.3266388
OS 54.0921956 28.3247592
OS 54.0555434 28.3219398
OS 54.0170116 28.321
OS 54.0000952 28.321
OS 53.991637 28.3219398
OS 53.982239 28.3219398
OS 53.9606236 28.3228796
OS 53.9559246 28.3228796
OS 53.949346 28.3238194
OS 53.9418276 28.3238194
OS 53.9333694 28.3247592
OS 53.9230316 28.325699
OS 53.9004764 28.3275786
OS 53.8995366 28.3275786
OS 53.8957774 28.3285184
OS 53.8891988 28.3285184
OS 53.8816804 28.3294582
OS 53.8732222 28.330398
OS 53.8628844 28.3313378
OS 53.841269 28.3341572
OS 53.8403292 28.3341572
OS 53.83657 28.335097
OS 53.8309312 28.3360368
OS 53.8243526 28.3369766
OS 53.8158944 28.3379164
OS 53.8074362 28.3388562
OS 53.7886402 28.3416756
OS 53.7886402 28.5221172
OS 53.78958 28.5221172
OS 53.7905198 28.5211774
OS 53.7933392 28.5211774
OS 53.7970984 28.5202376
OS 53.8074362 28.5174182
OS 53.8205934 28.5155386
OS 53.83657 28.5117794
OS 53.855366 28.50896
OS 53.8760416 28.5052008
OS 53.8985968 28.5023814
OS 53.9014162 28.5023814
OS 53.9051754 28.5014416
OS 53.9098744 28.5014416
OS 53.9155132 28.5005018
OS 53.9220918 28.5005018
OS 53.9296102 28.499562
OS 53.9380684 28.499562
OS 53.9578042 28.4976824
OS 53.9794196 28.4967426
OS 54.0029146 28.4958028
OS 54.0395668 28.4958028
OS 54.048025 28.4967426
OS 54.0593026 28.4976824
OS 54.0705802 28.4986222
OS 54.0846772 28.499562
OS 54.0987742 28.5014416
OS 54.1307274 28.5070804
OS 54.1626806 28.5164784
OS 54.1786572 28.5211774
OS 54.193694 28.527756
OS 54.207791 28.5352744
OS 54.2209482 28.5437326
OS 54.221888 28.5446724
OS 54.2237676 28.5456122
OS 54.2275268 28.5484316
OS 54.231286 28.5531306
OS 54.235985 28.5578296
OS 54.2416238 28.5634684
OS 54.2482024 28.5709868
OS 54.254781 28.579445
OS 54.2604198 28.5879032
OS 54.2669984 28.598241
OS 54.2726372 28.6095186
OS 54.2773362 28.621736
OS 54.2810954 28.6348932
OS 54.2848546 28.6480504
OS 54.2867342 28.6630872
OS 54.287674 28.6790638
OS 54.287674 28.6800036
OS 54.287674 28.682823
OS 54.287674 28.687522
OS 54.2867342 28.6941006
OS 54.2857944 28.7006792
OS 54.2848546 28.7100772
OS 54.2801556 28.7288732
OS 54.2726372 28.7504886
OS 54.2679382 28.7617662
OS 54.2613596 28.7730438
OS 54.254781 28.7833816
OS 54.2463228 28.7937194
OS 54.2369248 28.8031174
OS 54.2256472 28.8115756
OS 54.2247074 28.8125154
OS 54.2228278 28.8134552
OS 54.2190686 28.8153348
OS 54.2134298 28.8181542
OS 54.2068512 28.8219134
OS 54.198393 28.8256726
OS 54.188995 28.8294318
OS 54.1777174 28.8341308
OS 54.1645602 28.83789
OS 54.1495234 28.8416492
OS 54.1335468 28.8454084
OS 54.1147508 28.8491676
OS 54.095015 28.851987
OS 54.0733996 28.8538666
OS 54.0508444 28.8557462
OS 53.8093158 28.8557462
OS 53.8093158 29.444061
OS 54.44744 29.444061
OS 54.44744 29.2495224
OE
OB 55.222775 28.3379164 I
OS 54.9464738 28.3379164
OS 54.6090856 29.444061
OS 54.8449754 29.444061
OS 55.0319956 28.7777428
OS 55.0921428 28.5587694
OS 55.1551094 28.7899602
OS 55.34025 29.444061
OS 55.5620428 29.444061
OS 55.222775 28.3379164
OE
OB 52.3225522 28.8839402 I
OS 52.638325 28.8839402
OS 52.638325 28.7138364
OS 52.3225522 28.7138364
OS 52.3225522 28.3849064
OS 52.1317728 28.3849064
OS 52.1317728 28.7138364
OS 51.816 28.7138364
OS 51.816 28.8839402
OS 52.1317728 28.8839402
OS 52.1317728 29.2119304
OS 52.3225522 29.2119304
OS 52.3225522 28.8839402
OE
OB 53.3253188 28.5211774 I
OS 53.568727 28.5211774
OS 53.568727 28.3379164
OS 52.8319238 28.3379164
OS 52.8319238 28.5211774
OS 53.1138638 28.5211774
OS 53.1138638 29.232606
OS 52.868576 29.0972748
OS 52.8009104 29.265499
OS 53.1514558 29.4515794
OS 53.3253188 29.4515794
OS 53.3253188 28.5211774
OE
SE
S P 0
OB 55.6630713 37.7650121 I
OS 54.8736393 37.7650121
OS 54.8736393 38.0413133
OS 55.6630713 38.0413133
OS 55.6630713 37.7650121
OE
OB 54.0447357 37.211 I
OS 53.6302839 37.211
OS 53.1242016 38.8702169
OS 53.4780363 38.8702169
OS 53.7585666 37.8707396
OS 53.8487874 37.5422795
OS 53.9432373 37.8890657
OS 54.2209482 38.8702169
OS 54.5536374 38.8702169
OS 54.0447357 37.211
OE
OB 53.0057868 37.211 I
OS 52.6928334 37.211
OS 52.6928334 37.9327664
OS 52.1289534 37.9327664
OS 52.1289534 37.211
OS 51.816 37.211
OS 51.816 38.8702169
OS 52.1289534 38.8702169
OS 52.1289534 38.2034288
OS 52.6928334 38.2034288
OS 52.6928334 38.8702169
OS 53.0057868 38.8702169
OS 53.0057868 37.211
OE
SE
S P 0
OB 54.4268914 34.5835224 I
OS 53.9814262 34.5835224
OS 53.9814262 34.3579704
OS 54.0819848 34.3579704
OS 54.0913828 34.3570306
OS 54.1017206 34.3570306
OS 54.1120584 34.3560908
OS 54.137433 34.3542112
OS 54.1646872 34.3513918
OS 54.1928812 34.3476326
OS 54.222015 34.3419938
OS 54.2229548 34.3419938
OS 54.2257742 34.341054
OS 54.2295334 34.3401142
OS 54.2351722 34.3391744
OS 54.2417508 34.3372948
OS 54.2492692 34.3354152
OS 54.2586672 34.3325958
OS 54.2680652 34.3297764
OS 54.2887408 34.322258
OS 54.3122358 34.3137998
OS 54.3357308 34.3025222
OS 54.358286 34.289365
OS 54.3592258 34.289365
OS 54.3611054 34.2874854
OS 54.3639248 34.2856058
OS 54.367684 34.2827864
OS 54.3789616 34.2743282
OS 54.3921188 34.2621108
OS 54.4071556 34.2480138
OS 54.4231322 34.2301576
OS 54.438169 34.2104218
OS 54.452266 34.1869268
OS 54.452266 34.185987
OS 54.4541456 34.1841074
OS 54.4560252 34.1803482
OS 54.4579048 34.1756492
OS 54.4607242 34.1690706
OS 54.4635436 34.1615522
OS 54.466363 34.153094
OS 54.4701222 34.1427562
OS 54.4738814 34.1314786
OS 54.4767008 34.1192612
OS 54.4795202 34.106104
OS 54.4823396 34.092007
OS 54.485159 34.0769702
OS 54.4860988 34.0600538
OS 54.4879784 34.0252812
OS 54.4879784 34.0243414
OS 54.4879784 34.021522
OS 54.4879784 34.016823
OS 54.4870386 34.0102444
OS 54.4870386 34.002726
OS 54.4860988 33.993328
OS 54.485159 33.9829902
OS 54.4832794 33.9717126
OS 54.4785804 33.9472778
OS 54.4720018 33.9209634
OS 54.4626038 33.8937092
OS 54.4503864 33.8673948
OS 54.4503864 33.866455
OS 54.4485068 33.8645754
OS 54.4466272 33.8608162
OS 54.4438078 33.8561172
OS 54.4400486 33.8504784
OS 54.4353496 33.84296
OS 54.4231322 33.8269834
OS 54.4090352 33.8091272
OS 54.391179 33.7893914
OS 54.3705034 33.7696556
OS 54.3470084 33.7508596
OS 54.3460686 33.7499198
OS 54.344189 33.74898
OS 54.3404298 33.7461606
OS 54.3357308 33.7433412
OS 54.3291522 33.739582
OS 54.3216338 33.734883
OS 54.3131756 33.730184
OS 54.3028378 33.7245452
OS 54.2915602 33.7189064
OS 54.2802826 33.7132676
OS 54.2530284 33.7010502
OS 54.2238946 33.6897726
OS 54.1910016 33.6794348
OS 54.1900618 33.6794348
OS 54.1872424 33.678495
OS 54.1825434 33.6775552
OS 54.175025 33.6756756
OS 54.1675066 33.673796
OS 54.1571688 33.6719164
OS 54.1458912 33.669097
OS 54.1336738 33.6672174
OS 54.1195768 33.6653378
OS 54.10454 33.6625184
OS 54.0885634 33.6606388
OS 54.071647 33.6587592
OS 54.0349948 33.6559398
OS 53.996463 33.655
OS 53.9795466 33.655
OS 53.9710884 33.6559398
OS 53.9616904 33.6559398
OS 53.940075 33.6568796
OS 53.935376 33.6568796
OS 53.9287974 33.6578194
OS 53.921279 33.6578194
OS 53.9128208 33.6587592
OS 53.902483 33.659699
OS 53.8799278 33.6615786
OS 53.878988 33.6615786
OS 53.8752288 33.6625184
OS 53.8686502 33.6625184
OS 53.8611318 33.6634582
OS 53.8526736 33.664398
OS 53.8423358 33.6653378
OS 53.8207204 33.6681572
OS 53.8197806 33.6681572
OS 53.8160214 33.669097
OS 53.8103826 33.6700368
OS 53.803804 33.6709766
OS 53.7953458 33.6719164
OS 53.7868876 33.6728562
OS 53.7680916 33.6756756
OS 53.7680916 33.8561172
OS 53.7690314 33.8561172
OS 53.7699712 33.8551774
OS 53.7727906 33.8551774
OS 53.7765498 33.8542376
OS 53.7868876 33.8514182
OS 53.8000448 33.8495386
OS 53.8160214 33.8457794
OS 53.8348174 33.84296
OS 53.855493 33.8392008
OS 53.8780482 33.8363814
OS 53.8808676 33.8363814
OS 53.8846268 33.8354416
OS 53.8893258 33.8354416
OS 53.8949646 33.8345018
OS 53.9015432 33.8345018
OS 53.9090616 33.833562
OS 53.9175198 33.833562
OS 53.9372556 33.8316824
OS 53.958871 33.8307426
OS 53.982366 33.8298028
OS 54.0190182 33.8298028
OS 54.0274764 33.8307426
OS 54.038754 33.8316824
OS 54.0500316 33.8326222
OS 54.0641286 33.833562
OS 54.0782256 33.8354416
OS 54.1101788 33.8410804
OS 54.142132 33.8504784
OS 54.1581086 33.8551774
OS 54.1731454 33.861756
OS 54.1872424 33.8692744
OS 54.2003996 33.8777326
OS 54.2013394 33.8786724
OS 54.203219 33.8796122
OS 54.2069782 33.8824316
OS 54.2107374 33.8871306
OS 54.2154364 33.8918296
OS 54.2210752 33.8974684
OS 54.2276538 33.9049868
OS 54.2342324 33.913445
OS 54.2398712 33.9219032
OS 54.2464498 33.932241
OS 54.2520886 33.9435186
OS 54.2567876 33.955736
OS 54.2605468 33.9688932
OS 54.264306 33.9820504
OS 54.2661856 33.9970872
OS 54.2671254 34.0130638
OS 54.2671254 34.0140036
OS 54.2671254 34.016823
OS 54.2671254 34.021522
OS 54.2661856 34.0281006
OS 54.2652458 34.0346792
OS 54.264306 34.0440772
OS 54.259607 34.0628732
OS 54.2520886 34.0844886
OS 54.2473896 34.0957662
OS 54.240811 34.1070438
OS 54.2342324 34.1173816
OS 54.2257742 34.1277194
OS 54.2163762 34.1371174
OS 54.2050986 34.1455756
OS 54.2041588 34.1465154
OS 54.2022792 34.1474552
OS 54.19852 34.1493348
OS 54.1928812 34.1521542
OS 54.1863026 34.1559134
OS 54.1778444 34.1596726
OS 54.1684464 34.1634318
OS 54.1571688 34.1681308
OS 54.1440116 34.17189
OS 54.1289748 34.1756492
OS 54.1129982 34.1794084
OS 54.0942022 34.1831676
OS 54.0744664 34.185987
OS 54.052851 34.1878666
OS 54.0302958 34.1897462
OS 53.7887672 34.1897462
OS 53.7887672 34.778061
OS 54.4268914 34.778061
OS 54.4268914 34.5835224
OE
OB 55.2022264 33.6719164 I
OS 54.9259252 33.6719164
OS 54.588537 34.778061
OS 54.8244268 34.778061
OS 55.011447 34.1117428
OS 55.0715942 33.8927694
OS 55.1345608 34.1239602
OS 55.3197014 34.778061
OS 55.5414942 34.778061
OS 55.2022264 33.6719164
OE
OB 52.469288 34.0412578 I
OS 51.943 34.0412578
OS 51.943 34.2254586
OS 52.469288 34.2254586
OS 52.469288 34.0412578
OE
OB 53.3047702 33.8551774 I
OS 53.5481784 33.8551774
OS 53.5481784 33.6719164
OS 52.8113752 33.6719164
OS 52.8113752 33.8551774
OS 53.0933152 33.8551774
OS 53.0933152 34.566606
OS 52.8480274 34.4312748
OS 52.7803618 34.599499
OS 53.1309072 34.7855794
OS 53.3047702 34.7855794
OS 53.3047702 33.8551774
OE
SE
S P 0
OB 53.29180096 95.58976056 I
OS 53.29180096 95.57988504
OS 53.290978 95.56918656
OS 53.29015504 95.55766512
OS 53.28933208 95.54532072
OS 53.28768616 95.53215336
OS 53.28357136 95.50417272
OS 53.2786336 95.47536912
OS 53.27204992 95.44738848
OS 53.27204992 95.44656552
OS 53.27122696 95.44409664
OS 53.26958104 95.43998184
OS 53.26793512 95.43504408
OS 53.2662892 95.42928336
OS 53.26382032 95.42187672
OS 53.26052848 95.41364712
OS 53.25723664 95.40541752
OS 53.24818408 95.38566648
OS 53.23830856 95.36591544
OS 53.22596416 95.34534144
OS 53.21197384 95.32641336
OS 53.21115088 95.3255904
OS 53.21032792 95.32394448
OS 53.20785904 95.3214756
OS 53.2045672 95.31818376
OS 53.1963376 95.3091312
OS 53.18481616 95.29843272
OS 53.17082584 95.28608832
OS 53.15436664 95.27374392
OS 53.13543856 95.26222248
OS 53.11486456 95.251524
OS 53.1140416 95.251524
OS 53.11239568 95.25070104
OS 53.10910384 95.24905512
OS 53.10498904 95.2474092
OS 53.09922832 95.24576328
OS 53.09264464 95.2432944
OS 53.085238 95.24082552
OS 53.0770084 95.23835664
OS 53.06795584 95.23588776
OS 53.05808032 95.23341888
OS 53.0358604 95.22930408
OS 53.0111716 95.22601224
OS 52.98401392 95.22518928
OS 52.98319096 95.22518928
OS 52.98072208 95.22518928
OS 52.97660728 95.22518928
OS 52.97084656 95.22518928
OS 52.96426288 95.22601224
OS 52.95685624 95.2268352
OS 52.94780368 95.22765816
OS 52.93792816 95.22848112
OS 52.9165312 95.23177296
OS 52.89348832 95.23588776
OS 52.86879952 95.24247144
OS 52.84411072 95.25070104
OS 52.84328776 95.25070104
OS 52.84164184 95.251524
OS 52.83752704 95.25316992
OS 52.83341224 95.2556388
OS 52.82765152 95.25810768
OS 52.82106784 95.26139952
OS 52.80625456 95.26962912
OS 52.7889724 95.2803276
OS 52.77004432 95.29349496
OS 52.75111624 95.3091312
OS 52.73301112 95.32641336
OS 52.73218816 95.32723632
OS 52.7313652 95.32888224
OS 52.72889632 95.33135112
OS 52.72560448 95.33546592
OS 52.72148968 95.34040368
OS 52.71737488 95.3461644
OS 52.71243712 95.35274808
OS 52.7066764 95.36015472
OS 52.70091568 95.36920728
OS 52.69515496 95.37825984
OS 52.68281056 95.3996568
OS 52.67128912 95.42352264
OS 52.66059064 95.44985736
OS 52.66059064 95.45068032
OS 52.65976768 95.4531492
OS 52.65812176 95.457264
OS 52.65647584 95.46302472
OS 52.65482992 95.4696084
OS 52.65236104 95.47866096
OS 52.64989216 95.48853648
OS 52.64824624 95.49923496
OS 52.64577736 95.51157936
OS 52.64330848 95.52474672
OS 52.6408396 95.53873704
OS 52.63919368 95.55355032
OS 52.63754776 95.56918656
OS 52.63590184 95.58646872
OS 52.63507888 95.621856
OS 52.63507888 95.71402752
OS 52.324 95.71402752
OS 52.324 95.8975476
OS 53.29262392 95.8975476
OS 53.29262392 95.59799016
OS 53.29180096 95.58976056
OE
OB 53.14037632 96.05555592 I
OS 53.14037632 96.321372
OS 52.324 96.321372
OS 52.324 96.50818392
OS 53.14037632 96.50818392
OS 53.14037632 96.774
OS 53.29262392 96.774
OS 53.29262392 96.05555592
OS 53.14037632 96.05555592
OE
OB 52.4844772 94.61866776 I
OS 52.4844772 94.40552112
OS 52.324 94.40552112
OS 52.324 95.05072176
OS 52.4844772 95.05072176
OS 52.4844772 94.80383376
OS 53.10745792 94.80383376
OS 52.98895168 95.01862632
OS 53.13626152 95.07787944
OS 53.2992076 94.77091536
OS 53.2992076 94.61866776
OS 52.4844772 94.61866776
OE
OB 53.14119928 95.61856416 H
OS 53.14119928 95.71402752
OS 52.78650352 95.71402752
OS 52.78650352 95.60457384
OS 52.78732648 95.59552128
OS 52.78814944 95.58399984
OS 52.78979536 95.57165544
OS 52.79144128 95.55684216
OS 52.79473312 95.54285184
OS 52.79884792 95.52886152
OS 52.79884792 95.52803856
OS 52.79967088 95.5272156
OS 52.8013168 95.5231008
OS 52.80460864 95.51569416
OS 52.80872344 95.50746456
OS 52.8136612 95.498412
OS 52.82024488 95.48771352
OS 52.82765152 95.477838
OS 52.83588112 95.46796248
OS 52.83670408 95.46713952
OS 52.83999592 95.46384768
OS 52.84575664 95.45890992
OS 52.85234032 95.4531492
OS 52.86139288 95.44738848
OS 52.8712684 95.4408048
OS 52.88196688 95.43504408
OS 52.89431128 95.42928336
OS 52.8959572 95.4284604
OS 52.900072 95.42681448
OS 52.90747864 95.42516856
OS 52.9165312 95.42269968
OS 52.92805264 95.4202308
OS 52.94122 95.41776192
OS 52.95521032 95.41693896
OS 52.97084656 95.416116
OS 52.97166952 95.416116
OS 52.97249248 95.416116
OS 52.97743024 95.416116
OS 52.98483688 95.41693896
OS 52.99388944 95.41776192
OS 53.00458792 95.41940784
OS 53.01693232 95.42105376
OS 53.02845376 95.4243456
OS 53.04079816 95.4284604
OS 53.04244408 95.42928336
OS 53.04655888 95.43092928
OS 53.0523196 95.43339816
OS 53.05972624 95.43751296
OS 53.06795584 95.44327368
OS 53.0770084 95.44985736
OS 53.08606096 95.457264
OS 53.09511352 95.46631656
OS 53.09593648 95.46713952
OS 53.09840536 95.47043136
OS 53.10252016 95.47619208
OS 53.10745792 95.48359872
OS 53.11321864 95.49265128
OS 53.11897936 95.50334976
OS 53.12391712 95.5148712
OS 53.12885488 95.52886152
OS 53.12885488 95.52968448
OS 53.12967784 95.53050744
OS 53.1305008 95.5354452
OS 53.13296968 95.5436748
OS 53.13543856 95.55437328
OS 53.13708448 95.56754064
OS 53.13955336 95.58235392
OS 53.14037632 95.59963608
OS 53.14119928 95.61856416
OE
SE
S P 0
OB 52.34128216 91.98073552 I
OS 52.34128216 92.20375768
OS 52.91900008 92.46299008
OS 53.04326704 92.51565952
OS 52.64166256 92.51565952
OS 52.34128216 92.51565952
OS 52.34128216 92.68189744
OS 53.30990608 92.68189744
OS 53.30990608 92.45805232
OS 52.72807336 92.19388216
OS 52.61450488 92.14697344
OS 53.04162112 92.14697344
OS 53.30990608 92.14697344
OS 53.30990608 91.98073552
OS 52.34128216 91.98073552
OE
OB 52.34128216 92.75431792 I
OS 52.34128216 92.95594312
OS 52.53220888 93.00943552
OS 52.53220888 93.34849504
OS 52.34128216 93.4028104
OS 52.34128216 93.5838616
OS 53.30990608 93.29664856
OS 53.30990608 93.04153096
OS 52.34128216 92.75431792
OE
OB 52.66470544 93.7731424 I
OS 52.66470544 94.234
OS 52.8260056 94.234
OS 52.8260056 93.7731424
OS 52.66470544 93.7731424
OE
OB 52.49764456 91.58653768 I
OS 52.49764456 91.1767036
OS 52.34128216 91.1767036
OS 52.34128216 91.77170368
OS 53.30990608 91.77170368
OS 53.30990608 91.58653768
OS 52.49764456 91.58653768
OE
OB 53.30908312 89.84021656 I
OS 53.30908312 89.83034104
OS 53.30826016 89.81964256
OS 53.3074372 89.80812112
OS 53.30661424 89.79577672
OS 53.30496832 89.78260936
OS 53.30085352 89.75462872
OS 53.29591576 89.72582512
OS 53.28933208 89.69784448
OS 53.28933208 89.69702152
OS 53.28850912 89.69455264
OS 53.2868632 89.69043784
OS 53.28521728 89.68550008
OS 53.28357136 89.67973936
OS 53.28110248 89.67233272
OS 53.27781064 89.66410312
OS 53.2745188 89.65587352
OS 53.26546624 89.63612248
OS 53.25559072 89.61637144
OS 53.24324632 89.59579744
OS 53.229256 89.57686936
OS 53.22843304 89.5760464
OS 53.22761008 89.57440048
OS 53.2251412 89.5719316
OS 53.22184936 89.56863976
OS 53.21361976 89.5595872
OS 53.20209832 89.54888872
OS 53.188108 89.53654432
OS 53.1716488 89.52419992
OS 53.15272072 89.51267848
OS 53.13214672 89.50198
OS 53.13132376 89.50198
OS 53.12967784 89.50115704
OS 53.126386 89.49951112
OS 53.1222712 89.4978652
OS 53.11651048 89.49621928
OS 53.1099268 89.4937504
OS 53.10252016 89.49128152
OS 53.09429056 89.48881264
OS 53.085238 89.48634376
OS 53.07536248 89.48387488
OS 53.05314256 89.47976008
OS 53.02845376 89.47646824
OS 53.00129608 89.47564528
OS 53.00047312 89.47564528
OS 52.99800424 89.47564528
OS 52.99388944 89.47564528
OS 52.98812872 89.47564528
OS 52.98154504 89.47646824
OS 52.9741384 89.4772912
OS 52.96508584 89.47811416
OS 52.95521032 89.47893712
OS 52.93381336 89.48222896
OS 52.91077048 89.48634376
OS 52.88608168 89.49292744
OS 52.86139288 89.50115704
OS 52.86056992 89.50115704
OS 52.858924 89.50198
OS 52.8548092 89.50362592
OS 52.8506944 89.5060948
OS 52.84493368 89.50856368
OS 52.83835 89.51185552
OS 52.82353672 89.52008512
OS 52.80625456 89.5307836
OS 52.78732648 89.54395096
OS 52.7683984 89.5595872
OS 52.75029328 89.57686936
OS 52.74947032 89.57769232
OS 52.74864736 89.57933824
OS 52.74617848 89.58180712
OS 52.74288664 89.58592192
OS 52.73877184 89.59085968
OS 52.73465704 89.5966204
OS 52.72971928 89.60320408
OS 52.72395856 89.61061072
OS 52.71819784 89.61966328
OS 52.71243712 89.62871584
OS 52.70009272 89.6501128
OS 52.68857128 89.67397864
OS 52.6778728 89.70031336
OS 52.6778728 89.70113632
OS 52.67704984 89.7036052
OS 52.67540392 89.70772
OS 52.673758 89.71348072
OS 52.67211208 89.7200644
OS 52.6696432 89.72911696
OS 52.66717432 89.73899248
OS 52.6655284 89.74969096
OS 52.66305952 89.76203536
OS 52.66059064 89.77520272
OS 52.65812176 89.78919304
OS 52.65647584 89.80400632
OS 52.65482992 89.81964256
OS 52.653184 89.83692472
OS 52.65236104 89.872312
OS 52.65236104 89.96448352
OS 52.34128216 89.96448352
OS 52.34128216 90.1480036
OS 53.30990608 90.1480036
OS 53.30990608 89.84844616
OS 53.30908312 89.84021656
OE
OB 53.32554232 90.55207696 I
OS 53.32554232 90.54467032
OS 53.32471936 90.53561776
OS 53.3238964 90.51586672
OS 53.32142752 90.4936468
OS 53.31895864 90.47060392
OS 53.31484384 90.44673808
OS 53.31484384 90.44591512
OS 53.31402088 90.4442692
OS 53.31402088 90.4401544
OS 53.31237496 90.4360396
OS 53.311552 90.43027888
OS 53.30990608 90.4236952
OS 53.30826016 90.4154656
OS 53.30661424 90.407236
OS 53.30249944 90.38830792
OS 53.29756168 90.36691096
OS 53.290978 90.34386808
OS 53.28439432 90.32000224
OS 53.10416608 90.32000224
OS 53.10416608 90.3208252
OS 53.10498904 90.32247112
OS 53.10663496 90.32576296
OS 53.10828088 90.32987776
OS 53.11074976 90.33481552
OS 53.11321864 90.34057624
OS 53.11568752 90.34798288
OS 53.11897936 90.35621248
OS 53.12556304 90.3743176
OS 53.13296968 90.3948916
OS 53.13955336 90.41711152
OS 53.14613704 90.44180032
OS 53.14613704 90.44262328
OS 53.14696 90.44509216
OS 53.14778296 90.448384
OS 53.14860592 90.45332176
OS 53.15025184 90.45908248
OS 53.15189776 90.46648912
OS 53.15354368 90.47389576
OS 53.1551896 90.48294832
OS 53.15765848 90.50352232
OS 53.16095032 90.52574224
OS 53.16259624 90.54960808
OS 53.1634192 90.57511984
OS 53.1634192 90.58664128
OS 53.16259624 90.592402
OS 53.16259624 90.59980864
OS 53.16177328 90.60721528
OS 53.16012736 90.61544488
OS 53.15765848 90.63437296
OS 53.15354368 90.65494696
OS 53.14778296 90.67552096
OS 53.13955336 90.69609496
OS 53.13955336 90.69691792
OS 53.1387304 90.69856384
OS 53.13708448 90.70103272
OS 53.13543856 90.70432456
OS 53.12967784 90.71420008
OS 53.1222712 90.72654448
OS 53.11239568 90.7405348
OS 53.10087424 90.75452512
OS 53.08688392 90.7693384
OS 53.07124768 90.78332872
OS 53.07042472 90.78332872
OS 53.06960176 90.78497464
OS 53.06713288 90.78662056
OS 53.06384104 90.78908944
OS 53.05890328 90.79155832
OS 53.05396552 90.79485016
OS 53.04162112 90.80307976
OS 53.02598488 90.81130936
OS 53.0070568 90.82036192
OS 52.9864828 90.82859152
OS 52.96343992 90.83599816
OS 52.96261696 90.83599816
OS 52.96097104 90.83682112
OS 52.95685624 90.83764408
OS 52.95191848 90.83846704
OS 52.94615776 90.84011296
OS 52.93957408 90.84175888
OS 52.93134448 90.8434048
OS 52.92146896 90.84505072
OS 52.91159344 90.84669664
OS 52.90089496 90.84834256
OS 52.87620616 90.8516344
OS 52.84904848 90.85328032
OS 52.82024488 90.85410328
OS 52.81942192 90.85410328
OS 52.81695304 90.85410328
OS 52.81283824 90.85410328
OS 52.80707752 90.85410328
OS 52.80049384 90.85328032
OS 52.79226424 90.85328032
OS 52.78403464 90.85328032
OS 52.77415912 90.85245736
OS 52.7519392 90.85081144
OS 52.72889632 90.84834256
OS 52.70503048 90.84505072
OS 52.68116464 90.84011296
OS 52.68034168 90.84011296
OS 52.67869576 90.83929
OS 52.67540392 90.83846704
OS 52.67046616 90.83764408
OS 52.6655284 90.83599816
OS 52.65976768 90.83435224
OS 52.6449544 90.82941448
OS 52.6284952 90.8228308
OS 52.61039008 90.81542416
OS 52.59310792 90.80554864
OS 52.57582576 90.79485016
OS 52.5750028 90.79485016
OS 52.57417984 90.79320424
OS 52.57171096 90.79155832
OS 52.56841912 90.78908944
OS 52.56101248 90.78250576
OS 52.55113696 90.77263024
OS 52.54043848 90.7611088
OS 52.52974 90.74794144
OS 52.51904152 90.73148224
OS 52.509166 90.71420008
OS 52.509166 90.71337712
OS 52.50834304 90.7117312
OS 52.50752008 90.70926232
OS 52.50587416 90.70514752
OS 52.50422824 90.70020976
OS 52.50175936 90.69444904
OS 52.50011344 90.68786536
OS 52.49846752 90.68045872
OS 52.49599864 90.67140616
OS 52.49435272 90.6623536
OS 52.49023792 90.6417796
OS 52.48776904 90.61873672
OS 52.48694608 90.59322496
OS 52.48694608 90.57347392
OS 52.48776904 90.5635984
OS 52.48776904 90.56112952
OS 52.488592 90.55866064
OS 52.488592 90.5553688
OS 52.48941496 90.54796216
OS 52.49106088 90.53973256
OS 52.49106088 90.5389096
OS 52.49188384 90.53808664
OS 52.4927068 90.53232592
OS 52.49435272 90.52574224
OS 52.49599864 90.5183356
OS 52.49599864 90.51751264
OS 52.4968216 90.51668968
OS 52.49846752 90.51175192
OS 52.50011344 90.50516824
OS 52.50258232 90.49693864
OS 52.75111624 90.49693864
OS 52.75111624 90.66153064
OS 52.90171792 90.66153064
OS 52.90171792 90.3167104
OS 52.38407608 90.3167104
OS 52.38407608 90.31753336
OS 52.38243016 90.32000224
OS 52.38078424 90.32329408
OS 52.37913832 90.32823184
OS 52.37666944 90.33481552
OS 52.3733776 90.34222216
OS 52.37008576 90.35045176
OS 52.36679392 90.35950432
OS 52.36350208 90.36937984
OS 52.35938728 90.38090128
OS 52.35198064 90.40394416
OS 52.34539696 90.42945592
OS 52.33881328 90.4566136
OS 52.33881328 90.45743656
OS 52.33799032 90.45990544
OS 52.33716736 90.46402024
OS 52.3363444 90.468958
OS 52.33552144 90.47636464
OS 52.33387552 90.48377128
OS 52.33305256 90.49282384
OS 52.33140664 90.50352232
OS 52.32976072 90.51504376
OS 52.32893776 90.52738816
OS 52.32729184 90.53973256
OS 52.32646888 90.55372288
OS 52.32482296 90.58334944
OS 52.324 90.61462192
OS 52.324 90.62449744
OS 52.32482296 90.63190408
OS 52.32482296 90.64013368
OS 52.32564592 90.65083216
OS 52.32646888 90.6623536
OS 52.3281148 90.674698
OS 52.32976072 90.68868832
OS 52.33140664 90.70267864
OS 52.33716736 90.73312816
OS 52.344574 90.76440064
OS 52.35444952 90.79567312
OS 52.35444952 90.79649608
OS 52.35609544 90.79896496
OS 52.35774136 90.80307976
OS 52.36021024 90.80884048
OS 52.36350208 90.81624712
OS 52.36761688 90.82447672
OS 52.37255464 90.83352928
OS 52.3774924 90.8434048
OS 52.39065976 90.86480176
OS 52.40711896 90.88784464
OS 52.42604704 90.91088752
OS 52.447444 90.93310744
OS 52.44826696 90.9339304
OS 52.44991288 90.93557632
OS 52.45402768 90.9380452
OS 52.45814248 90.94216
OS 52.46472616 90.94709776
OS 52.4721328 90.95203552
OS 52.4803624 90.9586192
OS 52.48941496 90.96437992
OS 52.50011344 90.97178656
OS 52.51163488 90.97837024
OS 52.52397928 90.98577688
OS 52.5379696 90.99318352
OS 52.55195992 90.9997672
OS 52.56759616 91.00635088
OS 52.5996916 91.01869528
OS 52.60051456 91.01869528
OS 52.6038064 91.0203412
OS 52.60874416 91.02116416
OS 52.6161508 91.02363304
OS 52.6243804 91.02527896
OS 52.63507888 91.02774784
OS 52.64660032 91.03103968
OS 52.66059064 91.03350856
OS 52.67540392 91.03597744
OS 52.69186312 91.03926928
OS 52.70914528 91.04173816
OS 52.7272504 91.04338408
OS 52.74700144 91.04585296
OS 52.76757544 91.04667592
OS 52.7889724 91.04832184
OS 52.81119232 91.04832184
OS 52.81283824 91.04832184
OS 52.81695304 91.04832184
OS 52.82271376 91.04832184
OS 52.83176632 91.04749888
OS 52.8424648 91.04749888
OS 52.8548092 91.04667592
OS 52.86879952 91.04585296
OS 52.8836128 91.04420704
OS 52.900072 91.04256112
OS 52.91735416 91.0409152
OS 52.9535644 91.03515448
OS 52.9905976 91.02774784
OS 53.0276308 91.01704936
OS 53.02845376 91.01704936
OS 53.0317456 91.01540344
OS 53.03668336 91.01375752
OS 53.04409 91.01128864
OS 53.0523196 91.0079968
OS 53.06137216 91.003882
OS 53.07207064 90.99894424
OS 53.08441504 90.99400648
OS 53.1099268 90.98083912
OS 53.13708448 90.96520288
OS 53.16424216 90.94709776
OS 53.18975392 90.9257008
OS 53.19057688 90.92487784
OS 53.19304576 90.92323192
OS 53.1963376 90.91911712
OS 53.2004524 90.91500232
OS 53.20621312 90.9092416
OS 53.2127968 90.90183496
OS 53.21938048 90.89360536
OS 53.22761008 90.8845528
OS 53.23583968 90.87385432
OS 53.24406928 90.86315584
OS 53.25229888 90.85081144
OS 53.26052848 90.83764408
OS 53.27698768 90.80884048
OS 53.290978 90.777568
OS 53.29180096 90.77674504
OS 53.29262392 90.7734532
OS 53.29426984 90.76851544
OS 53.29673872 90.76193176
OS 53.2992076 90.75370216
OS 53.30249944 90.74382664
OS 53.30579128 90.7323052
OS 53.30908312 90.71913784
OS 53.31237496 90.70514752
OS 53.31484384 90.68951128
OS 53.31813568 90.67305208
OS 53.32060456 90.65576992
OS 53.32307344 90.63684184
OS 53.32471936 90.61791376
OS 53.32636528 90.59733976
OS 53.32636528 90.5594836
OS 53.32554232 90.55207696
OE
OB 53.15848144 89.86902016 H
OS 53.15848144 89.96448352
OS 52.80378568 89.96448352
OS 52.80378568 89.85502984
OS 52.80460864 89.84597728
OS 52.8054316 89.83445584
OS 52.80707752 89.82211144
OS 52.80872344 89.80729816
OS 52.81201528 89.79330784
OS 52.81613008 89.77931752
OS 52.81613008 89.77849456
OS 52.81695304 89.7776716
OS 52.81859896 89.7735568
OS 52.8218908 89.76615016
OS 52.8260056 89.75792056
OS 52.83094336 89.748868
OS 52.83752704 89.73816952
OS 52.84493368 89.728294
OS 52.85316328 89.71841848
OS 52.85398624 89.71759552
OS 52.85727808 89.71430368
OS 52.8630388 89.70936592
OS 52.86962248 89.7036052
OS 52.87867504 89.69784448
OS 52.88855056 89.6912608
OS 52.89924904 89.68550008
OS 52.91159344 89.67973936
OS 52.91323936 89.6789164
OS 52.91735416 89.67727048
OS 52.9247608 89.67562456
OS 52.93381336 89.67315568
OS 52.9453348 89.6706868
OS 52.95850216 89.66821792
OS 52.97249248 89.66739496
OS 52.98812872 89.666572
OS 52.98895168 89.666572
OS 52.98977464 89.666572
OS 52.9947124 89.666572
OS 53.00211904 89.66739496
OS 53.0111716 89.66821792
OS 53.02187008 89.66986384
OS 53.03421448 89.67150976
OS 53.04573592 89.6748016
OS 53.05808032 89.6789164
OS 53.05972624 89.67973936
OS 53.06384104 89.68138528
OS 53.06960176 89.68385416
OS 53.0770084 89.68796896
OS 53.085238 89.69372968
OS 53.09429056 89.70031336
OS 53.10334312 89.70772
OS 53.11239568 89.71677256
OS 53.11321864 89.71759552
OS 53.11568752 89.72088736
OS 53.11980232 89.72664808
OS 53.12474008 89.73405472
OS 53.1305008 89.74310728
OS 53.13626152 89.75380576
OS 53.14119928 89.7653272
OS 53.14613704 89.77931752
OS 53.14613704 89.78014048
OS 53.14696 89.78096344
OS 53.14778296 89.7859012
OS 53.15025184 89.7941308
OS 53.15272072 89.80482928
OS 53.15436664 89.81799664
OS 53.15683552 89.83280992
OS 53.15765848 89.85009208
OS 53.15848144 89.86902016
OE
OB 53.13214672 93.1764964 H
OS 52.68116464 93.30487816
OS 52.68116464 93.05058352
OS 53.13214672 93.1764964
OE
SE
S P 0
OB 54.748811 32.2399406 I
OS 54.7619682 32.2390008
OS 54.7760652 32.238061
OS 54.7920418 32.2371212
OS 54.8089582 32.2352416
OS 54.8268144 32.233362
OS 54.8644064 32.2277232
OS 54.9019984 32.219265
OS 54.9386506 32.2089272
OS 54.9395904 32.2089272
OS 54.9433496 32.2070476
OS 54.9480486 32.205168
OS 54.9546272 32.2032884
OS 54.9630854 32.1995292
OS 54.9724834 32.19577
OS 54.9828212 32.1901312
OS 54.9940988 32.1844924
OS 55.0194734 32.1703954
OS 55.0457878 32.153479
OS 55.073042 32.1337432
OS 55.0974768 32.1102482
OS 55.0984166 32.1093084
OS 55.1002962 32.1074288
OS 55.1040554 32.1036696
OS 55.1078146 32.0980308
OS 55.1134534 32.092392
OS 55.1190922 32.0839338
OS 55.1266106 32.0754756
OS 55.1331892 32.0651378
OS 55.1407076 32.0529204
OS 55.1491658 32.040703
OS 55.1566842 32.026606
OS 55.1651424 32.0115692
OS 55.1726608 31.9965324
OS 55.1801792 31.979616
OS 55.1933364 31.9429638
OS 55.1933364 31.942024
OS 55.1942762 31.9382648
OS 55.1961558 31.932626
OS 55.1980354 31.9251076
OS 55.2008548 31.9147698
OS 55.2036742 31.9034922
OS 55.2064936 31.890335
OS 55.209313 31.8743584
OS 55.2121324 31.857442
OS 55.2149518 31.8395858
OS 55.2177712 31.81985
OS 55.2205906 31.7982346
OS 55.2224702 31.7756794
OS 55.2243498 31.7521844
OS 55.2252896 31.7268098
OS 55.2252896 31.7014352
OS 55.2252896 31.6995556
OS 55.2252896 31.6957964
OS 55.2252896 31.6892178
OS 55.2252896 31.6798198
OS 55.2243498 31.6685422
OS 55.22341 31.655385
OS 55.2224702 31.6403482
OS 55.2215304 31.6243716
OS 55.2196508 31.6065154
OS 55.2177712 31.5877194
OS 55.2121324 31.5482478
OS 55.2036742 31.5078364
OS 55.1933364 31.467425
OS 55.1933364 31.4664852
OS 55.1914568 31.462726
OS 55.1895772 31.4570872
OS 55.1876976 31.4495688
OS 55.1839384 31.4411106
OS 55.1792394 31.4307728
OS 55.1745404 31.4185554
OS 55.1689016 31.406338
OS 55.1548046 31.378144
OS 55.1378882 31.3480704
OS 55.1172126 31.3179968
OS 55.0937176 31.288863
OS 55.0927778 31.2879232
OS 55.0908982 31.2860436
OS 55.087139 31.2813446
OS 55.0815002 31.2766456
OS 55.0749216 31.270067
OS 55.0674032 31.2634884
OS 55.0580052 31.2550302
OS 55.0476674 31.246572
OS 55.03545 31.2381138
OS 55.0222928 31.2287158
OS 55.0081958 31.218378
OS 54.993159 31.20898
OS 54.9771824 31.199582
OS 54.9593262 31.1911238
OS 54.94147 31.1817258
OS 54.9217342 31.1742074
OS 54.9207944 31.1742074
OS 54.9170352 31.1723278
OS 54.9113964 31.1704482
OS 54.9029382 31.1676288
OS 54.8926004 31.1648094
OS 54.880383 31.16199
OS 54.866286 31.1582308
OS 54.8512492 31.1544716
OS 54.833393 31.1507124
OS 54.814597 31.1469532
OS 54.7939214 31.1441338
OS 54.7713662 31.1413144
OS 54.7478712 31.138495
OS 54.7234364 31.1366154
OS 54.6980618 31.1356756
OS 54.6708076 31.1347358
OS 54.3898074 31.1347358
OS 54.3898074 32.2408804
OS 54.7384732 32.2408804
OS 54.748811 32.2399406
OE
OB 54.2450782 31.1347358 I
OS 53.9903924 31.1347358
OS 53.6943554 31.7944754
OS 53.6342082 31.9363852
OS 53.6342082 31.4777628
OS 53.6342082 31.1347358
OS 53.4443686 31.1347358
OS 53.4443686 32.2408804
OS 53.6999942 32.2408804
OS 54.00167 31.5764418
OS 54.0552386 31.4467494
OS 54.0552386 31.9345056
OS 54.0552386 32.2408804
OS 54.2450782 32.2408804
OS 54.2450782 31.1347358
OE
OB 53.0176994 32.2587366 I
OS 53.0261576 32.2587366
OS 53.0364954 32.2577968
OS 53.0590506 32.256857
OS 53.0844252 32.2540376
OS 53.1107396 32.2512182
OS 53.1379938 32.2465192
OS 53.1389336 32.2465192
OS 53.1408132 32.2455794
OS 53.1455122 32.2455794
OS 53.1502112 32.2436998
OS 53.1567898 32.24276
OS 53.1643082 32.2408804
OS 53.1737062 32.2390008
OS 53.1831042 32.2371212
OS 53.2047196 32.2324222
OS 53.2291544 32.2267834
OS 53.2554688 32.219265
OS 53.282723 32.2117466
OS 53.282723 32.0059304
OS 53.2817832 32.0059304
OS 53.2799036 32.0068702
OS 53.2761444 32.0087498
OS 53.2714454 32.0106294
OS 53.2658066 32.0134488
OS 53.259228 32.0162682
OS 53.2507698 32.0190876
OS 53.2413718 32.0228468
OS 53.2206962 32.0303652
OS 53.1972012 32.0388234
OS 53.1718266 32.0463418
OS 53.1436326 32.0538602
OS 53.1426928 32.0538602
OS 53.1398734 32.0548
OS 53.1361142 32.0557398
OS 53.1304754 32.0566796
OS 53.1238968 32.0585592
OS 53.1154386 32.0604388
OS 53.1069804 32.0623184
OS 53.0966426 32.064198
OS 53.0731476 32.0670174
OS 53.047773 32.0707766
OS 53.0205188 32.0726562
OS 52.991385 32.073596
OS 52.9782278 32.073596
OS 52.9716492 32.0726562
OS 52.963191 32.0726562
OS 52.9547328 32.0717164
OS 52.9453348 32.0698368
OS 52.9237194 32.0670174
OS 52.9002244 32.0623184
OS 52.8767294 32.0557398
OS 52.8532344 32.0463418
OS 52.8522946 32.0463418
OS 52.850415 32.045402
OS 52.8475956 32.0435224
OS 52.8438364 32.0416428
OS 52.8325588 32.0350642
OS 52.8184618 32.026606
OS 52.8024852 32.0153284
OS 52.7865086 32.0021712
OS 52.7695922 31.9861946
OS 52.7536156 31.9683384
OS 52.7536156 31.9673986
OS 52.751736 31.9664588
OS 52.7498564 31.9636394
OS 52.747037 31.9598802
OS 52.7442176 31.9542414
OS 52.7404584 31.9486026
OS 52.7310604 31.9345056
OS 52.7216624 31.9166494
OS 52.7113246 31.895034
OS 52.7019266 31.871539
OS 52.6934684 31.8452246
OS 52.6934684 31.8442848
OS 52.6925286 31.8424052
OS 52.6915888 31.8377062
OS 52.690649 31.8320674
OS 52.6887694 31.8254888
OS 52.6868898 31.8179704
OS 52.6850102 31.8085724
OS 52.6831306 31.7972948
OS 52.681251 31.7860172
OS 52.6793714 31.7737998
OS 52.6756122 31.7456058
OS 52.6737326 31.7145924
OS 52.6727928 31.6816994
OS 52.6727928 31.6807596
OS 52.6727928 31.6779402
OS 52.6727928 31.6732412
OS 52.6727928 31.6666626
OS 52.6737326 31.6591442
OS 52.6737326 31.6497462
OS 52.6737326 31.6403482
OS 52.6746724 31.6290706
OS 52.676552 31.603696
OS 52.6793714 31.5773816
OS 52.6831306 31.5501274
OS 52.6887694 31.5228732
OS 52.6887694 31.5219334
OS 52.6897092 31.5200538
OS 52.690649 31.5162946
OS 52.6915888 31.5106558
OS 52.6934684 31.505017
OS 52.695348 31.4984384
OS 52.7009868 31.481522
OS 52.7085052 31.462726
OS 52.7169634 31.4420504
OS 52.728241 31.4223146
OS 52.7404584 31.4025788
OS 52.7404584 31.401639
OS 52.742338 31.4006992
OS 52.7442176 31.3978798
OS 52.747037 31.3941206
OS 52.7545554 31.3856624
OS 52.765833 31.3743848
OS 52.7789902 31.3621674
OS 52.794027 31.34995
OS 52.812823 31.3377326
OS 52.8325588 31.326455
OS 52.8334986 31.326455
OS 52.8353782 31.3255152
OS 52.8381976 31.3245754
OS 52.8428966 31.3226958
OS 52.8485354 31.3208162
OS 52.855114 31.3179968
OS 52.8626324 31.3161172
OS 52.8710906 31.3142376
OS 52.8814284 31.3114182
OS 52.8917662 31.3095386
OS 52.9152612 31.3048396
OS 52.9415756 31.3020202
OS 52.9707094 31.3010804
OS 52.9932646 31.3010804
OS 53.0045422 31.3020202
OS 53.0073616 31.3020202
OS 53.010181 31.30296
OS 53.0139402 31.30296
OS 53.0223984 31.3038998
OS 53.0317964 31.3057794
OS 53.0327362 31.3057794
OS 53.033676 31.3067192
OS 53.0402546 31.307659
OS 53.047773 31.3095386
OS 53.0562312 31.3114182
OS 53.057171 31.3114182
OS 53.0581108 31.312358
OS 53.0637496 31.3142376
OS 53.071268 31.3161172
OS 53.080666 31.3189366
OS 53.080666 31.6027562
OS 52.892706 31.6027562
OS 52.892706 31.7747396
OS 53.2864822 31.7747396
OS 53.2864822 31.1836054
OS 53.2855424 31.1836054
OS 53.282723 31.1817258
OS 53.2789638 31.1798462
OS 53.273325 31.1779666
OS 53.2658066 31.1751472
OS 53.2573484 31.171388
OS 53.2479504 31.1676288
OS 53.2376126 31.1638696
OS 53.226335 31.1601104
OS 53.2131778 31.1554114
OS 53.1868634 31.1469532
OS 53.1577296 31.1394348
OS 53.1267162 31.1319164
OS 53.1257764 31.1319164
OS 53.122957 31.1309766
OS 53.118258 31.1300368
OS 53.1126192 31.129097
OS 53.104161 31.1281572
OS 53.0957028 31.1262776
OS 53.085365 31.1253378
OS 53.0731476 31.1234582
OS 53.0599904 31.1215786
OS 53.0458934 31.1206388
OS 53.0317964 31.1187592
OS 53.0158198 31.1178194
OS 52.981987 31.1159398
OS 52.9462746 31.115
OS 52.934997 31.115
OS 52.9265388 31.1159398
OS 52.9171408 31.1159398
OS 52.9049234 31.1168796
OS 52.8917662 31.1178194
OS 52.8776692 31.119699
OS 52.8616926 31.1215786
OS 52.845716 31.1234582
OS 52.8109434 31.1300368
OS 52.775231 31.138495
OS 52.7395186 31.1497726
OS 52.7385788 31.1497726
OS 52.7357594 31.1516522
OS 52.7310604 31.1535318
OS 52.7244818 31.1563512
OS 52.7160236 31.1601104
OS 52.7066256 31.1648094
OS 52.6962878 31.1704482
OS 52.6850102 31.176087
OS 52.6605754 31.1911238
OS 52.634261 31.2099198
OS 52.6079466 31.2315352
OS 52.582572 31.25597
OS 52.5816322 31.2569098
OS 52.5797526 31.2587894
OS 52.5769332 31.2634884
OS 52.5722342 31.2681874
OS 52.5665954 31.2757058
OS 52.5609566 31.284164
OS 52.5534382 31.293562
OS 52.5468596 31.3038998
OS 52.5384014 31.3161172
OS 52.530883 31.3292744
OS 52.5224248 31.3433714
OS 52.5139666 31.359348
OS 52.5064482 31.3753246
OS 52.4989298 31.3931808
OS 52.4848328 31.429833
OS 52.4848328 31.4307728
OS 52.4829532 31.434532
OS 52.4820134 31.4401708
OS 52.479194 31.448629
OS 52.4773144 31.458027
OS 52.474495 31.4702444
OS 52.4707358 31.4834016
OS 52.4679164 31.4993782
OS 52.465097 31.5162946
OS 52.4613378 31.5350906
OS 52.4585184 31.5548264
OS 52.4566388 31.575502
OS 52.4538194 31.5980572
OS 52.4528796 31.6215522
OS 52.451 31.645987
OS 52.451 31.6713616
OS 52.451 31.6732412
OS 52.451 31.6779402
OS 52.451 31.6845188
OS 52.4519398 31.6948566
OS 52.4519398 31.707074
OS 52.4528796 31.721171
OS 52.4538194 31.7371476
OS 52.455699 31.754064
OS 52.4575786 31.77286
OS 52.4594582 31.7925958
OS 52.4660368 31.833947
OS 52.474495 31.876238
OS 52.4867124 31.918529
OS 52.4867124 31.9194688
OS 52.488592 31.923228
OS 52.4904716 31.9288668
OS 52.493291 31.937325
OS 52.4970502 31.946723
OS 52.5017492 31.9570608
OS 52.507388 31.9692782
OS 52.5130268 31.9833752
OS 52.5280636 32.012509
OS 52.5459198 32.0435224
OS 52.5665954 32.0745358
OS 52.5910302 32.1036696
OS 52.59197 32.1046094
OS 52.5938496 32.1074288
OS 52.5985486 32.111188
OS 52.6032476 32.115887
OS 52.6098262 32.1224656
OS 52.6182844 32.129984
OS 52.6276824 32.1375024
OS 52.6380202 32.1469004
OS 52.6502376 32.1562984
OS 52.662455 32.1656964
OS 52.676552 32.1750944
OS 52.6915888 32.1844924
OS 52.7244818 32.2032884
OS 52.7601942 32.219265
OS 52.761134 32.2202048
OS 52.7648932 32.2211446
OS 52.770532 32.2230242
OS 52.7780504 32.2258436
OS 52.7874484 32.228663
OS 52.798726 32.2324222
OS 52.8118832 32.2361814
OS 52.82692 32.2399406
OS 52.8428966 32.2436998
OS 52.8607528 32.2465192
OS 52.8795488 32.2502784
OS 52.8992846 32.2530978
OS 52.9209 32.2559172
OS 52.9425154 32.2577968
OS 52.9660104 32.2596764
OS 53.0092412 32.2596764
OS 53.0176994 32.2587366
OE
OB 54.7037006 32.0660776 H
OS 54.598443 32.0660776
OS 54.598443 31.3095386
OS 54.6961822 31.3095386
OS 54.7046404 31.3104784
OS 54.7149782 31.3114182
OS 54.7271956 31.312358
OS 54.7422324 31.3142376
OS 54.758209 31.317057
OS 54.7760652 31.3208162
OS 54.7939214 31.3255152
OS 54.8136572 31.3320938
OS 54.8324532 31.3396122
OS 54.852189 31.3480704
OS 54.870985 31.3584082
OS 54.8888412 31.3706256
OS 54.9057576 31.3847226
OS 54.9217342 31.4006992
OS 54.922674 31.401639
OS 54.9254934 31.4053982
OS 54.9292526 31.4100972
OS 54.9339516 31.4176156
OS 54.9405302 31.4279534
OS 54.9471088 31.4401708
OS 54.9546272 31.4542678
OS 54.9621456 31.4711842
OS 54.9687242 31.4899802
OS 54.9762426 31.5106558
OS 54.9828212 31.5341508
OS 54.9893998 31.5604652
OS 54.9940988 31.5886592
OS 54.997858 31.6187328
OS 55.0006774 31.6516258
OS 55.0016172 31.6873382
OS 55.0016172 31.688278
OS 55.0016172 31.6910974
OS 55.0016172 31.6957964
OS 55.0016172 31.702375
OS 55.0016172 31.7108332
OS 55.0006774 31.7192914
OS 55.0006774 31.7296292
OS 54.9997376 31.7409068
OS 54.997858 31.7662814
OS 54.9950386 31.7925958
OS 54.9912794 31.81985
OS 54.9865804 31.8471042
OS 54.9865804 31.848044
OS 54.9856406 31.8499236
OS 54.9847008 31.8536828
OS 54.983761 31.8593216
OS 54.9818814 31.8649604
OS 54.9800018 31.8724788
OS 54.9753028 31.8884554
OS 54.9687242 31.9072514
OS 54.960266 31.9269872
OS 54.9499282 31.9476628
OS 54.9377108 31.9664588
OS 54.9377108 31.9673986
OS 54.9358312 31.9683384
OS 54.9311322 31.974917
OS 54.9236138 31.9833752
OS 54.913276 31.993713
OS 54.9010586 32.0059304
OS 54.885082 32.0181478
OS 54.8672258 32.0303652
OS 54.8465502 32.040703
OS 54.8456104 32.040703
OS 54.8437308 32.0416428
OS 54.8409114 32.0435224
OS 54.8362124 32.0444622
OS 54.8305736 32.0463418
OS 54.823995 32.0491612
OS 54.8164766 32.0510408
OS 54.8070786 32.0538602
OS 54.7976806 32.0557398
OS 54.786403 32.0576194
OS 54.7619682 32.0623184
OS 54.734714 32.0651378
OS 54.7037006 32.0660776
OE
SE
S P 0
OB 53.607716 56.6521092 I
OS 53.607716 56.6422413
OS 53.6048966 56.6309637
OS 53.6020772 56.6182764
OS 53.5992578 56.6041794
OS 53.593619 56.5914921
OS 53.593619 56.5900824
OS 53.5907996 56.5858533
OS 53.5879802 56.5788048
OS 53.5823414 56.5703466
OS 53.5696541 56.5492011
OS 53.551328 56.5280556
OS 53.5499183 56.5266459
OS 53.5470989 56.5238265
OS 53.5414601 56.5181877
OS 53.5330019 56.5125489
OS 53.5245437 56.5055004
OS 53.5132661 56.4984519
OS 53.4878915 56.4857646
OS 53.4864818 56.4843549
OS 53.4822527 56.4829452
OS 53.4752042 56.4801258
OS 53.4653363 56.4773064
OS 53.4540587 56.474487
OS 53.4399617 56.4716676
OS 53.4258647 56.4688482
OS 53.410358 56.4688482
OS 53.4089483 56.4688482
OS 53.4033095 56.4688482
OS 53.3948513 56.4702579
OS 53.3849834 56.4702579
OS 53.3722961 56.4730773
OS 53.3596088 56.4758967
OS 53.3455118 56.4801258
OS 53.3314148 56.4857646
OS 53.3300051 56.4857646
OS 53.325776 56.488584
OS 53.3187275 56.4914034
OS 53.3102693 56.4970422
OS 53.2905335 56.5097295
OS 53.269388 56.5280556
OS 53.2679783 56.5294653
OS 53.2651589 56.5322847
OS 53.2595201 56.5379235
OS 53.2538813 56.5463817
OS 53.2482425 56.5548399
OS 53.241194 56.5661175
OS 53.2285067 56.5914921
OS 53.2285067 56.5929018
OS 53.2256873 56.5971309
OS 53.2242776 56.6041794
OS 53.2214582 56.6140473
OS 53.2186388 56.6253249
OS 53.2158194 56.6380122
OS 53.2144097 56.6521092
OS 53.213 56.6676159
OS 53.213 56.6746644
OS 53.2144097 56.6831226
OS 53.2144097 56.6929905
OS 53.2172291 56.7042681
OS 53.2200485 56.7169554
OS 53.2228679 56.7310524
OS 53.2285067 56.7451494
OS 53.2285067 56.7465591
OS 53.2313261 56.7507882
OS 53.2341455 56.7578367
OS 53.2383746 56.7662949
OS 53.2510619 56.7860307
OS 53.269388 56.8071762
OS 53.2707977 56.8085859
OS 53.2736171 56.8114053
OS 53.2792559 56.8170441
OS 53.2877141 56.8226829
OS 53.2961723 56.8297314
OS 53.3074499 56.8367799
OS 53.3314148 56.8494672
OS 53.3328245 56.8494672
OS 53.3384633 56.8522866
OS 53.3455118 56.8536963
OS 53.3553797 56.8565157
OS 53.3666573 56.8593351
OS 53.3807543 56.8607448
OS 53.410358 56.8635642
OS 53.4117677 56.8635642
OS 53.4174065 56.8635642
OS 53.4258647 56.8621545
OS 53.4357326 56.8621545
OS 53.4484199 56.8607448
OS 53.4611072 56.8579254
OS 53.4878915 56.8494672
OS 53.4893012 56.8480575
OS 53.4935303 56.8466478
OS 53.5005788 56.8424187
OS 53.509037 56.8381896
OS 53.5301825 56.8255023
OS 53.551328 56.8071762
OS 53.5527377 56.8057665
OS 53.5555571 56.8029471
OS 53.5611959 56.7973083
OS 53.5668347 56.7888501
OS 53.5738832 56.7803919
OS 53.5809317 56.7691143
OS 53.593619 56.7451494
OS 53.5950287 56.7437397
OS 53.5964384 56.7381009
OS 53.5992578 56.7310524
OS 53.6020772 56.7211845
OS 53.6048966 56.7099069
OS 53.6063063 56.6972196
OS 53.6091257 56.6831226
OS 53.6091257 56.6605674
OS 53.607716 56.6521092
OE
OB 53.7571442 57.9645399 I
OS 53.7571442 58.2295635
OS 55.0371518 58.2760836
OS 55.0371518 57.9166101
OS 53.7571442 57.9645399
OE
OB 53.2426037 50.7440565 I
OS 53.2426037 51.1585083
OS 54.9018206 51.6645906
OS 54.9018206 51.3107559
OS 53.9023433 51.0302256
OS 53.5738832 50.9400048
OS 53.9206694 50.8455549
OS 54.9018206 50.567844
OS 54.9018206 50.2351548
OS 53.2426037 50.7440565
OE
OB 54.9286049 52.3370175 I
OS 54.9286049 52.3243302
OS 54.9271952 52.3102332
OS 54.9257855 52.2947265
OS 54.9243758 52.2764004
OS 54.9173273 52.2383385
OS 54.9088691 52.1960475
OS 54.8975915 52.1509371
OS 54.8806751 52.1072364
OS 54.8806751 52.1058267
OS 54.8778557 52.1015976
OS 54.8750363 52.0959588
OS 54.8722169 52.0875006
OS 54.8665781 52.0776327
OS 54.8595296 52.0663551
OS 54.8440229 52.0395708
OS 54.8228774 52.0085574
OS 54.7975028 51.9747246
OS 54.7664894 51.9408918
OS 54.7298372 51.9084687
OS 54.7284275 51.907059
OS 54.7256081 51.9042396
OS 54.7199693 51.9000105
OS 54.7115111 51.8943717
OS 54.7016432 51.8873232
OS 54.6889559 51.8802747
OS 54.6748589 51.8704068
OS 54.6579425 51.8605389
OS 54.6396164 51.850671
OS 54.6198806 51.8408031
OS 54.5987351 51.8295255
OS 54.5747702 51.8182479
OS 54.5493956 51.80838
OS 54.5226113 51.7971024
OS 54.4944173 51.7872345
OS 54.4648136 51.7787763
OS 54.4634039 51.7787763
OS 54.4577651 51.7773666
OS 54.4478972 51.7745472
OS 54.4366196 51.7717278
OS 54.4211129 51.7674987
OS 54.4027868 51.7632696
OS 54.3802316 51.7590405
OS 54.3562667 51.7548114
OS 54.3294824 51.7505823
OS 54.2998787 51.7463532
OS 54.2674556 51.7421241
OS 54.2336228 51.737895
OS 54.1983803 51.7350756
OS 54.1603184 51.7322562
OS 54.1194371 51.7308465
OS 54.0785558 51.7308465
OS 54.0757364 51.7308465
OS 54.0700976 51.7308465
OS 54.05882 51.7308465
OS 54.044723 51.7308465
OS 54.0263969 51.7322562
OS 54.0052514 51.7336659
OS 53.9812865 51.7350756
OS 53.9559119 51.7364853
OS 53.9291276 51.7393047
OS 53.8995239 51.7421241
OS 53.8374971 51.7491726
OS 53.7740606 51.7604502
OS 53.7120338 51.7759569
OS 53.7106241 51.7759569
OS 53.7049853 51.7773666
OS 53.6965271 51.780186
OS 53.6852495 51.7844151
OS 53.6711525 51.7886442
OS 53.6556458 51.794283
OS 53.6373197 51.8013315
OS 53.6175839 51.8097897
OS 53.5752929 51.8281158
OS 53.5301825 51.850671
OS 53.4836624 51.8760456
OS 53.4399617 51.907059
OS 53.438552 51.9084687
OS 53.4357326 51.9112881
OS 53.4286841 51.9155172
OS 53.4216356 51.9225657
OS 53.4117677 51.9310239
OS 53.4018998 51.9408918
OS 53.3892125 51.9521694
OS 53.3765252 51.9648567
OS 53.3638379 51.9789537
OS 53.3497409 51.9944604
OS 53.3215469 52.0311126
OS 53.2947626 52.0705842
OS 53.2707977 52.1156946
OS 53.2707977 52.1171043
OS 53.2679783 52.1213334
OS 53.2651589 52.1283819
OS 53.2623395 52.1368401
OS 53.2581104 52.1495274
OS 53.2524716 52.1622147
OS 53.2468328 52.1791311
OS 53.2426037 52.1974572
OS 53.2369649 52.217193
OS 53.2313261 52.2383385
OS 53.227097 52.2623034
OS 53.2214582 52.2862683
OS 53.2158194 52.3398369
OS 53.213 52.3976346
OS 53.213 52.4103219
OS 53.2144097 52.4201898
OS 53.2144097 52.4328771
OS 53.2158194 52.4469741
OS 53.2172291 52.4624808
OS 53.2186388 52.4808069
OS 53.2242776 52.5188688
OS 53.2327358 52.5611598
OS 53.2454231 52.6062702
OS 53.2609298 52.6499709
OS 53.2609298 52.6513806
OS 53.2637492 52.6556097
OS 53.2665686 52.6612485
OS 53.269388 52.6697067
OS 53.2750268 52.6795746
OS 53.2820753 52.6908522
OS 53.2891238 52.7035395
OS 53.297582 52.7176365
OS 53.3187275 52.7500596
OS 53.3455118 52.7824827
OS 53.3751155 52.8177252
OS 53.4117677 52.8501483
OS 53.4131774 52.851558
OS 53.4159968 52.8543774
OS 53.4230453 52.8586065
OS 53.4300938 52.8642453
OS 53.4413714 52.8712938
OS 53.452649 52.8783423
OS 53.4681557 52.8882102
OS 53.4836624 52.8980781
OS 53.5019885 52.907946
OS 53.5217243 52.9178139
OS 53.5442795 52.9290915
OS 53.5682444 52.9403691
OS 53.5922093 52.950237
OS 53.6189936 52.9615146
OS 53.6471876 52.9699728
OS 53.6767913 52.9798407
OS 53.678201 52.9798407
OS 53.6838398 52.9812504
OS 53.6937077 52.9840698
OS 53.7049853 52.9868892
OS 53.7219017 52.9911183
OS 53.7402278 52.9939377
OS 53.7613733 52.9981668
OS 53.7853382 53.0023959
OS 53.8135322 53.0080347
OS 53.8417262 53.0122638
OS 53.8741493 53.0150832
OS 53.9079821 53.0193123
OS 53.9446343 53.0221317
OS 53.9826962 53.0249511
OS 54.0221678 53.0263608
OS 54.0630491 53.0263608
OS 54.0658685 53.0263608
OS 54.0715073 53.0263608
OS 54.0827849 53.0263608
OS 54.0968819 53.0249511
OS 54.115208 53.0249511
OS 54.1363535 53.0235414
OS 54.1603184 53.0221317
OS 54.185693 53.020722
OS 54.2124773 53.0179026
OS 54.242081 53.0150832
OS 54.3026981 53.0080347
OS 54.3661346 52.9967571
OS 54.4281614 52.9826601
OS 54.4295711 52.9826601
OS 54.4352099 52.9798407
OS 54.4436681 52.978431
OS 54.4549457 52.9742019
OS 54.4690427 52.9699728
OS 54.4859591 52.964334
OS 54.5028755 52.9572855
OS 54.5226113 52.9488273
OS 54.566312 52.9305012
OS 54.6114224 52.9093557
OS 54.6579425 52.8825714
OS 54.7016432 52.8529677
OS 54.7030529 52.851558
OS 54.707282 52.8487386
OS 54.7129208 52.8445095
OS 54.7199693 52.837461
OS 54.7298372 52.8290028
OS 54.7397051 52.8191349
OS 54.7523924 52.8078573
OS 54.7650797 52.7937603
OS 54.777767 52.7796633
OS 54.791864 52.7641566
OS 54.820058 52.7275044
OS 54.8468423 52.6880328
OS 54.8708072 52.6429224
OS 54.8722169 52.6415127
OS 54.8736266 52.6372836
OS 54.876446 52.6302351
OS 54.8806751 52.6203672
OS 54.8849042 52.6090896
OS 54.8891333 52.5949926
OS 54.8947721 52.5780762
OS 54.9004109 52.5597501
OS 54.9060497 52.5400143
OS 54.9116885 52.5188688
OS 54.9159176 52.4949039
OS 54.9201467 52.470939
OS 54.9271952 52.4173704
OS 54.9300146 52.3595727
OS 54.9300146 52.3454757
OS 54.9286049 52.3370175
OE
OB 54.9286049 53.7664533 I
OS 54.9286049 53.753766
OS 54.9271952 53.739669
OS 54.9257855 53.7241623
OS 54.9243758 53.7058362
OS 54.9173273 53.6677743
OS 54.9088691 53.6254833
OS 54.8975915 53.5803729
OS 54.8806751 53.5366722
OS 54.8806751 53.5352625
OS 54.8778557 53.5310334
OS 54.8750363 53.5253946
OS 54.8722169 53.5169364
OS 54.8665781 53.5070685
OS 54.8595296 53.4957909
OS 54.8440229 53.4690066
OS 54.8228774 53.4379932
OS 54.7975028 53.4041604
OS 54.7664894 53.3703276
OS 54.7298372 53.3379045
OS 54.7284275 53.3364948
OS 54.7256081 53.3336754
OS 54.7199693 53.3294463
OS 54.7115111 53.3238075
OS 54.7016432 53.316759
OS 54.6889559 53.3097105
OS 54.6748589 53.2998426
OS 54.6579425 53.2899747
OS 54.6396164 53.2801068
OS 54.6198806 53.2702389
OS 54.5987351 53.2589613
OS 54.5747702 53.2476837
OS 54.5493956 53.2378158
OS 54.5226113 53.2265382
OS 54.4944173 53.2166703
OS 54.4648136 53.2082121
OS 54.4634039 53.2082121
OS 54.4577651 53.2068024
OS 54.4478972 53.203983
OS 54.4366196 53.2011636
OS 54.4211129 53.1969345
OS 54.4027868 53.1927054
OS 54.3802316 53.1884763
OS 54.3562667 53.1842472
OS 54.3294824 53.1800181
OS 54.2998787 53.175789
OS 54.2674556 53.1715599
OS 54.2336228 53.1673308
OS 54.1983803 53.1645114
OS 54.1603184 53.161692
OS 54.1194371 53.1602823
OS 54.0785558 53.1602823
OS 54.0757364 53.1602823
OS 54.0700976 53.1602823
OS 54.05882 53.1602823
OS 54.044723 53.1602823
OS 54.0263969 53.161692
OS 54.0052514 53.1631017
OS 53.9812865 53.1645114
OS 53.9559119 53.1659211
OS 53.9291276 53.1687405
OS 53.8995239 53.1715599
OS 53.8374971 53.1786084
OS 53.7740606 53.189886
OS 53.7120338 53.2053927
OS 53.7106241 53.2053927
OS 53.7049853 53.2068024
OS 53.6965271 53.2096218
OS 53.6852495 53.2138509
OS 53.6711525 53.21808
OS 53.6556458 53.2237188
OS 53.6373197 53.2307673
OS 53.6175839 53.2392255
OS 53.5752929 53.2575516
OS 53.5301825 53.2801068
OS 53.4836624 53.3054814
OS 53.4399617 53.3364948
OS 53.438552 53.3379045
OS 53.4357326 53.3407239
OS 53.4286841 53.344953
OS 53.4216356 53.3520015
OS 53.4117677 53.3604597
OS 53.4018998 53.3703276
OS 53.3892125 53.3816052
OS 53.3765252 53.3942925
OS 53.3638379 53.4083895
OS 53.3497409 53.4238962
OS 53.3215469 53.4605484
OS 53.2947626 53.50002
OS 53.2707977 53.5451304
OS 53.2707977 53.5465401
OS 53.2679783 53.5507692
OS 53.2651589 53.5578177
OS 53.2623395 53.5662759
OS 53.2581104 53.5789632
OS 53.2524716 53.5916505
OS 53.2468328 53.6085669
OS 53.2426037 53.626893
OS 53.2369649 53.6466288
OS 53.2313261 53.6677743
OS 53.227097 53.6917392
OS 53.2214582 53.7157041
OS 53.2158194 53.7692727
OS 53.213 53.8270704
OS 53.213 53.8397577
OS 53.2144097 53.8496256
OS 53.2144097 53.8623129
OS 53.2158194 53.8764099
OS 53.2172291 53.8919166
OS 53.2186388 53.9102427
OS 53.2242776 53.9483046
OS 53.2327358 53.9905956
OS 53.2454231 54.035706
OS 53.2609298 54.0794067
OS 53.2609298 54.0808164
OS 53.2637492 54.0850455
OS 53.2665686 54.0906843
OS 53.269388 54.0991425
OS 53.2750268 54.1090104
OS 53.2820753 54.120288
OS 53.2891238 54.1329753
OS 53.297582 54.1470723
OS 53.3187275 54.1794954
OS 53.3455118 54.2119185
OS 53.3751155 54.247161
OS 53.4117677 54.2795841
OS 53.4131774 54.2809938
OS 53.4159968 54.2838132
OS 53.4230453 54.2880423
OS 53.4300938 54.2936811
OS 53.4413714 54.3007296
OS 53.452649 54.3077781
OS 53.4681557 54.317646
OS 53.4836624 54.3275139
OS 53.5019885 54.3373818
OS 53.5217243 54.3472497
OS 53.5442795 54.3585273
OS 53.5682444 54.3698049
OS 53.5922093 54.3796728
OS 53.6189936 54.3909504
OS 53.6471876 54.3994086
OS 53.6767913 54.4092765
OS 53.678201 54.4092765
OS 53.6838398 54.4106862
OS 53.6937077 54.4135056
OS 53.7049853 54.416325
OS 53.7219017 54.4205541
OS 53.7402278 54.4233735
OS 53.7613733 54.4276026
OS 53.7853382 54.4318317
OS 53.8135322 54.4374705
OS 53.8417262 54.4416996
OS 53.8741493 54.444519
OS 53.9079821 54.4487481
OS 53.9446343 54.4515675
OS 53.9826962 54.4543869
OS 54.0221678 54.4557966
OS 54.0630491 54.4557966
OS 54.0658685 54.4557966
OS 54.0715073 54.4557966
OS 54.0827849 54.4557966
OS 54.0968819 54.4543869
OS 54.115208 54.4543869
OS 54.1363535 54.4529772
OS 54.1603184 54.4515675
OS 54.185693 54.4501578
OS 54.2124773 54.4473384
OS 54.242081 54.444519
OS 54.3026981 54.4374705
OS 54.3661346 54.4261929
OS 54.4281614 54.4120959
OS 54.4295711 54.4120959
OS 54.4352099 54.4092765
OS 54.4436681 54.4078668
OS 54.4549457 54.4036377
OS 54.4690427 54.3994086
OS 54.4859591 54.3937698
OS 54.5028755 54.3867213
OS 54.5226113 54.3782631
OS 54.566312 54.359937
OS 54.6114224 54.3387915
OS 54.6579425 54.3120072
OS 54.7016432 54.2824035
OS 54.7030529 54.2809938
OS 54.707282 54.2781744
OS 54.7129208 54.2739453
OS 54.7199693 54.2668968
OS 54.7298372 54.2584386
OS 54.7397051 54.2485707
OS 54.7523924 54.2372931
OS 54.7650797 54.2231961
OS 54.777767 54.2090991
OS 54.791864 54.1935924
OS 54.820058 54.1569402
OS 54.8468423 54.1174686
OS 54.8708072 54.0723582
OS 54.8722169 54.0709485
OS 54.8736266 54.0667194
OS 54.876446 54.0596709
OS 54.8806751 54.049803
OS 54.8849042 54.0385254
OS 54.8891333 54.0244284
OS 54.8947721 54.007512
OS 54.9004109 53.9891859
OS 54.9060497 53.9694501
OS 54.9116885 53.9483046
OS 54.9159176 53.9243397
OS 54.9201467 53.9003748
OS 54.9271952 53.8468062
OS 54.9300146 53.7890085
OS 54.9300146 53.7749115
OS 54.9286049 53.7664533
OE
OB 54.6100127 54.7659306 I
OS 54.6100127 55.4341284
OS 54.2716847 55.4341284
OS 54.2716847 55.2832905
OS 54.270275 55.2691935
OS 54.270275 55.2536868
OS 54.2688653 55.2381801
OS 54.2660459 55.2001182
OS 54.2618168 55.1592369
OS 54.256178 55.1169459
OS 54.2477198 55.0732452
OS 54.2477198 55.0718355
OS 54.2463101 55.0676064
OS 54.2449004 55.0619676
OS 54.2434907 55.0535094
OS 54.2406713 55.0436415
OS 54.2378519 55.0323639
OS 54.2336228 55.0182669
OS 54.2293937 55.0041699
OS 54.2181161 54.9731565
OS 54.2054288 54.937914
OS 54.1885124 54.9026715
OS 54.1687766 54.8688387
OS 54.1687766 54.867429
OS 54.1659572 54.8646096
OS 54.1631378 54.8603805
OS 54.1589087 54.8547417
OS 54.1462214 54.8378253
OS 54.1278953 54.8180895
OS 54.1067498 54.7955343
OS 54.0799655 54.7715694
OS 54.0503618 54.7490142
OS 54.0151193 54.7278687
OS 54.0137096 54.7278687
OS 54.0108902 54.7250493
OS 54.0052514 54.7222299
OS 53.9982029 54.7194105
OS 53.988335 54.7151814
OS 53.9770574 54.7109523
OS 53.9643701 54.7067232
OS 53.9488634 54.7010844
OS 53.931947 54.6954456
OS 53.9136209 54.6912165
OS 53.8938851 54.6869874
OS 53.8727396 54.6827583
OS 53.8501844 54.6785292
OS 53.8248098 54.6771195
OS 53.7726509 54.6743001
OS 53.7712412 54.6743001
OS 53.7670121 54.6743001
OS 53.7599636 54.6743001
OS 53.7500957 54.6757098
OS 53.7388181 54.6757098
OS 53.7247211 54.6771195
OS 53.7092144 54.6785292
OS 53.692298 54.6813486
OS 53.6556458 54.6883971
OS 53.6161742 54.698265
OS 53.5752929 54.712362
OS 53.5358213 54.7306881
OS 53.5344116 54.7306881
OS 53.5315922 54.7335075
OS 53.5259534 54.7363269
OS 53.5189049 54.740556
OS 53.5104467 54.7461948
OS 53.4991691 54.7532433
OS 53.4752042 54.7715694
OS 53.4484199 54.7927149
OS 53.4188162 54.8194992
OS 53.3892125 54.8505126
OS 53.3610185 54.8857551
OS 53.3596088 54.8871648
OS 53.3581991 54.8899842
OS 53.35397 54.895623
OS 53.3497409 54.9026715
OS 53.3441021 54.9125394
OS 53.3370536 54.923817
OS 53.3300051 54.9365043
OS 53.3215469 54.952011
OS 53.3130887 54.9689274
OS 53.3046305 54.9858438
OS 53.2863044 55.0267251
OS 53.269388 55.0704258
OS 53.2538813 55.1197653
OS 53.2538813 55.121175
OS 53.2524716 55.1254041
OS 53.2510619 55.1324526
OS 53.2482425 55.1437302
OS 53.2454231 55.1550078
OS 53.2426037 55.1705145
OS 53.2383746 55.1874309
OS 53.2355552 55.205757
OS 53.2327358 55.2269025
OS 53.2285067 55.2494577
OS 53.2256873 55.2734226
OS 53.2228679 55.2987972
OS 53.2186388 55.3537755
OS 53.2172291 55.4115732
OS 53.2172291 55.4369478
OS 53.2186388 55.4496351
OS 53.2186388 55.4637321
OS 53.2200485 55.4961552
OS 53.2200485 55.5032037
OS 53.2214582 55.5130716
OS 53.2214582 55.5243492
OS 53.2228679 55.5370365
OS 53.2242776 55.5525432
OS 53.227097 55.586376
OS 53.227097 55.5877857
OS 53.2285067 55.5934245
OS 53.2285067 55.6032924
OS 53.2299164 55.61457
OS 53.2313261 55.6272573
OS 53.2327358 55.642764
OS 53.2369649 55.6751871
OS 53.2369649 55.6765968
OS 53.2383746 55.6822356
OS 53.2397843 55.6906938
OS 53.241194 55.7005617
OS 53.2426037 55.713249
OS 53.2440134 55.7259363
OS 53.2482425 55.7541303
OS 53.5189049 55.7541303
OS 53.5189049 55.7527206
OS 53.5174952 55.7513109
OS 53.5174952 55.7470818
OS 53.5160855 55.741443
OS 53.5118564 55.7259363
OS 53.509037 55.7062005
OS 53.5033982 55.6822356
OS 53.4991691 55.6540416
OS 53.4935303 55.6230282
OS 53.4893012 55.5891954
OS 53.4893012 55.5849663
OS 53.4878915 55.5793275
OS 53.4878915 55.572279
OS 53.4864818 55.5638208
OS 53.4864818 55.5539529
OS 53.4850721 55.5426753
OS 53.4850721 55.529988
OS 53.4822527 55.5003843
OS 53.480843 55.4679612
OS 53.4794333 55.4327187
OS 53.4794333 55.3777404
OS 53.480843 55.3650531
OS 53.4822527 55.3481367
OS 53.4836624 55.3312203
OS 53.4850721 55.3100748
OS 53.4878915 55.2889293
OS 53.4963497 55.2409995
OS 53.5104467 55.1930697
OS 53.5174952 55.1691048
OS 53.5273631 55.1465496
OS 53.5386407 55.1254041
OS 53.551328 55.1056683
OS 53.5527377 55.1042586
OS 53.5541474 55.1014392
OS 53.5583765 55.0958004
OS 53.565425 55.0901616
OS 53.5724735 55.0831131
OS 53.5809317 55.0746549
OS 53.5922093 55.064787
OS 53.6048966 55.0549191
OS 53.6175839 55.0464609
OS 53.6330906 55.036593
OS 53.650007 55.0281348
OS 53.6683331 55.0210863
OS 53.6880689 55.0154475
OS 53.7078047 55.0098087
OS 53.7303599 55.0069893
OS 53.7543248 55.0055796
OS 53.7557345 55.0055796
OS 53.7599636 55.0055796
OS 53.7670121 55.0055796
OS 53.77688 55.0069893
OS 53.7867479 55.008399
OS 53.8008449 55.0098087
OS 53.8290389 55.0168572
OS 53.861462 55.0281348
OS 53.8783784 55.0351833
OS 53.8952948 55.0450512
OS 53.9108015 55.0549191
OS 53.9263082 55.0676064
OS 53.9404052 55.0817034
OS 53.9530925 55.0986198
OS 53.9545022 55.1000295
OS 53.9559119 55.1028489
OS 53.9587313 55.1084877
OS 53.9629604 55.1169459
OS 53.9685992 55.1268138
OS 53.974238 55.1395011
OS 53.9798768 55.1535981
OS 53.9869253 55.1705145
OS 53.9925641 55.1902503
OS 53.9982029 55.2128055
OS 54.0038417 55.2367704
OS 54.0094805 55.2649644
OS 54.0137096 55.2945681
OS 54.016529 55.3269912
OS 54.0193484 55.360824
OS 54.0193484 55.7231169
OS 54.9018206 55.7231169
OS 54.9018206 54.7659306
OS 54.6100127 54.7659306
OE
OB 53.7571442 56.5351041 I
OS 53.7571442 56.8001277
OS 55.0371518 56.8466478
OS 55.0371518 56.4871743
OS 53.7571442 56.5351041
OE
OB 53.2426037 47.4340809 I
OS 53.2426037 47.7089724
OS 54.1800542 47.7399858
OS 54.5550344 47.7512634
OS 54.3012884 47.8316163
OS 53.7359987 48.016287
OS 53.7359987 48.2108256
OS 54.3012884 48.3771702
OS 54.5550344 48.4476552
OS 54.1871027 48.4561134
OS 53.2426037 48.4843074
OS 53.2426037 48.749331
OS 54.9018206 48.6675684
OS 54.9018206 48.3151434
OS 54.4295711 48.1699443
OS 54.1631378 48.0994593
OS 54.4140644 48.0289743
OS 54.9018206 47.875317
OS 54.9018206 47.5158435
OS 53.2426037 47.4340809
OE
OB 53.7571442 42.2407461 I
OS 53.7571442 42.5057697
OS 55.0371518 42.5522898
OS 55.0371518 42.1928163
OS 53.7571442 42.2407461
OE
OB 53.607716 43.787187 I
OS 53.607716 43.7773191
OS 53.6048966 43.7660415
OS 53.6020772 43.7533542
OS 53.5992578 43.7392572
OS 53.593619 43.7265699
OS 53.593619 43.7251602
OS 53.5907996 43.7209311
OS 53.5879802 43.7138826
OS 53.5823414 43.7054244
OS 53.5696541 43.6842789
OS 53.551328 43.6631334
OS 53.5499183 43.6617237
OS 53.5470989 43.6589043
OS 53.5414601 43.6532655
OS 53.5330019 43.6476267
OS 53.5245437 43.6405782
OS 53.5132661 43.6335297
OS 53.4878915 43.6208424
OS 53.4864818 43.6194327
OS 53.4822527 43.618023
OS 53.4752042 43.6152036
OS 53.4653363 43.6123842
OS 53.4540587 43.6095648
OS 53.4399617 43.6067454
OS 53.4258647 43.603926
OS 53.410358 43.603926
OS 53.4089483 43.603926
OS 53.4033095 43.603926
OS 53.3948513 43.6053357
OS 53.3849834 43.6053357
OS 53.3722961 43.6081551
OS 53.3596088 43.6109745
OS 53.3455118 43.6152036
OS 53.3314148 43.6208424
OS 53.3300051 43.6208424
OS 53.325776 43.6236618
OS 53.3187275 43.6264812
OS 53.3102693 43.63212
OS 53.2905335 43.6448073
OS 53.269388 43.6631334
OS 53.2679783 43.6645431
OS 53.2651589 43.6673625
OS 53.2595201 43.6730013
OS 53.2538813 43.6814595
OS 53.2482425 43.6899177
OS 53.241194 43.7011953
OS 53.2285067 43.7265699
OS 53.2285067 43.7279796
OS 53.2256873 43.7322087
OS 53.2242776 43.7392572
OS 53.2214582 43.7491251
OS 53.2186388 43.7604027
OS 53.2158194 43.77309
OS 53.2144097 43.787187
OS 53.213 43.8026937
OS 53.213 43.8097422
OS 53.2144097 43.8182004
OS 53.2144097 43.8280683
OS 53.2172291 43.8393459
OS 53.2200485 43.8520332
OS 53.2228679 43.8661302
OS 53.2285067 43.8802272
OS 53.2285067 43.8816369
OS 53.2313261 43.885866
OS 53.2341455 43.8929145
OS 53.2383746 43.9013727
OS 53.2510619 43.9211085
OS 53.269388 43.942254
OS 53.2707977 43.9436637
OS 53.2736171 43.9464831
OS 53.2792559 43.9521219
OS 53.2877141 43.9577607
OS 53.2961723 43.9648092
OS 53.3074499 43.9718577
OS 53.3314148 43.984545
OS 53.3328245 43.984545
OS 53.3384633 43.9873644
OS 53.3455118 43.9887741
OS 53.3553797 43.9915935
OS 53.3666573 43.9944129
OS 53.3807543 43.9958226
OS 53.410358 43.998642
OS 53.4117677 43.998642
OS 53.4174065 43.998642
OS 53.4258647 43.9972323
OS 53.4357326 43.9972323
OS 53.4484199 43.9958226
OS 53.4611072 43.9930032
OS 53.4878915 43.984545
OS 53.4893012 43.9831353
OS 53.4935303 43.9817256
OS 53.5005788 43.9774965
OS 53.509037 43.9732674
OS 53.5301825 43.9605801
OS 53.551328 43.942254
OS 53.5527377 43.9408443
OS 53.5555571 43.9380249
OS 53.5611959 43.9323861
OS 53.5668347 43.9239279
OS 53.5738832 43.9154697
OS 53.5809317 43.9041921
OS 53.593619 43.8802272
OS 53.5950287 43.8788175
OS 53.5964384 43.8731787
OS 53.5992578 43.8661302
OS 53.6020772 43.8562623
OS 53.6048966 43.8449847
OS 53.6063063 43.8322974
OS 53.6091257 43.8182004
OS 53.6091257 43.7956452
OS 53.607716 43.787187
OE
OB 53.7571442 43.6701819 I
OS 53.7571442 43.9352055
OS 55.0371518 43.9817256
OS 55.0371518 43.6222521
OS 53.7571442 43.6701819
OE
OB 53.607716 42.3577512 I
OS 53.607716 42.3478833
OS 53.6048966 42.3366057
OS 53.6020772 42.3239184
OS 53.5992578 42.3098214
OS 53.593619 42.2971341
OS 53.593619 42.2957244
OS 53.5907996 42.2914953
OS 53.5879802 42.2844468
OS 53.5823414 42.2759886
OS 53.5696541 42.2548431
OS 53.551328 42.2336976
OS 53.5499183 42.2322879
OS 53.5470989 42.2294685
OS 53.5414601 42.2238297
OS 53.5330019 42.2181909
OS 53.5245437 42.2111424
OS 53.5132661 42.2040939
OS 53.4878915 42.1914066
OS 53.4864818 42.1899969
OS 53.4822527 42.1885872
OS 53.4752042 42.1857678
OS 53.4653363 42.1829484
OS 53.4540587 42.180129
OS 53.4399617 42.1773096
OS 53.4258647 42.1744902
OS 53.410358 42.1744902
OS 53.4089483 42.1744902
OS 53.4033095 42.1744902
OS 53.3948513 42.1758999
OS 53.3849834 42.1758999
OS 53.3722961 42.1787193
OS 53.3596088 42.1815387
OS 53.3455118 42.1857678
OS 53.3314148 42.1914066
OS 53.3300051 42.1914066
OS 53.325776 42.194226
OS 53.3187275 42.1970454
OS 53.3102693 42.2026842
OS 53.2905335 42.2153715
OS 53.269388 42.2336976
OS 53.2679783 42.2351073
OS 53.2651589 42.2379267
OS 53.2595201 42.2435655
OS 53.2538813 42.2520237
OS 53.2482425 42.2604819
OS 53.241194 42.2717595
OS 53.2285067 42.2971341
OS 53.2285067 42.2985438
OS 53.2256873 42.3027729
OS 53.2242776 42.3098214
OS 53.2214582 42.3196893
OS 53.2186388 42.3309669
OS 53.2158194 42.3436542
OS 53.2144097 42.3577512
OS 53.213 42.3732579
OS 53.213 42.3803064
OS 53.2144097 42.3887646
OS 53.2144097 42.3986325
OS 53.2172291 42.4099101
OS 53.2200485 42.4225974
OS 53.2228679 42.4366944
OS 53.2285067 42.4507914
OS 53.2285067 42.4522011
OS 53.2313261 42.4564302
OS 53.2341455 42.4634787
OS 53.2383746 42.4719369
OS 53.2510619 42.4916727
OS 53.269388 42.5128182
OS 53.2707977 42.5142279
OS 53.2736171 42.5170473
OS 53.2792559 42.5226861
OS 53.2877141 42.5283249
OS 53.2961723 42.5353734
OS 53.3074499 42.5424219
OS 53.3314148 42.5551092
OS 53.3328245 42.5551092
OS 53.3384633 42.5579286
OS 53.3455118 42.5593383
OS 53.3553797 42.5621577
OS 53.3666573 42.5649771
OS 53.3807543 42.5663868
OS 53.410358 42.5692062
OS 53.4117677 42.5692062
OS 53.4174065 42.5692062
OS 53.4258647 42.5677965
OS 53.4357326 42.5677965
OS 53.4484199 42.5663868
OS 53.4611072 42.5635674
OS 53.4878915 42.5551092
OS 53.4893012 42.5536995
OS 53.4935303 42.5522898
OS 53.5005788 42.5480607
OS 53.509037 42.5438316
OS 53.5301825 42.5311443
OS 53.551328 42.5128182
OS 53.5527377 42.5114085
OS 53.5555571 42.5085891
OS 53.5611959 42.5029503
OS 53.5668347 42.4944921
OS 53.5738832 42.4860339
OS 53.5809317 42.4747563
OS 53.593619 42.4507914
OS 53.5950287 42.4493817
OS 53.5964384 42.4437429
OS 53.5992578 42.4366944
OS 53.6020772 42.4268265
OS 53.6048966 42.4155489
OS 53.6063063 42.4028616
OS 53.6091257 42.3887646
OS 53.6091257 42.3662094
OS 53.607716 42.3577512
OE
OB 53.2426037 45.9510765 I
OS 53.2426037 46.296453
OS 53.5696541 46.3880835
OS 53.5696541 46.9688799
OS 53.2426037 47.0619201
OS 53.2426037 47.3720541
OS 54.9018206 46.8800688
OS 54.9018206 46.4430618
OS 53.2426037 45.9510765
OE
OB 53.607716 58.081545 I
OS 53.607716 58.0716771
OS 53.6048966 58.0603995
OS 53.6020772 58.0477122
OS 53.5992578 58.0336152
OS 53.593619 58.0209279
OS 53.593619 58.0195182
OS 53.5907996 58.0152891
OS 53.5879802 58.0082406
OS 53.5823414 57.9997824
OS 53.5696541 57.9786369
OS 53.551328 57.9574914
OS 53.5499183 57.9560817
OS 53.5470989 57.9532623
OS 53.5414601 57.9476235
OS 53.5330019 57.9419847
OS 53.5245437 57.9349362
OS 53.5132661 57.9278877
OS 53.4878915 57.9152004
OS 53.4864818 57.9137907
OS 53.4822527 57.912381
OS 53.4752042 57.9095616
OS 53.4653363 57.9067422
OS 53.4540587 57.9039228
OS 53.4399617 57.9011034
OS 53.4258647 57.898284
OS 53.410358 57.898284
OS 53.4089483 57.898284
OS 53.4033095 57.898284
OS 53.3948513 57.8996937
OS 53.3849834 57.8996937
OS 53.3722961 57.9025131
OS 53.3596088 57.9053325
OS 53.3455118 57.9095616
OS 53.3314148 57.9152004
OS 53.3300051 57.9152004
OS 53.325776 57.9180198
OS 53.3187275 57.9208392
OS 53.3102693 57.926478
OS 53.2905335 57.9391653
OS 53.269388 57.9574914
OS 53.2679783 57.9589011
OS 53.2651589 57.9617205
OS 53.2595201 57.9673593
OS 53.2538813 57.9758175
OS 53.2482425 57.9842757
OS 53.241194 57.9955533
OS 53.2285067 58.0209279
OS 53.2285067 58.0223376
OS 53.2256873 58.0265667
OS 53.2242776 58.0336152
OS 53.2214582 58.0434831
OS 53.2186388 58.0547607
OS 53.2158194 58.067448
OS 53.2144097 58.081545
OS 53.213 58.0970517
OS 53.213 58.1041002
OS 53.2144097 58.1125584
OS 53.2144097 58.1224263
OS 53.2172291 58.1337039
OS 53.2200485 58.1463912
OS 53.2228679 58.1604882
OS 53.2285067 58.1745852
OS 53.2285067 58.1759949
OS 53.2313261 58.180224
OS 53.2341455 58.1872725
OS 53.2383746 58.1957307
OS 53.2510619 58.2154665
OS 53.269388 58.236612
OS 53.2707977 58.2380217
OS 53.2736171 58.2408411
OS 53.2792559 58.2464799
OS 53.2877141 58.2521187
OS 53.2961723 58.2591672
OS 53.3074499 58.2662157
OS 53.3314148 58.278903
OS 53.3328245 58.278903
OS 53.3384633 58.2817224
OS 53.3455118 58.2831321
OS 53.3553797 58.2859515
OS 53.3666573 58.2887709
OS 53.3807543 58.2901806
OS 53.410358 58.293
OS 53.4117677 58.293
OS 53.4174065 58.293
OS 53.4258647 58.2915903
OS 53.4357326 58.2915903
OS 53.4484199 58.2901806
OS 53.4611072 58.2873612
OS 53.4878915 58.278903
OS 53.4893012 58.2774933
OS 53.4935303 58.2760836
OS 53.5005788 58.2718545
OS 53.509037 58.2676254
OS 53.5301825 58.2549381
OS 53.551328 58.236612
OS 53.5527377 58.2352023
OS 53.5555571 58.2323829
OS 53.5611959 58.2267441
OS 53.5668347 58.2182859
OS 53.5738832 58.2098277
OS 53.5809317 58.1985501
OS 53.593619 58.1745852
OS 53.5950287 58.1731755
OS 53.5964384 58.1675367
OS 53.5992578 58.1604882
OS 53.6020772 58.1506203
OS 53.6048966 58.1393427
OS 53.6063063 58.1266554
OS 53.6091257 58.1125584
OS 53.6091257 58.0900032
OS 53.607716 58.081545
OE
OB 54.1025207 45.0516879 I
OS 53.2426037 44.5272795
OS 53.2426037 44.9248149
OS 53.8530038 45.2448168
OS 53.2426037 45.5591799
OS 53.2426037 45.9369795
OS 54.0940625 45.4280778
OS 54.9018206 45.9045564
OS 54.9018206 45.5380344
OS 54.3252533 45.2363586
OS 54.9018206 44.9459604
OS 54.9018206 44.5780287
OS 54.1025207 45.0516879
OE
OB 54.6776783 52.3609824 H
OS 54.6776783 52.3905861
OS 54.6762686 52.4046831
OS 54.6734492 52.4215995
OS 54.6692201 52.442745
OS 54.6621716 52.4653002
OS 54.6537134 52.4878554
OS 54.6410261 52.5118203
OS 54.6396164 52.5146397
OS 54.6339776 52.5216882
OS 54.6255194 52.5329658
OS 54.6128321 52.5470628
OS 54.5973254 52.5639792
OS 54.5789993 52.5823053
OS 54.5564441 52.6006314
OS 54.5296598 52.6175478
OS 54.5282501 52.6175478
OS 54.5268404 52.6189575
OS 54.5226113 52.6217769
OS 54.5155628 52.6245963
OS 54.5085143 52.6288254
OS 54.5000561 52.6330545
OS 54.4901882 52.6372836
OS 54.4775009 52.6429224
OS 54.4507166 52.6542
OS 54.4182935 52.6668873
OS 54.3816413 52.6781649
OS 54.34076 52.6880328
OS 54.3393503 52.6880328
OS 54.3351212 52.6894425
OS 54.3294824 52.6908522
OS 54.3210242 52.6922619
OS 54.3097466 52.6936716
OS 54.2970593 52.696491
OS 54.2815526 52.6979007
OS 54.2646362 52.7007201
OS 54.2463101 52.7035395
OS 54.2251646 52.7049492
OS 54.2040191 52.7077686
OS 54.1800542 52.7091783
OS 54.129305 52.7119977
OS 54.072917 52.7134074
OS 54.0715073 52.7134074
OS 54.0686879 52.7134074
OS 54.0630491 52.7134074
OS 54.0574103 52.7134074
OS 54.0419036 52.7134074
OS 54.0249872 52.7134074
OS 54.0235775 52.7134074
OS 54.0207581 52.7134074
OS 54.016529 52.7134074
OS 54.0122999 52.7134074
OS 53.9982029 52.7134074
OS 53.9812865 52.7119977
OS 54.4309808 52.09032
OS 54.4323905 52.09032
OS 54.4366196 52.0917297
OS 54.4436681 52.0945491
OS 54.4521263 52.0987782
OS 54.4619942 52.1030073
OS 54.4732718 52.1086461
OS 54.5014658 52.1213334
OS 54.5310695 52.1382498
OS 54.5620829 52.1579856
OS 54.5916866 52.1805408
OS 54.6043739 52.1932281
OS 54.6170612 52.2073251
OS 54.6184709 52.2087348
OS 54.6198806 52.2101445
OS 54.6227 52.2143736
OS 54.6269291 52.2200124
OS 54.6311582 52.2270609
OS 54.636797 52.2355191
OS 54.6480746 52.2566646
OS 54.6579425 52.2820392
OS 54.6678104 52.3102332
OS 54.6748589 52.344066
OS 54.6776783 52.3609824
OE
OB 54.5973254 46.6742526 H
OS 53.8248098 46.8941658
OS 53.8248098 46.4585685
OS 54.5973254 46.6742526
OE
OB 54.1560893 52.0466193 H
OS 53.7078047 52.6640679
OS 53.706395 52.6640679
OS 53.7021659 52.6626582
OS 53.6965271 52.6598388
OS 53.6880689 52.6570194
OS 53.6767913 52.6527903
OS 53.6655137 52.6471515
OS 53.6387294 52.6344642
OS 53.6091257 52.6189575
OS 53.5781123 52.5992217
OS 53.5499183 52.5766665
OS 53.5358213 52.5639792
OS 53.5245437 52.5512919
OS 53.5245437 52.5498822
OS 53.5217243 52.5484725
OS 53.5189049 52.5442434
OS 53.5146758 52.5386046
OS 53.5104467 52.5315561
OS 53.5062176 52.5230979
OS 53.49494 52.5019524
OS 53.4836624 52.4765778
OS 53.4752042 52.4469741
OS 53.4681557 52.414551
OS 53.4653363 52.3793085
OS 53.4653363 52.3666212
OS 53.466746 52.3539339
OS 53.4695654 52.3356078
OS 53.4737945 52.315872
OS 53.480843 52.2933168
OS 53.4893012 52.2707616
OS 53.5019885 52.2467967
OS 53.5019885 52.245387
OS 53.5033982 52.2439773
OS 53.509037 52.2369288
OS 53.5174952 52.2242415
OS 53.5301825 52.2101445
OS 53.5456892 52.1932281
OS 53.5640153 52.174902
OS 53.5865705 52.1565759
OS 53.6119451 52.1396595
OS 53.6133548 52.1396595
OS 53.6147645 52.1382498
OS 53.6189936 52.1354304
OS 53.6260421 52.132611
OS 53.6330906 52.1283819
OS 53.6415488 52.1241528
OS 53.6514167 52.118514
OS 53.664104 52.1142849
OS 53.6908883 52.1030073
OS 53.7233114 52.09032
OS 53.7599636 52.0790424
OS 53.8008449 52.0691745
OS 53.8022546 52.0691745
OS 53.8064837 52.0677648
OS 53.8121225 52.0663551
OS 53.8205807 52.0649454
OS 53.8318583 52.0635357
OS 53.8445456 52.0607163
OS 53.8600523 52.0593066
OS 53.8769687 52.0564872
OS 53.8952948 52.0536678
OS 53.9164403 52.0522581
OS 53.9389955 52.0494387
OS 53.9615507 52.048029
OS 54.0137096 52.0452096
OS 54.0686879 52.0437999
OS 54.0700976 52.0437999
OS 54.072917 52.0437999
OS 54.0771461 52.0437999
OS 54.0827849 52.0437999
OS 54.0954722 52.0437999
OS 54.1123886 52.0452096
OS 54.1137983 52.0452096
OS 54.1166177 52.0452096
OS 54.1208468 52.0452096
OS 54.1264856 52.0452096
OS 54.1405826 52.0466193
OS 54.1560893 52.0466193
OE
OB 54.1560893 53.4760551 H
OS 53.7078047 54.0935037
OS 53.706395 54.0935037
OS 53.7021659 54.092094
OS 53.6965271 54.0892746
OS 53.6880689 54.0864552
OS 53.6767913 54.0822261
OS 53.6655137 54.0765873
OS 53.6387294 54.0639
OS 53.6091257 54.0483933
OS 53.5781123 54.0286575
OS 53.5499183 54.0061023
OS 53.5358213 53.993415
OS 53.5245437 53.9807277
OS 53.5245437 53.979318
OS 53.5217243 53.9779083
OS 53.5189049 53.9736792
OS 53.5146758 53.9680404
OS 53.5104467 53.9609919
OS 53.5062176 53.9525337
OS 53.49494 53.9313882
OS 53.4836624 53.9060136
OS 53.4752042 53.8764099
OS 53.4681557 53.8439868
OS 53.4653363 53.8087443
OS 53.4653363 53.796057
OS 53.466746 53.7833697
OS 53.4695654 53.7650436
OS 53.4737945 53.7453078
OS 53.480843 53.7227526
OS 53.4893012 53.7001974
OS 53.5019885 53.6762325
OS 53.5019885 53.6748228
OS 53.5033982 53.6734131
OS 53.509037 53.6663646
OS 53.5174952 53.6536773
OS 53.5301825 53.6395803
OS 53.5456892 53.6226639
OS 53.5640153 53.6043378
OS 53.5865705 53.5860117
OS 53.6119451 53.5690953
OS 53.6133548 53.5690953
OS 53.6147645 53.5676856
OS 53.6189936 53.5648662
OS 53.6260421 53.5620468
OS 53.6330906 53.5578177
OS 53.6415488 53.5535886
OS 53.6514167 53.5479498
OS 53.664104 53.5437207
OS 53.6908883 53.5324431
OS 53.7233114 53.5197558
OS 53.7599636 53.5084782
OS 53.8008449 53.4986103
OS 53.8022546 53.4986103
OS 53.8064837 53.4972006
OS 53.8121225 53.4957909
OS 53.8205807 53.4943812
OS 53.8318583 53.4929715
OS 53.8445456 53.4901521
OS 53.8600523 53.4887424
OS 53.8769687 53.485923
OS 53.8952948 53.4831036
OS 53.9164403 53.4816939
OS 53.9389955 53.4788745
OS 53.9615507 53.4774648
OS 54.0137096 53.4746454
OS 54.0686879 53.4732357
OS 54.0700976 53.4732357
OS 54.072917 53.4732357
OS 54.0771461 53.4732357
OS 54.0827849 53.4732357
OS 54.0954722 53.4732357
OS 54.1123886 53.4746454
OS 54.1137983 53.4746454
OS 54.1166177 53.4746454
OS 54.1208468 53.4746454
OS 54.1264856 53.4746454
OS 54.1405826 53.4760551
OS 54.1560893 53.4760551
OE
OB 54.6776783 53.7904182 H
OS 54.6776783 53.8200219
OS 54.6762686 53.8341189
OS 54.6734492 53.8510353
OS 54.6692201 53.8721808
OS 54.6621716 53.894736
OS 54.6537134 53.9172912
OS 54.6410261 53.9412561
OS 54.6396164 53.9440755
OS 54.6339776 53.951124
OS 54.6255194 53.9624016
OS 54.6128321 53.9764986
OS 54.5973254 53.993415
OS 54.5789993 54.0117411
OS 54.5564441 54.0300672
OS 54.5296598 54.0469836
OS 54.5282501 54.0469836
OS 54.5268404 54.0483933
OS 54.5226113 54.0512127
OS 54.5155628 54.0540321
OS 54.5085143 54.0582612
OS 54.5000561 54.0624903
OS 54.4901882 54.0667194
OS 54.4775009 54.0723582
OS 54.4507166 54.0836358
OS 54.4182935 54.0963231
OS 54.3816413 54.1076007
OS 54.34076 54.1174686
OS 54.3393503 54.1174686
OS 54.3351212 54.1188783
OS 54.3294824 54.120288
OS 54.3210242 54.1216977
OS 54.3097466 54.1231074
OS 54.2970593 54.1259268
OS 54.2815526 54.1273365
OS 54.2646362 54.1301559
OS 54.2463101 54.1329753
OS 54.2251646 54.134385
OS 54.2040191 54.1372044
OS 54.1800542 54.1386141
OS 54.129305 54.1414335
OS 54.072917 54.1428432
OS 54.0715073 54.1428432
OS 54.0686879 54.1428432
OS 54.0630491 54.1428432
OS 54.0574103 54.1428432
OS 54.0419036 54.1428432
OS 54.0249872 54.1428432
OS 54.0235775 54.1428432
OS 54.0207581 54.1428432
OS 54.016529 54.1428432
OS 54.0122999 54.1428432
OS 53.9982029 54.1428432
OS 53.9812865 54.1414335
OS 54.4309808 53.5197558
OS 54.4323905 53.5197558
OS 54.4366196 53.5211655
OS 54.4436681 53.5239849
OS 54.4521263 53.528214
OS 54.4619942 53.5324431
OS 54.4732718 53.5380819
OS 54.5014658 53.5507692
OS 54.5310695 53.5676856
OS 54.5620829 53.5874214
OS 54.5916866 53.6099766
OS 54.6043739 53.6226639
OS 54.6170612 53.6367609
OS 54.6184709 53.6381706
OS 54.6198806 53.6395803
OS 54.6227 53.6438094
OS 54.6269291 53.6494482
OS 54.6311582 53.6564967
OS 54.636797 53.6649549
OS 54.6480746 53.6861004
OS 54.6579425 53.711475
OS 54.6678104 53.739669
OS 54.6748589 53.7735018
OS 54.6776783 53.7904182
OE
SE
S P 0
OB 56.21280096 95.58976056 I
OS 56.21280096 95.57988504
OS 56.211978 95.56918656
OS 56.21115504 95.55766512
OS 56.21033208 95.54532072
OS 56.20868616 95.53215336
OS 56.20457136 95.50417272
OS 56.1996336 95.47536912
OS 56.19304992 95.44738848
OS 56.19304992 95.44656552
OS 56.19222696 95.44409664
OS 56.19058104 95.43998184
OS 56.18893512 95.43504408
OS 56.1872892 95.42928336
OS 56.18482032 95.42187672
OS 56.18152848 95.41364712
OS 56.17823664 95.40541752
OS 56.16918408 95.38566648
OS 56.15930856 95.36591544
OS 56.14696416 95.34534144
OS 56.13297384 95.32641336
OS 56.13215088 95.3255904
OS 56.13132792 95.32394448
OS 56.12885904 95.3214756
OS 56.1255672 95.31818376
OS 56.1173376 95.3091312
OS 56.10581616 95.29843272
OS 56.09182584 95.28608832
OS 56.07536664 95.27374392
OS 56.05643856 95.26222248
OS 56.03586456 95.251524
OS 56.0350416 95.251524
OS 56.03339568 95.25070104
OS 56.03010384 95.24905512
OS 56.02598904 95.2474092
OS 56.02022832 95.24576328
OS 56.01364464 95.2432944
OS 56.006238 95.24082552
OS 55.9980084 95.23835664
OS 55.98895584 95.23588776
OS 55.97908032 95.23341888
OS 55.9568604 95.22930408
OS 55.9321716 95.22601224
OS 55.90501392 95.22518928
OS 55.90419096 95.22518928
OS 55.90172208 95.22518928
OS 55.89760728 95.22518928
OS 55.89184656 95.22518928
OS 55.88526288 95.22601224
OS 55.87785624 95.2268352
OS 55.86880368 95.22765816
OS 55.85892816 95.22848112
OS 55.8375312 95.23177296
OS 55.81448832 95.23588776
OS 55.78979952 95.24247144
OS 55.76511072 95.25070104
OS 55.76428776 95.25070104
OS 55.76264184 95.251524
OS 55.75852704 95.25316992
OS 55.75441224 95.2556388
OS 55.74865152 95.25810768
OS 55.74206784 95.26139952
OS 55.72725456 95.26962912
OS 55.7099724 95.2803276
OS 55.69104432 95.29349496
OS 55.67211624 95.3091312
OS 55.65401112 95.32641336
OS 55.65318816 95.32723632
OS 55.6523652 95.32888224
OS 55.64989632 95.33135112
OS 55.64660448 95.33546592
OS 55.64248968 95.34040368
OS 55.63837488 95.3461644
OS 55.63343712 95.35274808
OS 55.6276764 95.36015472
OS 55.62191568 95.36920728
OS 55.61615496 95.37825984
OS 55.60381056 95.3996568
OS 55.59228912 95.42352264
OS 55.58159064 95.44985736
OS 55.58159064 95.45068032
OS 55.58076768 95.4531492
OS 55.57912176 95.457264
OS 55.57747584 95.46302472
OS 55.57582992 95.4696084
OS 55.57336104 95.47866096
OS 55.57089216 95.48853648
OS 55.56924624 95.49923496
OS 55.56677736 95.51157936
OS 55.56430848 95.52474672
OS 55.5618396 95.53873704
OS 55.56019368 95.55355032
OS 55.55854776 95.56918656
OS 55.55690184 95.58646872
OS 55.55607888 95.621856
OS 55.55607888 95.71402752
OS 55.245 95.71402752
OS 55.245 95.8975476
OS 56.21362392 95.8975476
OS 56.21362392 95.59799016
OS 56.21280096 95.58976056
OE
OB 56.06137632 96.05555592 I
OS 56.06137632 96.321372
OS 55.245 96.321372
OS 55.245 96.50818392
OS 56.06137632 96.50818392
OS 56.06137632 96.774
OS 56.21362392 96.774
OS 56.21362392 96.05555592
OS 56.06137632 96.05555592
OE
OB 56.22926016 94.7412888 I
OS 56.22926016 94.73388216
OS 56.2284372 94.72565256
OS 56.22761424 94.7166
OS 56.22514536 94.69684896
OS 56.22185352 94.675452
OS 56.21773872 94.65323208
OS 56.21115504 94.63101216
OS 56.21115504 94.6301892
OS 56.21033208 94.62854328
OS 56.20950912 94.62525144
OS 56.2078632 94.62113664
OS 56.20621728 94.61619888
OS 56.2037484 94.61043816
OS 56.19798768 94.59644784
OS 56.18975808 94.5808116
OS 56.18070552 94.5643524
OS 56.17000704 94.5478932
OS 56.15766264 94.531434
OS 56.15766264 94.53061104
OS 56.15601672 94.52978808
OS 56.15107896 94.52485032
OS 56.14367232 94.51744368
OS 56.13297384 94.50839112
OS 56.12062944 94.49769264
OS 56.1049932 94.48699416
OS 56.08771104 94.47711864
OS 56.06878296 94.46806608
OS 56.06796 94.46806608
OS 56.06631408 94.46724312
OS 56.06302224 94.4655972
OS 56.0597304 94.46477424
OS 56.05396968 94.46230536
OS 56.04820896 94.46065944
OS 56.04162528 94.45901352
OS 56.03339568 94.45654464
OS 56.01529056 94.45242984
OS 55.99471656 94.44831504
OS 55.97167368 94.44584616
OS 55.94616192 94.4450232
OS 55.94533896 94.4450232
OS 55.94369304 94.4450232
OS 55.9404012 94.4450232
OS 55.9362864 94.4450232
OS 55.93134864 94.44584616
OS 55.92476496 94.44584616
OS 55.91077464 94.44666912
OS 55.89431544 94.449138
OS 55.87538736 94.45160688
OS 55.85645928 94.45572168
OS 55.8375312 94.46065944
OS 55.83670824 94.46065944
OS 55.83506232 94.4614824
OS 55.83259344 94.46230536
OS 55.8293016 94.46312832
OS 55.82436384 94.46477424
OS 55.81942608 94.46724312
OS 55.80708168 94.47218088
OS 55.7922684 94.47876456
OS 55.7758092 94.4861712
OS 55.75852704 94.49522376
OS 55.74042192 94.50592224
OS 55.73959896 94.50592224
OS 55.73795304 94.50756816
OS 55.73548416 94.50921408
OS 55.73219232 94.51086
OS 55.72807752 94.51415184
OS 55.72313976 94.51744368
OS 55.71079536 94.52649624
OS 55.69598208 94.53719472
OS 55.68034584 94.54953912
OS 55.66306368 94.56352944
OS 55.64495856 94.57916568
OS 55.6441356 94.57998864
OS 55.64248968 94.5808116
OS 55.6400208 94.58328048
OS 55.63672896 94.58657232
OS 55.63261416 94.59068712
OS 55.6276764 94.59562488
OS 55.615332 94.60796928
OS 55.59969576 94.62278256
OS 55.58323656 94.63924176
OS 55.56513144 94.65816984
OS 55.5453804 94.67792088
OS 55.41206088 94.81864704
OS 55.41206088 94.41045888
OS 55.245 94.41045888
OS 55.245 95.06800392
OS 55.37831952 95.06800392
OS 55.6071024 94.83922104
OS 55.60792536 94.83839808
OS 55.60957128 94.83675216
OS 55.61368608 94.83263736
OS 55.61780088 94.82852256
OS 55.6235616 94.82276184
OS 55.63014528 94.81700112
OS 55.64495856 94.80218784
OS 55.66224072 94.78572864
OS 55.6811688 94.76844648
OS 55.70009688 94.75198728
OS 55.718202 94.73635104
OS 55.71902496 94.73552808
OS 55.72067088 94.73470512
OS 55.72313976 94.73223624
OS 55.7264316 94.72976736
OS 55.7346612 94.72236072
OS 55.74618264 94.71413112
OS 55.75935 94.7042556
OS 55.77334032 94.69438008
OS 55.78733064 94.68450456
OS 55.80132096 94.67627496
OS 55.80214392 94.67627496
OS 55.80296688 94.675452
OS 55.80790464 94.67298312
OS 55.81448832 94.66886832
OS 55.82354088 94.66475352
OS 55.83423936 94.65981576
OS 55.8457608 94.65570096
OS 55.8581052 94.65158616
OS 55.86962664 94.64829432
OS 55.87127256 94.64829432
OS 55.87538736 94.64747136
OS 55.88114808 94.64582544
OS 55.88937768 94.64417952
OS 55.8992532 94.64335656
OS 55.90995168 94.64171064
OS 55.92147312 94.64088768
OS 55.93381752 94.64088768
OS 55.93546344 94.64088768
OS 55.93875528 94.64088768
OS 55.94369304 94.64171064
OS 55.95109968 94.64171064
OS 55.95932928 94.64335656
OS 55.96755888 94.64500248
OS 55.9774344 94.6466484
OS 55.98648696 94.64994024
OS 55.98730992 94.64994024
OS 55.99060176 94.65158616
OS 55.99553952 94.65405504
OS 56.00130024 94.65652392
OS 56.00788392 94.66063872
OS 56.01529056 94.66475352
OS 56.02928088 94.67627496
OS 56.03010384 94.67709792
OS 56.03257272 94.6795668
OS 56.03586456 94.68285864
OS 56.03997936 94.6877964
OS 56.04409416 94.69438008
OS 56.04903192 94.70178672
OS 56.05396968 94.71083928
OS 56.05808448 94.71989184
OS 56.05890744 94.7207148
OS 56.0597304 94.72400664
OS 56.06137632 94.72976736
OS 56.0638452 94.73635104
OS 56.06631408 94.7454036
OS 56.06796 94.75527912
OS 56.06878296 94.7659776
OS 56.06960592 94.778322
OS 56.06960592 94.78819752
OS 56.06878296 94.79313528
OS 56.06796 94.798896
OS 56.06631408 94.81288632
OS 56.06302224 94.82934552
OS 56.05890744 94.84662768
OS 56.05232376 94.86555576
OS 56.04409416 94.88448384
OS 56.04409416 94.8853068
OS 56.0432712 94.88695272
OS 56.04162528 94.8894216
OS 56.03997936 94.89271344
OS 56.03751048 94.89682824
OS 56.03421864 94.901766
OS 56.026812 94.9141104
OS 56.01693648 94.92810072
OS 56.006238 94.94373696
OS 55.99307064 94.96019616
OS 55.97825736 94.97665536
OS 56.1008784 95.07211872
OS 56.10170136 95.07129576
OS 56.10334728 95.06964984
OS 56.10663912 95.06553504
OS 56.11075392 95.06142024
OS 56.11569168 95.05483656
OS 56.1214524 95.04825288
OS 56.12803608 95.04002328
OS 56.13461976 95.03097072
OS 56.1420264 95.0210952
OS 56.14943304 95.01039672
OS 56.16506928 94.98570792
OS 56.18070552 94.9593732
OS 56.19469584 94.9305696
OS 56.1955188 94.92974664
OS 56.19634176 94.92727776
OS 56.19798768 94.92234
OS 56.20045656 94.91657928
OS 56.20292544 94.90917264
OS 56.20621728 94.90094304
OS 56.20950912 94.89106752
OS 56.21280096 94.87954608
OS 56.2160928 94.86720168
OS 56.21856168 94.85403432
OS 56.22185352 94.840044
OS 56.2243224 94.82523072
OS 56.2284372 94.79313528
OS 56.23008312 94.77667608
OS 56.23008312 94.74704952
OS 56.22926016 94.7412888
OE
OB 56.06219928 95.61856416 H
OS 56.06219928 95.71402752
OS 55.70750352 95.71402752
OS 55.70750352 95.60457384
OS 55.70832648 95.59552128
OS 55.70914944 95.58399984
OS 55.71079536 95.57165544
OS 55.71244128 95.55684216
OS 55.71573312 95.54285184
OS 55.71984792 95.52886152
OS 55.71984792 95.52803856
OS 55.72067088 95.5272156
OS 55.7223168 95.5231008
OS 55.72560864 95.51569416
OS 55.72972344 95.50746456
OS 55.7346612 95.498412
OS 55.74124488 95.48771352
OS 55.74865152 95.477838
OS 55.75688112 95.46796248
OS 55.75770408 95.46713952
OS 55.76099592 95.46384768
OS 55.76675664 95.45890992
OS 55.77334032 95.4531492
OS 55.78239288 95.44738848
OS 55.7922684 95.4408048
OS 55.80296688 95.43504408
OS 55.81531128 95.42928336
OS 55.8169572 95.4284604
OS 55.821072 95.42681448
OS 55.82847864 95.42516856
OS 55.8375312 95.42269968
OS 55.84905264 95.4202308
OS 55.86222 95.41776192
OS 55.87621032 95.41693896
OS 55.89184656 95.416116
OS 55.89266952 95.416116
OS 55.89349248 95.416116
OS 55.89843024 95.416116
OS 55.90583688 95.41693896
OS 55.91488944 95.41776192
OS 55.92558792 95.41940784
OS 55.93793232 95.42105376
OS 55.94945376 95.4243456
OS 55.96179816 95.4284604
OS 55.96344408 95.42928336
OS 55.96755888 95.43092928
OS 55.9733196 95.43339816
OS 55.98072624 95.43751296
OS 55.98895584 95.44327368
OS 55.9980084 95.44985736
OS 56.00706096 95.457264
OS 56.01611352 95.46631656
OS 56.01693648 95.46713952
OS 56.01940536 95.47043136
OS 56.02352016 95.47619208
OS 56.02845792 95.48359872
OS 56.03421864 95.49265128
OS 56.03997936 95.50334976
OS 56.04491712 95.5148712
OS 56.04985488 95.52886152
OS 56.04985488 95.52968448
OS 56.05067784 95.53050744
OS 56.0515008 95.5354452
OS 56.05396968 95.5436748
OS 56.05643856 95.55437328
OS 56.05808448 95.56754064
OS 56.06055336 95.58235392
OS 56.06137632 95.59963608
OS 56.06219928 95.61856416
OE
SE
S P 0
OB 55.26228216 91.85373552 I
OS 55.26228216 92.07675768
OS 55.84000008 92.33599008
OS 55.96426704 92.38865952
OS 55.56266256 92.38865952
OS 55.26228216 92.38865952
OS 55.26228216 92.55489744
OS 56.23090608 92.55489744
OS 56.23090608 92.33105232
OS 55.64907336 92.06688216
OS 55.53550488 92.01997344
OS 55.96262112 92.01997344
OS 56.23090608 92.01997344
OS 56.23090608 91.85373552
OS 55.26228216 91.85373552
OE
OB 55.26228216 92.62731792 I
OS 55.26228216 92.82894312
OS 55.45320888 92.88243552
OS 55.45320888 93.22149504
OS 55.26228216 93.2758104
OS 55.26228216 93.4568616
OS 56.23090608 93.16964856
OS 56.23090608 92.91453096
OS 55.26228216 92.62731792
OE
OB 55.58570544 93.6461424 I
OS 55.58570544 94.107
OS 55.7470056 94.107
OS 55.7470056 93.6461424
OS 55.58570544 93.6461424
OE
OB 56.24654232 90.42507696 I
OS 56.24654232 90.41767032
OS 56.24571936 90.40861776
OS 56.2448964 90.38886672
OS 56.24242752 90.3666468
OS 56.23995864 90.34360392
OS 56.23584384 90.31973808
OS 56.23584384 90.31891512
OS 56.23502088 90.3172692
OS 56.23502088 90.3131544
OS 56.23337496 90.3090396
OS 56.232552 90.30327888
OS 56.23090608 90.2966952
OS 56.22926016 90.2884656
OS 56.22761424 90.280236
OS 56.22349944 90.26130792
OS 56.21856168 90.23991096
OS 56.211978 90.21686808
OS 56.20539432 90.19300224
OS 56.02516608 90.19300224
OS 56.02516608 90.1938252
OS 56.02598904 90.19547112
OS 56.02763496 90.19876296
OS 56.02928088 90.20287776
OS 56.03174976 90.20781552
OS 56.03421864 90.21357624
OS 56.03668752 90.22098288
OS 56.03997936 90.22921248
OS 56.04656304 90.2473176
OS 56.05396968 90.2678916
OS 56.06055336 90.29011152
OS 56.06713704 90.31480032
OS 56.06713704 90.31562328
OS 56.06796 90.31809216
OS 56.06878296 90.321384
OS 56.06960592 90.32632176
OS 56.07125184 90.33208248
OS 56.07289776 90.33948912
OS 56.07454368 90.34689576
OS 56.0761896 90.35594832
OS 56.07865848 90.37652232
OS 56.08195032 90.39874224
OS 56.08359624 90.42260808
OS 56.0844192 90.44811984
OS 56.0844192 90.45964128
OS 56.08359624 90.465402
OS 56.08359624 90.47280864
OS 56.08277328 90.48021528
OS 56.08112736 90.48844488
OS 56.07865848 90.50737296
OS 56.07454368 90.52794696
OS 56.06878296 90.54852096
OS 56.06055336 90.56909496
OS 56.06055336 90.56991792
OS 56.0597304 90.57156384
OS 56.05808448 90.57403272
OS 56.05643856 90.57732456
OS 56.05067784 90.58720008
OS 56.0432712 90.59954448
OS 56.03339568 90.6135348
OS 56.02187424 90.62752512
OS 56.00788392 90.6423384
OS 55.99224768 90.65632872
OS 55.99142472 90.65632872
OS 55.99060176 90.65797464
OS 55.98813288 90.65962056
OS 55.98484104 90.66208944
OS 55.97990328 90.66455832
OS 55.97496552 90.66785016
OS 55.96262112 90.67607976
OS 55.94698488 90.68430936
OS 55.9280568 90.69336192
OS 55.9074828 90.70159152
OS 55.88443992 90.70899816
OS 55.88361696 90.70899816
OS 55.88197104 90.70982112
OS 55.87785624 90.71064408
OS 55.87291848 90.71146704
OS 55.86715776 90.71311296
OS 55.86057408 90.71475888
OS 55.85234448 90.7164048
OS 55.84246896 90.71805072
OS 55.83259344 90.71969664
OS 55.82189496 90.72134256
OS 55.79720616 90.7246344
OS 55.77004848 90.72628032
OS 55.74124488 90.72710328
OS 55.74042192 90.72710328
OS 55.73795304 90.72710328
OS 55.73383824 90.72710328
OS 55.72807752 90.72710328
OS 55.72149384 90.72628032
OS 55.71326424 90.72628032
OS 55.70503464 90.72628032
OS 55.69515912 90.72545736
OS 55.6729392 90.72381144
OS 55.64989632 90.72134256
OS 55.62603048 90.71805072
OS 55.60216464 90.71311296
OS 55.60134168 90.71311296
OS 55.59969576 90.71229
OS 55.59640392 90.71146704
OS 55.59146616 90.71064408
OS 55.5865284 90.70899816
OS 55.58076768 90.70735224
OS 55.5659544 90.70241448
OS 55.5494952 90.6958308
OS 55.53139008 90.68842416
OS 55.51410792 90.67854864
OS 55.49682576 90.66785016
OS 55.4960028 90.66785016
OS 55.49517984 90.66620424
OS 55.49271096 90.66455832
OS 55.48941912 90.66208944
OS 55.48201248 90.65550576
OS 55.47213696 90.64563024
OS 55.46143848 90.6341088
OS 55.45074 90.62094144
OS 55.44004152 90.60448224
OS 55.430166 90.58720008
OS 55.430166 90.58637712
OS 55.42934304 90.5847312
OS 55.42852008 90.58226232
OS 55.42687416 90.57814752
OS 55.42522824 90.57320976
OS 55.42275936 90.56744904
OS 55.42111344 90.56086536
OS 55.41946752 90.55345872
OS 55.41699864 90.54440616
OS 55.41535272 90.5353536
OS 55.41123792 90.5147796
OS 55.40876904 90.49173672
OS 55.40794608 90.46622496
OS 55.40794608 90.44647392
OS 55.40876904 90.4365984
OS 55.40876904 90.43412952
OS 55.409592 90.43166064
OS 55.409592 90.4283688
OS 55.41041496 90.42096216
OS 55.41206088 90.41273256
OS 55.41206088 90.4119096
OS 55.41288384 90.41108664
OS 55.4137068 90.40532592
OS 55.41535272 90.39874224
OS 55.41699864 90.3913356
OS 55.41699864 90.39051264
OS 55.4178216 90.38968968
OS 55.41946752 90.38475192
OS 55.42111344 90.37816824
OS 55.42358232 90.36993864
OS 55.67211624 90.36993864
OS 55.67211624 90.53453064
OS 55.82271792 90.53453064
OS 55.82271792 90.1897104
OS 55.30507608 90.1897104
OS 55.30507608 90.19053336
OS 55.30343016 90.19300224
OS 55.30178424 90.19629408
OS 55.30013832 90.20123184
OS 55.29766944 90.20781552
OS 55.2943776 90.21522216
OS 55.29108576 90.22345176
OS 55.28779392 90.23250432
OS 55.28450208 90.24237984
OS 55.28038728 90.25390128
OS 55.27298064 90.27694416
OS 55.26639696 90.30245592
OS 55.25981328 90.3296136
OS 55.25981328 90.33043656
OS 55.25899032 90.33290544
OS 55.25816736 90.33702024
OS 55.2573444 90.341958
OS 55.25652144 90.34936464
OS 55.25487552 90.35677128
OS 55.25405256 90.36582384
OS 55.25240664 90.37652232
OS 55.25076072 90.38804376
OS 55.24993776 90.40038816
OS 55.24829184 90.41273256
OS 55.24746888 90.42672288
OS 55.24582296 90.45634944
OS 55.245 90.48762192
OS 55.245 90.49749744
OS 55.24582296 90.50490408
OS 55.24582296 90.51313368
OS 55.24664592 90.52383216
OS 55.24746888 90.5353536
OS 55.2491148 90.547698
OS 55.25076072 90.56168832
OS 55.25240664 90.57567864
OS 55.25816736 90.60612816
OS 55.265574 90.63740064
OS 55.27544952 90.66867312
OS 55.27544952 90.66949608
OS 55.27709544 90.67196496
OS 55.27874136 90.67607976
OS 55.28121024 90.68184048
OS 55.28450208 90.68924712
OS 55.28861688 90.69747672
OS 55.29355464 90.70652928
OS 55.2984924 90.7164048
OS 55.31165976 90.73780176
OS 55.32811896 90.76084464
OS 55.34704704 90.78388752
OS 55.368444 90.80610744
OS 55.36926696 90.8069304
OS 55.37091288 90.80857632
OS 55.37502768 90.8110452
OS 55.37914248 90.81516
OS 55.38572616 90.82009776
OS 55.3931328 90.82503552
OS 55.4013624 90.8316192
OS 55.41041496 90.83737992
OS 55.42111344 90.84478656
OS 55.43263488 90.85137024
OS 55.44497928 90.85877688
OS 55.4589696 90.86618352
OS 55.47295992 90.8727672
OS 55.48859616 90.87935088
OS 55.5206916 90.89169528
OS 55.52151456 90.89169528
OS 55.5248064 90.8933412
OS 55.52974416 90.89416416
OS 55.5371508 90.89663304
OS 55.5453804 90.89827896
OS 55.55607888 90.90074784
OS 55.56760032 90.90403968
OS 55.58159064 90.90650856
OS 55.59640392 90.90897744
OS 55.61286312 90.91226928
OS 55.63014528 90.91473816
OS 55.6482504 90.91638408
OS 55.66800144 90.91885296
OS 55.68857544 90.91967592
OS 55.7099724 90.92132184
OS 55.73219232 90.92132184
OS 55.73383824 90.92132184
OS 55.73795304 90.92132184
OS 55.74371376 90.92132184
OS 55.75276632 90.92049888
OS 55.7634648 90.92049888
OS 55.7758092 90.91967592
OS 55.78979952 90.91885296
OS 55.8046128 90.91720704
OS 55.821072 90.91556112
OS 55.83835416 90.9139152
OS 55.8745644 90.90815448
OS 55.9115976 90.90074784
OS 55.9486308 90.89004936
OS 55.94945376 90.89004936
OS 55.9527456 90.88840344
OS 55.95768336 90.88675752
OS 55.96509 90.88428864
OS 55.9733196 90.8809968
OS 55.98237216 90.876882
OS 55.99307064 90.87194424
OS 56.00541504 90.86700648
OS 56.0309268 90.85383912
OS 56.05808448 90.83820288
OS 56.08524216 90.82009776
OS 56.11075392 90.7987008
OS 56.11157688 90.79787784
OS 56.11404576 90.79623192
OS 56.1173376 90.79211712
OS 56.1214524 90.78800232
OS 56.12721312 90.7822416
OS 56.1337968 90.77483496
OS 56.14038048 90.76660536
OS 56.14861008 90.7575528
OS 56.15683968 90.74685432
OS 56.16506928 90.73615584
OS 56.17329888 90.72381144
OS 56.18152848 90.71064408
OS 56.19798768 90.68184048
OS 56.211978 90.650568
OS 56.21280096 90.64974504
OS 56.21362392 90.6464532
OS 56.21526984 90.64151544
OS 56.21773872 90.63493176
OS 56.2202076 90.62670216
OS 56.22349944 90.61682664
OS 56.22679128 90.6053052
OS 56.23008312 90.59213784
OS 56.23337496 90.57814752
OS 56.23584384 90.56251128
OS 56.23913568 90.54605208
OS 56.24160456 90.52876992
OS 56.24407344 90.50984184
OS 56.24571936 90.49091376
OS 56.24736528 90.47033976
OS 56.24736528 90.4324836
OS 56.24654232 90.42507696
OE
OB 55.26228216 89.3502912 I
OS 55.26228216 89.57331336
OS 55.84000008 89.83254576
OS 55.96426704 89.8852152
OS 55.56266256 89.8852152
OS 55.26228216 89.8852152
OS 55.26228216 90.05145312
OS 56.23090608 90.05145312
OS 56.23090608 89.827608
OS 55.64907336 89.56343784
OS 55.53550488 89.51652912
OS 55.96262112 89.51652912
OS 56.23090608 89.51652912
OS 56.23090608 89.3502912
OS 55.26228216 89.3502912
OE
OB 55.41864456 91.45953768 I
OS 55.41864456 91.0497036
OS 55.26228216 91.0497036
OS 55.26228216 91.64470368
OS 56.23090608 91.64470368
OS 56.23090608 91.45953768
OS 55.41864456 91.45953768
OE
OB 56.05314672 93.0494964 H
OS 55.60216464 93.17787816
OS 55.60216464 92.92358352
OS 56.05314672 93.0494964
OE
SE
S P 0
OB 54.84007828 86.59800054 I
OS 55.11051208 86.59800054
OS 55.14102256 85.67575194
OS 55.15211728 85.3068525
OS 55.23116716 85.5564837
OS 55.4128432 86.11260654
OS 55.60422712 86.11260654
OS 55.76787424 85.5564837
OS 55.83721624 85.3068525
OS 55.84553728 85.66881774
OS 55.87327408 86.59800054
OS 56.134 86.59800054
OS 56.05356328 84.96568986
OS 55.70685328 84.96568986
OS 55.56400876 85.43028126
OS 55.49466676 85.69239402
OS 55.42532476 85.4455365
OS 55.2741592 84.96568986
OS 54.920515 84.96568986
OS 54.84007828 86.59800054
OE
SE
S P 0
OB 59.38048576 57.8819772 I
OS 59.5936324 57.8819772
OS 59.5936324 57.7215
OS 58.94843176 57.7215
OS 58.94843176 57.8819772
OS 59.19531976 57.8819772
OS 59.19531976 58.50495792
OS 58.9805272 58.38645168
OS 58.92127408 58.53376152
OS 59.22823816 58.6967076
OS 59.38048576 58.6967076
OS 59.38048576 57.8819772
OE
OB 58.5484732 58.70329128 I
OS 58.57069312 58.70246832
OS 58.57563088 58.70246832
OS 58.5813916 58.70164536
OS 58.58879824 58.7008224
OS 58.5978508 58.69999944
OS 58.60772632 58.69917648
OS 58.62830032 58.6967076
OS 58.62994624 58.6967076
OS 58.63323808 58.69588464
OS 58.6389988 58.69506168
OS 58.64558248 58.69341576
OS 58.65463504 58.69176984
OS 58.6636876 58.69012392
OS 58.68508456 58.68518616
OS 58.68673048 58.68518616
OS 58.69002232 58.6843632
OS 58.69578304 58.68271728
OS 58.70401264 58.68107136
OS 58.7130652 58.67860248
OS 58.72294072 58.67531064
OS 58.7459836 58.66872696
OS 58.7459836 58.48767576
OS 58.74516064 58.48767576
OS 58.74351472 58.48932168
OS 58.73939992 58.49014464
OS 58.73528512 58.49261352
OS 58.7295244 58.4950824
OS 58.72294072 58.49755128
OS 58.71553408 58.50084312
OS 58.70730448 58.50413496
OS 58.6883764 58.51071864
OS 58.66862536 58.51812528
OS 58.64640544 58.52470896
OS 58.62500848 58.52964672
OS 58.62418552 58.52964672
OS 58.6225396 58.53046968
OS 58.61924776 58.53129264
OS 58.61513296 58.5321156
OS 58.6101952 58.53293856
OS 58.60443448 58.53376152
OS 58.59044416 58.5362304
OS 58.57480792 58.53869928
OS 58.55752576 58.54116816
OS 58.53942064 58.54199112
OS 58.52131552 58.54281408
OS 58.50979408 58.54281408
OS 58.50403336 58.54199112
OS 58.49662672 58.54116816
OS 58.48922008 58.5403452
OS 58.48099048 58.53952224
OS 58.4620624 58.5362304
OS 58.44231136 58.5321156
OS 58.42173736 58.52553192
OS 58.40280928 58.51730232
OS 58.40198632 58.51730232
OS 58.4003404 58.51647936
OS 58.39787152 58.51483344
OS 58.39457968 58.51236456
OS 58.38552712 58.5074268
OS 58.37482864 58.4991972
OS 58.36166128 58.48932168
OS 58.34849392 58.47780024
OS 58.33532656 58.46298696
OS 58.32298216 58.44735072
OS 58.32298216 58.44652776
OS 58.32133624 58.4457048
OS 58.31969032 58.44323592
OS 58.3180444 58.43912112
OS 58.31557552 58.43500632
OS 58.31228368 58.43006856
OS 58.3057 58.41772416
OS 58.29829336 58.40208792
OS 58.29006376 58.3839828
OS 58.28348008 58.3634088
OS 58.2768964 58.34118888
OS 58.2768964 58.34036592
OS 58.27607344 58.33872
OS 58.27525048 58.33542816
OS 58.27442752 58.3304904
OS 58.27360456 58.32472968
OS 58.27195864 58.318146
OS 58.27113568 58.3099164
OS 58.26948976 58.30086384
OS 58.26784384 58.29181128
OS 58.26702088 58.2811128
OS 58.264552 58.25806992
OS 58.26290608 58.23255816
OS 58.26208312 58.20540048
OS 58.26208312 58.20457752
OS 58.26208312 58.20210864
OS 58.26208312 58.19799384
OS 58.26208312 58.19223312
OS 58.26290608 58.18482648
OS 58.26290608 58.17741984
OS 58.26372904 58.16836728
OS 58.26372904 58.15849176
OS 58.26537496 58.13627184
OS 58.2686668 58.112406
OS 58.27195864 58.08854016
OS 58.2768964 58.06467432
OS 58.2768964 58.06385136
OS 58.27771936 58.06220544
OS 58.27854232 58.0589136
OS 58.27936528 58.05397584
OS 58.2810112 58.04903808
OS 58.28348008 58.04327736
OS 58.28841784 58.02846408
OS 58.29500152 58.01200488
OS 58.30323112 57.99389976
OS 58.31228368 57.9766176
OS 58.32380512 57.95933544
OS 58.32380512 57.95851248
OS 58.32545104 57.95768952
OS 58.32956584 57.9519288
OS 58.33697248 57.94452216
OS 58.34602504 57.9354696
OS 58.35754648 57.92477112
OS 58.3715368 57.91407264
OS 58.387996 57.90337416
OS 58.40527816 57.8943216
OS 58.40610112 57.8943216
OS 58.40774704 57.89349864
OS 58.41021592 57.89267568
OS 58.41433072 57.89102976
OS 58.41926848 57.88938384
OS 58.4250292 57.88691496
OS 58.43161288 57.88526904
OS 58.43901952 57.88362312
OS 58.45630168 57.87950832
OS 58.47687568 57.87539352
OS 58.4990956 57.87292464
OS 58.5237844 57.87210168
OS 58.53283696 57.87210168
OS 58.53942064 57.87292464
OS 58.54765024 57.87292464
OS 58.5567028 57.8737476
OS 58.57645384 57.87621648
OS 58.57809976 57.87621648
OS 58.5813916 57.87703944
OS 58.58715232 57.8778624
OS 58.59455896 57.87950832
OS 58.60361152 57.88115424
OS 58.61266408 57.88362312
OS 58.63406104 57.88856088
OS 58.63570696 57.88856088
OS 58.6389988 57.8902068
OS 58.64475952 57.89185272
OS 58.65216616 57.8943216
OS 58.66121872 57.89679048
OS 58.67109424 57.90008232
OS 58.6924912 57.90748896
OS 58.69413712 57.90831192
OS 58.69742896 57.90913488
OS 58.70318968 57.91160376
OS 58.70977336 57.91407264
OS 58.71800296 57.91736448
OS 58.72705552 57.92147928
OS 58.7459836 57.92970888
OS 58.7459836 57.75935616
OS 58.74516064 57.75935616
OS 58.74269176 57.7585332
OS 58.73939992 57.75688728
OS 58.73528512 57.75524136
OS 58.72870144 57.75277248
OS 58.72211776 57.7503036
OS 58.71471112 57.74783472
OS 58.70565856 57.74454288
OS 58.68673048 57.7379592
OS 58.66533352 57.73219848
OS 58.6431136 57.7256148
OS 58.62007072 57.72067704
OS 58.61924776 57.72067704
OS 58.61760184 57.71985408
OS 58.61431 57.71985408
OS 58.60937224 57.71903112
OS 58.60443448 57.71820816
OS 58.5978508 57.71656224
OS 58.59044416 57.71573928
OS 58.58221456 57.71491632
OS 58.56328648 57.71244744
OS 58.54188952 57.70997856
OS 58.51884664 57.7091556
OS 58.4949808 57.70833264
OS 58.48510528 57.70833264
OS 58.47769864 57.7091556
OS 58.46864608 57.7091556
OS 58.4579476 57.70997856
OS 58.4456032 57.71080152
OS 58.43243584 57.71244744
OS 58.41844552 57.71409336
OS 58.40363224 57.71573928
OS 58.37318272 57.7215
OS 58.34108728 57.72890664
OS 58.3098148 57.73878216
OS 58.30899184 57.73878216
OS 58.30652296 57.74042808
OS 58.30240816 57.742074
OS 58.29664744 57.74454288
OS 58.2892408 57.74783472
OS 58.2810112 57.75194952
OS 58.2727816 57.75606432
OS 58.26290608 57.76182504
OS 58.24150912 57.77416944
OS 58.21846624 57.78980568
OS 58.19542336 57.80873376
OS 58.1740264 57.83013072
OS 58.17320344 57.83095368
OS 58.17155752 57.8325996
OS 58.16908864 57.8367144
OS 58.16497384 57.8408292
OS 58.16003608 57.84741288
OS 58.15509832 57.85399656
OS 58.1493376 57.86222616
OS 58.14275392 57.87210168
OS 58.13617024 57.8819772
OS 58.12958656 57.89349864
OS 58.12217992 57.90584304
OS 58.11559624 57.9190104
OS 58.1081896 57.93382368
OS 58.10160592 57.94863696
OS 58.09008448 57.9807324
OS 58.09008448 57.98155536
OS 58.08926152 57.9848472
OS 58.0876156 57.98978496
OS 58.08596968 57.99636864
OS 58.0835008 58.0054212
OS 58.08103192 58.01529672
OS 58.07856304 58.02764112
OS 58.07609416 58.04080848
OS 58.07362528 58.05562176
OS 58.0711564 58.07208096
OS 58.06868752 58.08936312
OS 58.06621864 58.10746824
OS 58.06457272 58.12721928
OS 58.0629268 58.14697032
OS 58.06210384 58.16836728
OS 58.06210384 58.1905872
OS 58.06210384 58.19223312
OS 58.06210384 58.19634792
OS 58.06210384 58.2029316
OS 58.0629268 58.2111612
OS 58.0629268 58.22185968
OS 58.06374976 58.23420408
OS 58.06457272 58.2481944
OS 58.06621864 58.26383064
OS 58.06786456 58.28028984
OS 58.06951048 58.297572
OS 58.0752712 58.33378224
OS 58.08267784 58.3716384
OS 58.09255336 58.40784864
OS 58.09255336 58.4086716
OS 58.09419928 58.41196344
OS 58.0958452 58.4169012
OS 58.09831408 58.42348488
OS 58.10160592 58.43171448
OS 58.10572072 58.44159
OS 58.10983552 58.45228848
OS 58.11559624 58.46380992
OS 58.12794064 58.48932168
OS 58.14357688 58.51647936
OS 58.16085904 58.54363704
OS 58.18143304 58.5691488
OS 58.182256 58.56997176
OS 58.18390192 58.57244064
OS 58.18719376 58.57573248
OS 58.19213152 58.57984728
OS 58.19789224 58.585608
OS 58.20447592 58.59219168
OS 58.21188256 58.59877536
OS 58.22093512 58.606182
OS 58.23081064 58.6144116
OS 58.24150912 58.6226412
OS 58.25303056 58.6308708
OS 58.26537496 58.6391004
OS 58.29253264 58.6555596
OS 58.3221592 58.66954992
OS 58.32298216 58.67037288
OS 58.326274 58.67119584
OS 58.3303888 58.67284176
OS 58.33697248 58.67531064
OS 58.34437912 58.67777952
OS 58.35425464 58.6802484
OS 58.36495312 58.68354024
OS 58.37647456 58.68683208
OS 58.38964192 58.69012392
OS 58.4044552 58.69341576
OS 58.41926848 58.69588464
OS 58.43572768 58.69835352
OS 58.45300984 58.7008224
OS 58.470292 58.70246832
OS 58.50814816 58.70411424
OS 58.53859768 58.70411424
OS 58.5484732 58.70329128
OE
OB 57.8901052 58.54116816 I
OS 57.6761356 58.54116816
OS 57.6761356 57.87210168
OS 57.8901052 57.87210168
OS 57.8901052 57.7215
OS 57.277 57.7215
OS 57.277 57.87210168
OS 57.4909696 57.87210168
OS 57.4909696 58.54116816
OS 57.277 58.54116816
OS 57.277 58.69012392
OS 57.8901052 58.69012392
OS 57.8901052 58.54116816
OE
SE
S P 0
OB 56.95237022 66.04197358 I
OS 57.72900062 66.04197358
OS 57.72900062 65.77015294
OS 56.95237022 65.77015294
OS 56.95237022 66.04197358
OE
OB 55.34779634 66.5870017 I
OS 55.65567482 66.5870017
OS 55.65567482 65.87693962
OS 56.21041082 65.87693962
OS 56.21041082 66.5870017
OS 56.5182893 66.5870017
OS 56.5182893 64.95469102
OS 56.21041082 64.95469102
OS 56.21041082 65.61066634
OS 55.65567482 65.61066634
OS 55.65567482 64.95469102
OS 55.34779634 64.95469102
OS 55.34779634 66.5870017
OE
OB 54.32569526 66.5870017 I
OS 54.73342622 66.5870017
OS 55.23130178 64.95469102
OS 54.88320494 64.95469102
OS 54.60722378 65.93796058
OS 54.51846602 66.2610943
OS 54.42554774 65.91993166
OS 54.15234026 64.95469102
OS 53.82504602 64.95469102
OS 54.32569526 66.5870017
OE
SE
S P 0
OB 59.00077608 42.76726016 I
OS 59.00900568 42.76726016
OS 59.01805824 42.7664372
OS 59.02793376 42.76561424
OS 59.04933072 42.76396832
OS 59.07319656 42.76067648
OS 59.0970624 42.75656168
OS 59.12010528 42.75080096
OS 59.12092824 42.75080096
OS 59.12257416 42.749978
OS 59.125866 42.74915504
OS 59.1299808 42.74750912
OS 59.13491856 42.7458632
OS 59.14150224 42.74339432
OS 59.15549256 42.73845656
OS 59.1711288 42.73104992
OS 59.18841096 42.72282032
OS 59.20487016 42.7129448
OS 59.22132936 42.70224632
OS 59.22215232 42.70224632
OS 59.22297528 42.7006004
OS 59.22791304 42.6964856
OS 59.23531968 42.68990192
OS 59.24437224 42.68084936
OS 59.25424776 42.67015088
OS 59.26494624 42.65698352
OS 59.27482176 42.64217024
OS 59.28305136 42.62571104
OS 59.28305136 42.62488808
OS 59.28387432 42.62406512
OS 59.28469728 42.62159624
OS 59.2863432 42.61748144
OS 59.28798912 42.61336664
OS 59.28963504 42.60842888
OS 59.29374984 42.59608448
OS 59.29786464 42.5812712
OS 59.30115648 42.56398904
OS 59.30362536 42.54506096
OS 59.30444832 42.52448696
OS 59.30444832 42.523664
OS 59.30444832 42.52037216
OS 59.30444832 42.51625736
OS 59.30362536 42.50967368
OS 59.30362536 42.50226704
OS 59.30197944 42.49403744
OS 59.30115648 42.48416192
OS 59.29951056 42.47346344
OS 59.2945728 42.45124352
OS 59.28716616 42.42737768
OS 59.2822284 42.41585624
OS 59.27729064 42.40351184
OS 59.27070696 42.39281336
OS 59.26330032 42.38211488
OS 59.26247736 42.38129192
OS 59.2616544 42.379646
OS 59.25918552 42.37717712
OS 59.25589368 42.37306232
OS 59.25177888 42.36894752
OS 59.24684112 42.3631868
OS 59.2410804 42.35742608
OS 59.23449672 42.35166536
OS 59.22626712 42.34425872
OS 59.21803752 42.33767504
OS 59.20898496 42.33109136
OS 59.19910944 42.32368472
OS 59.17606656 42.31051736
OS 59.1505548 42.29817296
OS 59.15302368 42.29817296
OS 59.15549256 42.29735
OS 59.1587844 42.29652704
OS 59.167014 42.29488112
OS 59.17853544 42.29241224
OS 59.1917028 42.2891204
OS 59.20651608 42.28418264
OS 59.2205064 42.27924488
OS 59.23531968 42.2726612
OS 59.23614264 42.2726612
OS 59.2369656 42.27183824
OS 59.24190336 42.26936936
OS 59.24848704 42.26525456
OS 59.2575396 42.2603168
OS 59.26741512 42.25291016
OS 59.2781136 42.24550352
OS 59.28881208 42.23645096
OS 59.29951056 42.22575248
OS 59.30033352 42.22410656
OS 59.30362536 42.22081472
OS 59.30856312 42.215054
OS 59.3151468 42.2068244
OS 59.32173048 42.19777184
OS 59.32831416 42.1862504
OS 59.3357208 42.173906
OS 59.34148152 42.16073864
OS 59.34230448 42.15909272
OS 59.3439504 42.15415496
OS 59.34641928 42.14674832
OS 59.34888816 42.1368728
OS 59.35135704 42.1245284
OS 59.35382592 42.11053808
OS 59.35547184 42.09490184
OS 59.3562948 42.07844264
OS 59.3562948 42.07761968
OS 59.3562948 42.0751508
OS 59.3562948 42.07185896
OS 59.3562948 42.06609824
OS 59.35547184 42.06033752
OS 59.35464888 42.05293088
OS 59.35382592 42.04470128
OS 59.35300296 42.03564872
OS 59.34971112 42.01507472
OS 59.34477336 41.99367776
OS 59.33818968 41.97145784
OS 59.32913712 41.94923792
OS 59.32913712 41.94841496
OS 59.32831416 41.94676904
OS 59.32666824 41.9434772
OS 59.32419936 41.9393624
OS 59.32173048 41.93442464
OS 59.31761568 41.92866392
OS 59.30938608 41.91549656
OS 59.29786464 41.89986032
OS 59.28387432 41.88340112
OS 59.26741512 41.86694192
OS 59.24766408 41.85130568
OS 59.24684112 41.85048272
OS 59.2451952 41.84965976
OS 59.24190336 41.84719088
OS 59.23778856 41.844722
OS 59.23202784 41.84143016
OS 59.22544416 41.83731536
OS 59.21803752 41.83320056
OS 59.20980792 41.8282628
OS 59.1999324 41.82332504
OS 59.18923392 41.81838728
OS 59.17771248 41.81344952
OS 59.16536808 41.80851176
OS 59.15302368 41.803574
OS 59.13903336 41.79863624
OS 59.10858384 41.78958368
OS 59.10776088 41.78958368
OS 59.10446904 41.78876072
OS 59.10035424 41.78793776
OS 59.09377056 41.78629184
OS 59.08554096 41.78464592
OS 59.07566544 41.783
OS 59.06496696 41.78053112
OS 59.05262256 41.7788852
OS 59.03863224 41.77723928
OS 59.02381896 41.7747704
OS 59.00735976 41.77312448
OS 58.9900776 41.77147856
OS 58.97114952 41.76983264
OS 58.95222144 41.76900968
OS 58.93164744 41.76818672
OS 58.8954372 41.76818672
OS 58.8872076 41.76900968
OS 58.87815504 41.76900968
OS 58.858404 41.76983264
OS 58.85346624 41.76983264
OS 58.84852848 41.7706556
OS 58.83289224 41.7706556
OS 58.82301672 41.77147856
OS 58.80326568 41.77312448
OS 58.79832792 41.77312448
OS 58.79339016 41.77394744
OS 58.78680648 41.77394744
OS 58.77857688 41.7747704
OS 58.76952432 41.77559336
OS 58.74977328 41.77723928
OS 58.74895032 41.77723928
OS 58.74565848 41.77806224
OS 58.74072072 41.77806224
OS 58.73413704 41.7788852
OS 58.72755336 41.77970816
OS 58.71932376 41.78053112
OS 58.70368752 41.783
OS 58.70368752 41.94018536
OS 58.7061564 41.94018536
OS 58.70862528 41.9393624
OS 58.71191712 41.93853944
OS 58.71603192 41.93771648
OS 58.72096968 41.93689352
OS 58.73413704 41.9352476
OS 58.74977328 41.93277872
OS 58.76705544 41.93030984
OS 58.78680648 41.92784096
OS 58.80820344 41.92537208
OS 58.81067232 41.92537208
OS 58.81396416 41.92454912
OS 58.82383968 41.92454912
OS 58.83042336 41.92372616
OS 58.83700704 41.92372616
OS 58.84523664 41.9229032
OS 58.86334176 41.92208024
OS 58.88391576 41.92125728
OS 58.90613568 41.92043432
OS 58.9448148 41.92043432
OS 58.95139848 41.92125728
OS 58.9653888 41.92208024
OS 58.981848 41.9229032
OS 58.99995312 41.92454912
OS 59.01805824 41.927018
OS 59.0353404 41.93030984
OS 59.03616336 41.93030984
OS 59.03698632 41.9311328
OS 59.0394552 41.9311328
OS 59.04274704 41.93195576
OS 59.05097664 41.93442464
OS 59.06085216 41.93771648
OS 59.0723736 41.94265424
OS 59.084718 41.947592
OS 59.0970624 41.95335272
OS 59.10858384 41.9599364
OS 59.11022976 41.96075936
OS 59.1135216 41.96322824
OS 59.11845936 41.96734304
OS 59.12504304 41.97310376
OS 59.13162672 41.9805104
OS 59.13903336 41.98874
OS 59.14561704 41.99779256
OS 59.15137776 42.00849104
OS 59.15220072 42.01013696
OS 59.15384664 42.0134288
OS 59.15549256 42.01918952
OS 59.1587844 42.02741912
OS 59.16125328 42.03729464
OS 59.1628992 42.04799312
OS 59.16454512 42.06033752
OS 59.16536808 42.07350488
OS 59.16536808 42.0751508
OS 59.16536808 42.0792656
OS 59.16454512 42.08502632
OS 59.16372216 42.09243296
OS 59.16207624 42.10148552
OS 59.1587844 42.11136104
OS 59.15549256 42.12123656
OS 59.1505548 42.13111208
OS 59.14973184 42.13193504
OS 59.14808592 42.13522688
OS 59.14479408 42.14016464
OS 59.13985632 42.14674832
OS 59.1340956 42.153332
OS 59.12668896 42.16073864
OS 59.1176364 42.16814528
OS 59.10776088 42.17555192
OS 59.10611496 42.17637488
OS 59.10282312 42.17884376
OS 59.09623944 42.1821356
OS 59.08800984 42.1862504
OS 59.07731136 42.1903652
OS 59.064144 42.19530296
OS 59.05015368 42.19941776
OS 59.03369448 42.20353256
OS 59.03287152 42.20353256
OS 59.03204856 42.20435552
OS 59.02957968 42.20435552
OS 59.02546488 42.20517848
OS 59.02135008 42.20600144
OS 59.01641232 42.2068244
OS 59.00406792 42.20929328
OS 58.98843168 42.2109392
OS 58.97032656 42.21258512
OS 58.94975256 42.21340808
OS 58.92753264 42.21423104
OS 58.82054784 42.21423104
OS 58.82054784 42.35248832
OS 58.93329336 42.35248832
OS 58.93905408 42.35331128
OS 58.95222144 42.35413424
OS 58.96703472 42.3549572
OS 58.98349392 42.35742608
OS 58.99913016 42.35989496
OS 59.01394344 42.3631868
OS 59.0147664 42.3631868
OS 59.01558936 42.36400976
OS 59.02052712 42.36565568
OS 59.0271108 42.36812456
OS 59.03616336 42.3714164
OS 59.04603888 42.3755312
OS 59.0559144 42.38129192
OS 59.06578992 42.38705264
OS 59.07484248 42.39363632
OS 59.07566544 42.39445928
OS 59.07895728 42.39692816
OS 59.08307208 42.40104296
OS 59.08800984 42.40680368
OS 59.0929476 42.41338736
OS 59.09870832 42.42161696
OS 59.10364608 42.42984656
OS 59.10776088 42.43972208
OS 59.10858384 42.44054504
OS 59.1094068 42.44465984
OS 59.11105272 42.4495976
OS 59.11269864 42.45618128
OS 59.11434456 42.46441088
OS 59.11599048 42.4742864
OS 59.1176364 42.48416192
OS 59.1176364 42.4948604
OS 59.1176364 42.49568336
OS 59.1176364 42.49732928
OS 59.1176364 42.50062112
OS 59.11681344 42.50473592
OS 59.11681344 42.50967368
OS 59.11599048 42.5154344
OS 59.11269864 42.52860176
OS 59.10858384 42.54259208
OS 59.1011772 42.55740536
OS 59.09212464 42.57221864
OS 59.08554096 42.57880232
OS 59.07895728 42.58456304
OS 59.07813432 42.58456304
OS 59.07731136 42.58620896
OS 59.07484248 42.58785488
OS 59.07155064 42.5895008
OS 59.06743584 42.59196968
OS 59.06249808 42.59443856
OS 59.05673736 42.59690744
OS 59.04933072 42.60019928
OS 59.04192408 42.60349112
OS 59.03287152 42.60596
OS 59.022996 42.60842888
OS 59.01229752 42.61089776
OS 59.00077608 42.61336664
OS 58.98760872 42.6141896
OS 58.97444136 42.61583552
OS 58.9448148 42.61583552
OS 58.93823112 42.61501256
OS 58.93164744 42.61501256
OS 58.92341784 42.6141896
OS 58.90613568 42.61336664
OS 58.8872076 42.61089776
OS 58.8666336 42.60842888
OS 58.84523664 42.60431408
OS 58.84441368 42.60431408
OS 58.84276776 42.60349112
OS 58.83947592 42.60349112
OS 58.83536112 42.60266816
OS 58.83042336 42.60102224
OS 58.82466264 42.59937632
OS 58.817256 42.5977304
OS 58.80984936 42.59608448
OS 58.7925672 42.59196968
OS 58.77281616 42.58703192
OS 58.75224216 42.5812712
OS 58.73002224 42.57468752
OS 58.73002224 42.72693512
OS 58.73166816 42.72775808
OS 58.73578296 42.72858104
OS 58.74236664 42.73104992
OS 58.75059624 42.7335188
OS 58.7596488 42.73598768
OS 58.77034728 42.73927952
OS 58.79339016 42.74504024
OS 58.79503608 42.74504024
OS 58.79832792 42.74668616
OS 58.8049116 42.74750912
OS 58.81231824 42.74915504
OS 58.8213708 42.75162392
OS 58.83206928 42.75326984
OS 58.8542892 42.75738464
OS 58.85593512 42.75738464
OS 58.85922696 42.7582076
OS 58.86581064 42.75903056
OS 58.87321728 42.76067648
OS 58.88226984 42.7623224
OS 58.89296832 42.76314536
OS 58.91518824 42.76561424
OS 58.91683416 42.76561424
OS 58.92094896 42.7664372
OS 58.92670968 42.7664372
OS 58.93493928 42.76726016
OS 58.9448148 42.76726016
OS 58.95551328 42.76808312
OS 58.99336944 42.76808312
OS 59.00077608 42.76726016
OE
OB 58.097166 41.9393624 I
OS 58.50700008 41.9393624
OS 58.50700008 41.783
OS 57.912 41.783
OS 57.912 42.75162392
OS 58.097166 42.75162392
OS 58.097166 41.9393624
OE
SE
S P 0
OB 59.57187984 36.7364772 I
OS 59.78502648 36.7364772
OS 59.78502648 36.576
OS 59.13982584 36.576
OS 59.13982584 36.7364772
OS 59.38671384 36.7364772
OS 59.38671384 37.35945792
OS 59.17192128 37.24095168
OS 59.11266816 37.38826152
OS 59.41963224 37.5512076
OS 59.57187984 37.5512076
OS 59.57187984 36.7364772
OE
OB 58.60078704 37.54380096 I
OS 58.61066256 37.54380096
OS 58.62136104 37.542978
OS 58.63288248 37.54215504
OS 58.64522688 37.54133208
OS 58.65839424 37.53968616
OS 58.68637488 37.53557136
OS 58.71517848 37.5306336
OS 58.74315912 37.52404992
OS 58.74398208 37.52404992
OS 58.74645096 37.52322696
OS 58.75056576 37.52158104
OS 58.75550352 37.51993512
OS 58.76126424 37.5182892
OS 58.76867088 37.51582032
OS 58.77690048 37.51252848
OS 58.78513008 37.50923664
OS 58.80488112 37.50018408
OS 58.82463216 37.49030856
OS 58.84520616 37.47796416
OS 58.86413424 37.46397384
OS 58.8649572 37.46315088
OS 58.86660312 37.46232792
OS 58.869072 37.45985904
OS 58.87236384 37.4565672
OS 58.8814164 37.4483376
OS 58.89211488 37.43681616
OS 58.90445928 37.42282584
OS 58.91680368 37.40636664
OS 58.92832512 37.38743856
OS 58.9390236 37.36686456
OS 58.9390236 37.3660416
OS 58.93984656 37.36439568
OS 58.94149248 37.36110384
OS 58.9431384 37.35698904
OS 58.94478432 37.35122832
OS 58.9472532 37.34464464
OS 58.94972208 37.337238
OS 58.95219096 37.3290084
OS 58.95465984 37.31995584
OS 58.95712872 37.31008032
OS 58.96124352 37.2878604
OS 58.96453536 37.2631716
OS 58.96535832 37.23601392
OS 58.96535832 37.23519096
OS 58.96535832 37.23272208
OS 58.96535832 37.22860728
OS 58.96535832 37.22284656
OS 58.96453536 37.21626288
OS 58.9637124 37.20885624
OS 58.96288944 37.19980368
OS 58.96206648 37.18992816
OS 58.95877464 37.1685312
OS 58.95465984 37.14548832
OS 58.94807616 37.12079952
OS 58.93984656 37.09611072
OS 58.93984656 37.09528776
OS 58.9390236 37.09364184
OS 58.93737768 37.08952704
OS 58.9349088 37.08541224
OS 58.93243992 37.07965152
OS 58.92914808 37.07306784
OS 58.92091848 37.05825456
OS 58.91022 37.0409724
OS 58.89705264 37.02204432
OS 58.8814164 37.00311624
OS 58.86413424 36.98501112
OS 58.86331128 36.98418816
OS 58.86166536 36.9833652
OS 58.85919648 36.98089632
OS 58.85508168 36.97760448
OS 58.85014392 36.97348968
OS 58.8443832 36.96937488
OS 58.83779952 36.96443712
OS 58.83039288 36.9586764
OS 58.82134032 36.95291568
OS 58.81228776 36.94715496
OS 58.7908908 36.93481056
OS 58.76702496 36.92328912
OS 58.74069024 36.91259064
OS 58.73986728 36.91259064
OS 58.7373984 36.91176768
OS 58.7332836 36.91012176
OS 58.72752288 36.90847584
OS 58.7209392 36.90682992
OS 58.71188664 36.90436104
OS 58.70201112 36.90189216
OS 58.69131264 36.90024624
OS 58.67896824 36.89777736
OS 58.66580088 36.89530848
OS 58.65181056 36.8928396
OS 58.63699728 36.89119368
OS 58.62136104 36.88954776
OS 58.60407888 36.88790184
OS 58.5686916 36.88707888
OS 58.47652008 36.88707888
OS 58.47652008 36.576
OS 58.293 36.576
OS 58.293 37.54462392
OS 58.59255744 37.54462392
OS 58.60078704 37.54380096
OE
OB 58.57198344 37.39319928 H
OS 58.47652008 37.39319928
OS 58.47652008 37.03850352
OS 58.58597376 37.03850352
OS 58.59502632 37.03932648
OS 58.60654776 37.04014944
OS 58.61889216 37.04179536
OS 58.63370544 37.04344128
OS 58.64769576 37.04673312
OS 58.66168608 37.05084792
OS 58.66250904 37.05084792
OS 58.663332 37.05167088
OS 58.6674468 37.0533168
OS 58.67485344 37.05660864
OS 58.68308304 37.06072344
OS 58.6921356 37.0656612
OS 58.70283408 37.07224488
OS 58.7127096 37.07965152
OS 58.72258512 37.08788112
OS 58.72340808 37.08870408
OS 58.72669992 37.09199592
OS 58.73163768 37.09775664
OS 58.7373984 37.10434032
OS 58.74315912 37.11339288
OS 58.7497428 37.1232684
OS 58.75550352 37.13396688
OS 58.76126424 37.14631128
OS 58.7620872 37.1479572
OS 58.76373312 37.152072
OS 58.76537904 37.15947864
OS 58.76784792 37.1685312
OS 58.7703168 37.18005264
OS 58.77278568 37.19322
OS 58.77360864 37.20721032
OS 58.7744316 37.22284656
OS 58.7744316 37.22366952
OS 58.7744316 37.22449248
OS 58.7744316 37.22943024
OS 58.77360864 37.23683688
OS 58.77278568 37.24588944
OS 58.77113976 37.25658792
OS 58.76949384 37.26893232
OS 58.766202 37.28045376
OS 58.7620872 37.29279816
OS 58.76126424 37.29444408
OS 58.75961832 37.29855888
OS 58.75714944 37.3043196
OS 58.75303464 37.31172624
OS 58.74727392 37.31995584
OS 58.74069024 37.3290084
OS 58.7332836 37.33806096
OS 58.72423104 37.34711352
OS 58.72340808 37.34793648
OS 58.72011624 37.35040536
OS 58.71435552 37.35452016
OS 58.70694888 37.35945792
OS 58.69789632 37.36521864
OS 58.68719784 37.37097936
OS 58.6756764 37.37591712
OS 58.66168608 37.38085488
OS 58.66086312 37.38085488
OS 58.66004016 37.38167784
OS 58.6551024 37.3825008
OS 58.6468728 37.38496968
OS 58.63617432 37.38743856
OS 58.62300696 37.38908448
OS 58.60819368 37.39155336
OS 58.59091152 37.39237632
OS 58.57198344 37.39319928
OE
SE
S P 0
OB 60.0571316 98.679 I
OS 59.83410944 98.679
OS 59.57487704 99.25671792
OS 59.5222076 99.38098488
OS 59.5222076 98.9793804
OS 59.5222076 98.679
OS 59.35596968 98.679
OS 59.35596968 99.64762392
OS 59.5798148 99.64762392
OS 59.84398496 99.0657912
OS 59.89089368 98.95222272
OS 59.89089368 99.37933896
OS 59.89089368 99.64762392
OS 60.0571316 99.64762392
OS 60.0571316 98.679
OE
OB 60.66776792 99.66079128 I
OS 60.68998784 99.65996832
OS 60.6949256 99.65996832
OS 60.70068632 99.65914536
OS 60.70809296 99.6583224
OS 60.71714552 99.65749944
OS 60.72702104 99.65667648
OS 60.74759504 99.6542076
OS 60.74924096 99.6542076
OS 60.7525328 99.65338464
OS 60.75829352 99.65256168
OS 60.7648772 99.65091576
OS 60.77392976 99.64926984
OS 60.78298232 99.64762392
OS 60.80437928 99.64268616
OS 60.8060252 99.64268616
OS 60.80931704 99.6418632
OS 60.81507776 99.64021728
OS 60.82330736 99.63857136
OS 60.83235992 99.63610248
OS 60.84223544 99.63281064
OS 60.86527832 99.62622696
OS 60.86527832 99.44517576
OS 60.86445536 99.44517576
OS 60.86280944 99.44682168
OS 60.85869464 99.44764464
OS 60.85457984 99.45011352
OS 60.84881912 99.4525824
OS 60.84223544 99.45505128
OS 60.8348288 99.45834312
OS 60.8265992 99.46163496
OS 60.80767112 99.46821864
OS 60.78792008 99.47562528
OS 60.76570016 99.48220896
OS 60.7443032 99.48714672
OS 60.74348024 99.48714672
OS 60.74183432 99.48796968
OS 60.73854248 99.48879264
OS 60.73442768 99.4896156
OS 60.72948992 99.49043856
OS 60.7237292 99.49126152
OS 60.70973888 99.4937304
OS 60.69410264 99.49619928
OS 60.67682048 99.49866816
OS 60.65871536 99.49949112
OS 60.64061024 99.50031408
OS 60.6290888 99.50031408
OS 60.62332808 99.49949112
OS 60.61592144 99.49866816
OS 60.6085148 99.4978452
OS 60.6002852 99.49702224
OS 60.58135712 99.4937304
OS 60.56160608 99.4896156
OS 60.54103208 99.48303192
OS 60.522104 99.47480232
OS 60.52128104 99.47480232
OS 60.51963512 99.47397936
OS 60.51716624 99.47233344
OS 60.5138744 99.46986456
OS 60.50482184 99.4649268
OS 60.49412336 99.4566972
OS 60.480956 99.44682168
OS 60.46778864 99.43530024
OS 60.45462128 99.42048696
OS 60.44227688 99.40485072
OS 60.44227688 99.40402776
OS 60.44063096 99.4032048
OS 60.43898504 99.40073592
OS 60.43733912 99.39662112
OS 60.43487024 99.39250632
OS 60.4315784 99.38756856
OS 60.42499472 99.37522416
OS 60.41758808 99.35958792
OS 60.40935848 99.3414828
OS 60.4027748 99.3209088
OS 60.39619112 99.29868888
OS 60.39619112 99.29786592
OS 60.39536816 99.29622
OS 60.3945452 99.29292816
OS 60.39372224 99.2879904
OS 60.39289928 99.28222968
OS 60.39125336 99.275646
OS 60.3904304 99.2674164
OS 60.38878448 99.25836384
OS 60.38713856 99.24931128
OS 60.3863156 99.2386128
OS 60.38384672 99.21556992
OS 60.3822008 99.19005816
OS 60.38137784 99.16290048
OS 60.38137784 99.16207752
OS 60.38137784 99.15960864
OS 60.38137784 99.15549384
OS 60.38137784 99.14973312
OS 60.3822008 99.14232648
OS 60.3822008 99.13491984
OS 60.38302376 99.12586728
OS 60.38302376 99.11599176
OS 60.38466968 99.09377184
OS 60.38796152 99.069906
OS 60.39125336 99.04604016
OS 60.39619112 99.02217432
OS 60.39619112 99.02135136
OS 60.39701408 99.01970544
OS 60.39783704 99.0164136
OS 60.39866 99.01147584
OS 60.40030592 99.00653808
OS 60.4027748 99.00077736
OS 60.40771256 98.98596408
OS 60.41429624 98.96950488
OS 60.42252584 98.95139976
OS 60.4315784 98.9341176
OS 60.44309984 98.91683544
OS 60.44309984 98.91601248
OS 60.44474576 98.91518952
OS 60.44886056 98.9094288
OS 60.4562672 98.90202216
OS 60.46531976 98.8929696
OS 60.4768412 98.88227112
OS 60.49083152 98.87157264
OS 60.50729072 98.86087416
OS 60.52457288 98.8518216
OS 60.52539584 98.8518216
OS 60.52704176 98.85099864
OS 60.52951064 98.85017568
OS 60.53362544 98.84852976
OS 60.5385632 98.84688384
OS 60.54432392 98.84441496
OS 60.5509076 98.84276904
OS 60.55831424 98.84112312
OS 60.5755964 98.83700832
OS 60.5961704 98.83289352
OS 60.61839032 98.83042464
OS 60.64307912 98.82960168
OS 60.65213168 98.82960168
OS 60.65871536 98.83042464
OS 60.66694496 98.83042464
OS 60.67599752 98.8312476
OS 60.69574856 98.83371648
OS 60.69739448 98.83371648
OS 60.70068632 98.83453944
OS 60.70644704 98.8353624
OS 60.71385368 98.83700832
OS 60.72290624 98.83865424
OS 60.7319588 98.84112312
OS 60.75335576 98.84606088
OS 60.75500168 98.84606088
OS 60.75829352 98.8477068
OS 60.76405424 98.84935272
OS 60.77146088 98.8518216
OS 60.78051344 98.85429048
OS 60.79038896 98.85758232
OS 60.81178592 98.86498896
OS 60.81343184 98.86581192
OS 60.81672368 98.86663488
OS 60.8224844 98.86910376
OS 60.82906808 98.87157264
OS 60.83729768 98.87486448
OS 60.84635024 98.87897928
OS 60.86527832 98.88720888
OS 60.86527832 98.71685616
OS 60.86445536 98.71685616
OS 60.86198648 98.7160332
OS 60.85869464 98.71438728
OS 60.85457984 98.71274136
OS 60.84799616 98.71027248
OS 60.84141248 98.7078036
OS 60.83400584 98.70533472
OS 60.82495328 98.70204288
OS 60.8060252 98.6954592
OS 60.78462824 98.68969848
OS 60.76240832 98.6831148
OS 60.73936544 98.67817704
OS 60.73854248 98.67817704
OS 60.73689656 98.67735408
OS 60.73360472 98.67735408
OS 60.72866696 98.67653112
OS 60.7237292 98.67570816
OS 60.71714552 98.67406224
OS 60.70973888 98.67323928
OS 60.70150928 98.67241632
OS 60.6825812 98.66994744
OS 60.66118424 98.66747856
OS 60.63814136 98.6666556
OS 60.61427552 98.66583264
OS 60.6044 98.66583264
OS 60.59699336 98.6666556
OS 60.5879408 98.6666556
OS 60.57724232 98.66747856
OS 60.56489792 98.66830152
OS 60.55173056 98.66994744
OS 60.53774024 98.67159336
OS 60.52292696 98.67323928
OS 60.49247744 98.679
OS 60.460382 98.68640664
OS 60.42910952 98.69628216
OS 60.42828656 98.69628216
OS 60.42581768 98.69792808
OS 60.42170288 98.699574
OS 60.41594216 98.70204288
OS 60.40853552 98.70533472
OS 60.40030592 98.70944952
OS 60.39207632 98.71356432
OS 60.3822008 98.71932504
OS 60.36080384 98.73166944
OS 60.33776096 98.74730568
OS 60.31471808 98.76623376
OS 60.29332112 98.78763072
OS 60.29249816 98.78845368
OS 60.29085224 98.7900996
OS 60.28838336 98.7942144
OS 60.28426856 98.7983292
OS 60.2793308 98.80491288
OS 60.27439304 98.81149656
OS 60.26863232 98.81972616
OS 60.26204864 98.82960168
OS 60.25546496 98.8394772
OS 60.24888128 98.85099864
OS 60.24147464 98.86334304
OS 60.23489096 98.8765104
OS 60.22748432 98.89132368
OS 60.22090064 98.90613696
OS 60.2093792 98.9382324
OS 60.2093792 98.93905536
OS 60.20855624 98.9423472
OS 60.20691032 98.94728496
OS 60.2052644 98.95386864
OS 60.20279552 98.9629212
OS 60.20032664 98.97279672
OS 60.19785776 98.98514112
OS 60.19538888 98.99830848
OS 60.19292 99.01312176
OS 60.19045112 99.02958096
OS 60.18798224 99.04686312
OS 60.18551336 99.06496824
OS 60.18386744 99.08471928
OS 60.18222152 99.10447032
OS 60.18139856 99.12586728
OS 60.18139856 99.1480872
OS 60.18139856 99.14973312
OS 60.18139856 99.15384792
OS 60.18139856 99.1604316
OS 60.18222152 99.1686612
OS 60.18222152 99.17935968
OS 60.18304448 99.19170408
OS 60.18386744 99.2056944
OS 60.18551336 99.22133064
OS 60.18715928 99.23778984
OS 60.1888052 99.255072
OS 60.19456592 99.29128224
OS 60.20197256 99.3291384
OS 60.21184808 99.36534864
OS 60.21184808 99.3661716
OS 60.213494 99.36946344
OS 60.21513992 99.3744012
OS 60.2176088 99.38098488
OS 60.22090064 99.38921448
OS 60.22501544 99.39909
OS 60.22913024 99.40978848
OS 60.23489096 99.42130992
OS 60.24723536 99.44682168
OS 60.2628716 99.47397936
OS 60.28015376 99.50113704
OS 60.30072776 99.5266488
OS 60.30155072 99.52747176
OS 60.30319664 99.52994064
OS 60.30648848 99.53323248
OS 60.31142624 99.53734728
OS 60.31718696 99.543108
OS 60.32377064 99.54969168
OS 60.33117728 99.55627536
OS 60.34022984 99.563682
OS 60.35010536 99.5719116
OS 60.36080384 99.5801412
OS 60.37232528 99.5883708
OS 60.38466968 99.5966004
OS 60.41182736 99.6130596
OS 60.44145392 99.62704992
OS 60.44227688 99.62787288
OS 60.44556872 99.62869584
OS 60.44968352 99.63034176
OS 60.4562672 99.63281064
OS 60.46367384 99.63527952
OS 60.47354936 99.6377484
OS 60.48424784 99.64104024
OS 60.49576928 99.64433208
OS 60.50893664 99.64762392
OS 60.52374992 99.65091576
OS 60.5385632 99.65338464
OS 60.5550224 99.65585352
OS 60.57230456 99.6583224
OS 60.58958672 99.65996832
OS 60.62744288 99.66161424
OS 60.6578924 99.66161424
OS 60.66776792 99.66079128
OE
OB 61.49978048 98.8394772 I
OS 61.71292712 98.8394772
OS 61.71292712 98.679
OS 61.06772648 98.679
OS 61.06772648 98.8394772
OS 61.31461448 98.8394772
OS 61.31461448 99.46245792
OS 61.09982192 99.34395168
OS 61.0405688 99.49126152
OS 61.34753288 99.6542076
OS 61.49978048 99.6542076
OS 61.49978048 98.8394772
OE
OB 58.88688248 99.64680096 I
OS 58.9008728 99.645978
OS 58.91650904 99.64433208
OS 58.9337912 99.64268616
OS 58.95271928 99.64021728
OS 58.97247032 99.63692544
OS 58.99304432 99.6336336
OS 59.01361832 99.62869584
OS 59.03419232 99.62293512
OS 59.05394336 99.61635144
OS 59.07287144 99.60812184
OS 59.09097656 99.59989224
OS 59.10743576 99.58919376
OS 59.10825872 99.5883708
OS 59.1107276 99.58672488
OS 59.1148424 99.58343304
OS 59.12060312 99.57849528
OS 59.12636384 99.5719116
OS 59.13377048 99.56450496
OS 59.14117712 99.55627536
OS 59.14940672 99.54557688
OS 59.15681336 99.53405544
OS 59.16422 99.52171104
OS 59.17162664 99.50689776
OS 59.17738736 99.49126152
OS 59.18314808 99.47397936
OS 59.18726288 99.45587424
OS 59.18973176 99.4361232
OS 59.19055472 99.41472624
OS 59.19055472 99.41308032
OS 59.19055472 99.40896552
OS 59.18973176 99.40155888
OS 59.18973176 99.39250632
OS 59.18808584 99.38180784
OS 59.18643992 99.36946344
OS 59.184794 99.35711904
OS 59.18150216 99.34395168
OS 59.18150216 99.34230576
OS 59.17985624 99.33819096
OS 59.17821032 99.33160728
OS 59.17491848 99.32337768
OS 59.17162664 99.31350216
OS 59.16668888 99.30280368
OS 59.16175112 99.29128224
OS 59.15516744 99.28058376
OS 59.15434448 99.27893784
OS 59.1518756 99.275646
OS 59.14858376 99.27070824
OS 59.14282304 99.2633016
OS 59.13706232 99.25589496
OS 59.12883272 99.2468424
OS 59.12060312 99.23778984
OS 59.1107276 99.22956024
OS 59.10990464 99.22873728
OS 59.10578984 99.2262684
OS 59.10085208 99.2221536
OS 59.09344544 99.21721584
OS 59.08356992 99.21145512
OS 59.07287144 99.2056944
OS 59.06135 99.19993368
OS 59.04818264 99.19499592
OS 59.04982856 99.19499592
OS 59.05476632 99.19335
OS 59.06135 99.19170408
OS 59.07040256 99.1892352
OS 59.08110104 99.18594336
OS 59.09262248 99.18182856
OS 59.10496688 99.1768908
OS 59.11731128 99.17113008
OS 59.1189572 99.17030712
OS 59.123072 99.16783824
OS 59.12883272 99.1645464
OS 59.13706232 99.15878568
OS 59.14611488 99.152202
OS 59.15516744 99.14479536
OS 59.16504296 99.1357428
OS 59.17491848 99.12586728
OS 59.17574144 99.12422136
OS 59.17903328 99.12092952
OS 59.18314808 99.1151688
OS 59.1889088 99.1069392
OS 59.19549248 99.09788664
OS 59.20207616 99.0863652
OS 59.20865984 99.0740208
OS 59.21442056 99.06003048
OS 59.21524352 99.05838456
OS 59.21688944 99.0534468
OS 59.21935832 99.04604016
OS 59.2218272 99.03534168
OS 59.22429608 99.02299728
OS 59.22676496 99.00900696
OS 59.22841088 98.99337072
OS 59.22923384 98.97608856
OS 59.22923384 98.97444264
OS 59.22923384 98.96950488
OS 59.22841088 98.96209824
OS 59.22758792 98.95139976
OS 59.225942 98.93987832
OS 59.22429608 98.92506504
OS 59.22100424 98.9094288
OS 59.21688944 98.8929696
OS 59.21112872 98.87486448
OS 59.20454504 98.85675936
OS 59.1971384 98.83783128
OS 59.18726288 98.81972616
OS 59.17574144 98.80162104
OS 59.16257408 98.78433888
OS 59.14693784 98.76787968
OS 59.12965568 98.7530664
OS 59.12883272 98.75224344
OS 59.12471792 98.74977456
OS 59.1189572 98.74648272
OS 59.11155056 98.74154496
OS 59.10085208 98.73578424
OS 59.08850768 98.73002352
OS 59.0736944 98.72261688
OS 59.05641224 98.7160332
OS 59.03748416 98.70944952
OS 59.0160872 98.70286584
OS 58.99222136 98.69628216
OS 58.9667096 98.69052144
OS 58.93872896 98.68558368
OS 58.90827944 98.68229184
OS 58.87700696 98.67982296
OS 58.84244264 98.679
OS 58.547 98.679
OS 58.547 99.64762392
OS 58.87536104 99.64762392
OS 58.88688248 99.64680096
OE
OB 58.85396408 99.50278296 H
OS 58.7280512 99.50278296
OS 58.7280512 99.2468424
OS 58.84573448 99.2468424
OS 58.85396408 99.24766536
OS 58.8638396 99.24848832
OS 58.87536104 99.24931128
OS 58.88770544 99.25178016
OS 58.9008728 99.25424904
OS 58.91239424 99.25754088
OS 58.91404016 99.25836384
OS 58.917332 99.2591868
OS 58.92309272 99.26165568
OS 58.93049936 99.26494752
OS 58.93872896 99.26906232
OS 58.94695856 99.27400008
OS 58.95518816 99.2797608
OS 58.96341776 99.28634448
OS 58.96424072 99.28716744
OS 58.9667096 99.28963632
OS 58.97000144 99.29375112
OS 58.97411624 99.29868888
OS 58.979054 99.30527256
OS 58.98399176 99.3126792
OS 58.98810656 99.3209088
OS 58.9913984 99.32996136
OS 58.99222136 99.33078432
OS 58.99304432 99.33407616
OS 58.99469024 99.33901392
OS 58.99633616 99.3455976
OS 58.99798208 99.3538272
OS 58.99880504 99.36287976
OS 59.00045096 99.37275528
OS 59.00045096 99.3826308
OS 59.00045096 99.38427672
OS 59.00045096 99.38756856
OS 58.999628 99.39250632
OS 58.999628 99.39909
OS 58.99798208 99.40649664
OS 58.99633616 99.41472624
OS 58.99469024 99.4237788
OS 58.9913984 99.4320084
OS 58.9913984 99.43283136
OS 58.98975248 99.4361232
OS 58.9872836 99.440238
OS 58.98481472 99.44517576
OS 58.98069992 99.45093648
OS 58.97576216 99.45752016
OS 58.96917848 99.46410384
OS 58.9625948 99.46986456
OS 58.96177184 99.47068752
OS 58.95930296 99.47233344
OS 58.9543652 99.47562528
OS 58.94860448 99.47891712
OS 58.9420208 99.48220896
OS 58.93296824 99.48632376
OS 58.92309272 99.49043856
OS 58.91239424 99.4937304
OS 58.91074832 99.49455336
OS 58.90663352 99.49537632
OS 58.9008728 99.49702224
OS 58.89182024 99.49866816
OS 58.88112176 99.50031408
OS 58.8679544 99.50113704
OS 58.85396408 99.50278296
OE
OB 58.85807888 99.10776216 H
OS 58.7280512 99.10776216
OS 58.7280512 98.82795576
OS 58.86219368 98.82795576
OS 58.87042328 98.82877872
OS 58.88112176 98.82960168
OS 58.8926432 98.83042464
OS 58.90581056 98.83289352
OS 58.91897792 98.8353624
OS 58.93132232 98.83865424
OS 58.93296824 98.8394772
OS 58.93708304 98.84112312
OS 58.94284376 98.843592
OS 58.95107336 98.84688384
OS 58.96012592 98.85099864
OS 58.96917848 98.85675936
OS 58.97823104 98.86252008
OS 58.9872836 98.86910376
OS 58.98810656 98.86992672
OS 58.99057544 98.8723956
OS 58.99469024 98.8765104
OS 58.999628 98.88227112
OS 59.00538872 98.8888548
OS 59.01114944 98.8970844
OS 59.0160872 98.905314
OS 59.02102496 98.91518952
OS 59.02184792 98.91683544
OS 59.02267088 98.92012728
OS 59.0243168 98.92506504
OS 59.02678568 98.93247168
OS 59.02925456 98.94152424
OS 59.03090048 98.9505768
OS 59.03172344 98.96127528
OS 59.0325464 98.97279672
OS 59.0325464 98.97361968
OS 59.0325464 98.9752656
OS 59.0325464 98.97855744
OS 59.03172344 98.9834952
OS 59.03090048 98.98843296
OS 59.03007752 98.99501664
OS 59.02678568 99.00900696
OS 59.02102496 99.0246432
OS 59.01691016 99.0328728
OS 59.01279536 99.0411024
OS 59.00703464 99.049332
OS 59.00045096 99.0575616
OS 58.99304432 99.06496824
OS 58.98481472 99.07155192
OS 58.98399176 99.07237488
OS 58.98234584 99.07319784
OS 58.97987696 99.07484376
OS 58.97576216 99.07731264
OS 58.9708244 99.07978152
OS 58.96506368 99.08307336
OS 58.95765704 99.0863652
OS 58.94942744 99.08965704
OS 58.93955192 99.09294888
OS 58.92885344 99.09624072
OS 58.917332 99.09953256
OS 58.90416464 99.10200144
OS 58.89017432 99.10447032
OS 58.87453808 99.10611624
OS 58.85807888 99.10776216
OE
SE
S P 0
OB 61.2433624 50.487834 I
OS 61.2433624 50.07799992
OS 61.087 50.07799992
OS 61.087 50.673
OS 62.05562392 50.673
OS 62.05562392 50.487834
OS 61.2433624 50.487834
OE
OB 62.07126016 49.562004 I
OS 62.07126016 49.55459736
OS 62.0704372 49.54636776
OS 62.06961424 49.5373152
OS 62.06714536 49.51756416
OS 62.06385352 49.4961672
OS 62.05973872 49.47394728
OS 62.05315504 49.45172736
OS 62.05315504 49.4509044
OS 62.05233208 49.44925848
OS 62.05150912 49.44596664
OS 62.0498632 49.44185184
OS 62.04821728 49.43691408
OS 62.0457484 49.43115336
OS 62.03998768 49.41716304
OS 62.03175808 49.4015268
OS 62.02270552 49.3850676
OS 62.01200704 49.3686084
OS 61.99966264 49.3521492
OS 61.99966264 49.35132624
OS 61.99801672 49.35050328
OS 61.99307896 49.34556552
OS 61.98567232 49.33815888
OS 61.97497384 49.32910632
OS 61.96262944 49.31840784
OS 61.9469932 49.30770936
OS 61.92971104 49.29783384
OS 61.91078296 49.28878128
OS 61.90996 49.28878128
OS 61.90831408 49.28795832
OS 61.90502224 49.2863124
OS 61.9017304 49.28548944
OS 61.89596968 49.28302056
OS 61.89020896 49.28137464
OS 61.88362528 49.27972872
OS 61.87539568 49.27725984
OS 61.85729056 49.27314504
OS 61.83671656 49.26903024
OS 61.81367368 49.26656136
OS 61.78816192 49.2657384
OS 61.78733896 49.2657384
OS 61.78569304 49.2657384
OS 61.7824012 49.2657384
OS 61.7782864 49.2657384
OS 61.77334864 49.26656136
OS 61.76676496 49.26656136
OS 61.75277464 49.26738432
OS 61.73631544 49.2698532
OS 61.71738736 49.27232208
OS 61.69845928 49.27643688
OS 61.6795312 49.28137464
OS 61.67870824 49.28137464
OS 61.67706232 49.2821976
OS 61.67459344 49.28302056
OS 61.6713016 49.28384352
OS 61.66636384 49.28548944
OS 61.66142608 49.28795832
OS 61.64908168 49.29289608
OS 61.6342684 49.29947976
OS 61.6178092 49.3068864
OS 61.60052704 49.31593896
OS 61.58242192 49.32663744
OS 61.58159896 49.32663744
OS 61.57995304 49.32828336
OS 61.57748416 49.32992928
OS 61.57419232 49.3315752
OS 61.57007752 49.33486704
OS 61.56513976 49.33815888
OS 61.55279536 49.34721144
OS 61.53798208 49.35790992
OS 61.52234584 49.37025432
OS 61.50506368 49.38424464
OS 61.48695856 49.39988088
OS 61.4861356 49.40070384
OS 61.48448968 49.4015268
OS 61.4820208 49.40399568
OS 61.47872896 49.40728752
OS 61.47461416 49.41140232
OS 61.4696764 49.41634008
OS 61.457332 49.42868448
OS 61.44169576 49.44349776
OS 61.42523656 49.45995696
OS 61.40713144 49.47888504
OS 61.3873804 49.49863608
OS 61.25406088 49.63936224
OS 61.25406088 49.23117408
OS 61.087 49.23117408
OS 61.087 49.88871912
OS 61.22031952 49.88871912
OS 61.4491024 49.65993624
OS 61.44992536 49.65911328
OS 61.45157128 49.65746736
OS 61.45568608 49.65335256
OS 61.45980088 49.64923776
OS 61.4655616 49.64347704
OS 61.47214528 49.63771632
OS 61.48695856 49.62290304
OS 61.50424072 49.60644384
OS 61.5231688 49.58916168
OS 61.54209688 49.57270248
OS 61.560202 49.55706624
OS 61.56102496 49.55624328
OS 61.56267088 49.55542032
OS 61.56513976 49.55295144
OS 61.5684316 49.55048256
OS 61.5766612 49.54307592
OS 61.58818264 49.53484632
OS 61.60135 49.5249708
OS 61.61534032 49.51509528
OS 61.62933064 49.50521976
OS 61.64332096 49.49699016
OS 61.64414392 49.49699016
OS 61.64496688 49.4961672
OS 61.64990464 49.49369832
OS 61.65648832 49.48958352
OS 61.66554088 49.48546872
OS 61.67623936 49.48053096
OS 61.6877608 49.47641616
OS 61.7001052 49.47230136
OS 61.71162664 49.46900952
OS 61.71327256 49.46900952
OS 61.71738736 49.46818656
OS 61.72314808 49.46654064
OS 61.73137768 49.46489472
OS 61.7412532 49.46407176
OS 61.75195168 49.46242584
OS 61.76347312 49.46160288
OS 61.77581752 49.46160288
OS 61.77746344 49.46160288
OS 61.78075528 49.46160288
OS 61.78569304 49.46242584
OS 61.79309968 49.46242584
OS 61.80132928 49.46407176
OS 61.80955888 49.46571768
OS 61.8194344 49.4673636
OS 61.82848696 49.47065544
OS 61.82930992 49.47065544
OS 61.83260176 49.47230136
OS 61.83753952 49.47477024
OS 61.84330024 49.47723912
OS 61.84988392 49.48135392
OS 61.85729056 49.48546872
OS 61.87128088 49.49699016
OS 61.87210384 49.49781312
OS 61.87457272 49.500282
OS 61.87786456 49.50357384
OS 61.88197936 49.5085116
OS 61.88609416 49.51509528
OS 61.89103192 49.52250192
OS 61.89596968 49.53155448
OS 61.90008448 49.54060704
OS 61.90090744 49.54143
OS 61.9017304 49.54472184
OS 61.90337632 49.55048256
OS 61.9058452 49.55706624
OS 61.90831408 49.5661188
OS 61.90996 49.57599432
OS 61.91078296 49.5866928
OS 61.91160592 49.5990372
OS 61.91160592 49.60891272
OS 61.91078296 49.61385048
OS 61.90996 49.6196112
OS 61.90831408 49.63360152
OS 61.90502224 49.65006072
OS 61.90090744 49.66734288
OS 61.89432376 49.68627096
OS 61.88609416 49.70519904
OS 61.88609416 49.706022
OS 61.8852712 49.70766792
OS 61.88362528 49.7101368
OS 61.88197936 49.71342864
OS 61.87951048 49.71754344
OS 61.87621864 49.7224812
OS 61.868812 49.7348256
OS 61.85893648 49.74881592
OS 61.848238 49.76445216
OS 61.83507064 49.78091136
OS 61.82025736 49.79737056
OS 61.9428784 49.89283392
OS 61.94370136 49.89201096
OS 61.94534728 49.89036504
OS 61.94863912 49.88625024
OS 61.95275392 49.88213544
OS 61.95769168 49.87555176
OS 61.9634524 49.86896808
OS 61.97003608 49.86073848
OS 61.97661976 49.85168592
OS 61.9840264 49.8418104
OS 61.99143304 49.83111192
OS 62.00706928 49.80642312
OS 62.02270552 49.7800884
OS 62.03669584 49.7512848
OS 62.0375188 49.75046184
OS 62.03834176 49.74799296
OS 62.03998768 49.7430552
OS 62.04245656 49.73729448
OS 62.04492544 49.72988784
OS 62.04821728 49.72165824
OS 62.05150912 49.71178272
OS 62.05480096 49.70026128
OS 62.0580928 49.68791688
OS 62.06056168 49.67474952
OS 62.06385352 49.6607592
OS 62.0663224 49.64594592
OS 62.0704372 49.61385048
OS 62.07208312 49.59739128
OS 62.07208312 49.56776472
OS 62.07126016 49.562004
OE
SE
