UNITS=MM
#Layer_Physical_Order=1
#Layer_Color=255
#
#Feature symbol names
#
$0 rect10668x8890
$1 rect1066.8x3810
$2 rect900.00074x800.00094
$3 rect800.00094x900.00074
$4 rect2286x762
$5 rect1499.99954x1100.00034
$6 rect1000.00054x1599.99934
$7 rect1799.99894x1299.99994
$8 rect1100.00034x1499.99954
$9 rect1299.99994x1799.99894
$10 rect2999.99908x1599.99934
$11 rect5800.0011x6200.0003
$12 s950.00064
$13 rect1599.99934x1000.00054
$14 rect499.999x900.00074
$15 oval599.9988x1449.99964
$16 oval2100.00088x299.9994
$17 oval299.9994x2100.00088
$18 oval1000.00054x599.9988
$19 oval1899.99874x599.9988
$20 oval599.9988x1000.00054
$21 s2699.99968
$22 rect2400.00028x760.00102xr189.99962
$23 oval254x1349.99984
$24 r254
$25 r508
$26 r1270
$27 r762
$28 r152.4
$29 r228.6
$30 rect3048x4318
$31 rect4015.23708x4009.58812
$32 rect22109.34872x3222.1678
$33 rect4471.97988x1752.83876
$34 rect3006.32876x1752.83876
$35 r2000.00108
$36 s2000.00108
$37 s1599.99934
$38 r1599.99934
$39 r5000.00016
$40 s1270
$41 r1778
$42 s1778
$43 r5499.99916
$44 r660.4

#
#Feature attribute names
#
@0 .geometry
@1 .pad_usage
@2 .smd
@3 .nomenclature
@4 .string
@5 .string_angle

#
#Feature attribute text strings
#
&0 SMD_RectX10668.0000Y8890.0000
&1 SMD_RectX1066.8000Y3810.0000
&2 SMD_RectX900.0007Y800.0009
&3 SMD_RectX800.0009Y900.0007
&4 SMD_RectX2286.0000Y762.0000
&5 SMD_RectX1499.9995Y1100.0003
&6 SMD_RectX1000.0005Y1599.9993
&7 SMD_RectX1799.9989Y1299.9999
&8 SMD_RectX1100.0003Y1499.9995
&9 SMD_RectX1299.9999Y1799.9989
&10 SMD_RectX2999.9991Y1599.9993
&11 SMD_RectX5800.0011Y6200.0003
&12 SMD_SquareX950.0006Y950.0006
&13 SMD_RectX1599.9993Y1000.0005
&14 SMD_RectX499.9990Y900.0007
&15 SMD_OvalX599.9988Y1449.9996
&16 SMD_OvalX2100.0009Y299.9994
&17 SMD_OvalX299.9994Y2100.0009
&18 SMD_OvalX1000.0005Y599.9988
&19 SMD_OvalX1899.9987Y599.9988
&20 SMD_OvalX599.9988Y1000.0005
&21 SMD_SquareX2699.9997Y2699.9997
&22 SMD_RoundRectX2400.0003Y760.0010
&23 SMD_OvalX254.0000Y1349.9998
&24 L1
&25 Pad_Simple_X2000.0011Y2000.0011H1100.0003C2116.0003
&26 Pad_Simple_X1599.9993Y1599.9993H1000.0005C2016.0005
&27 Pad_Simple_X5000.0002Y5000.0002H3200.0012C4216.0012
&28 Pad_Simple_X1270.0000Y1270.0000H900.0007C1916.0007
&29 Pad_Simple_X1778.0000Y1778.0000H1299.9974C2315.9974
&30 Pad_Simple_X5499.9992Y5499.9992H3300.0010C4316.0010
&31 VIA_RoundD660.4000H355.6000C1371.6000

#
#Layer features
#
L -0.24999696 23.80199964 0.00000254 23.80199964 26 P 0
L -0.39370508 137.13770388 -0.39370508 137.88469248 28 P 0
L -0.39370508 137.13770388 0.1427988 136.6012 28 P 0
L -0.39370508 137.88469248 0.50799492 138.78639248 28 P 0
L -0.508 119.13380796 -0.508 119.888 25 P 0
L -0.56660796 119.0752 -0.508 119.13380796 25 P 0
L -0.63599822 113.9952 -0.56660796 113.9952 25 P 0
L -0.65491614 174.52328824 -0.65491614 176.80328876 28 P 0
L -0.65491614 176.80328876 0.2909951 177.7492 28 P 0
L -0.762 112.776 -0.762 113.86919822 25 P 0
L -0.762 113.86919822 -0.63599822 113.9952 25 P 0
L -1.016 100.29321064 -1.016 102.362 24 P 0
L -1.016 102.362 -1.016 103.31318936 24 P 0
L -1.016 103.34121064 -1.016 104.394 24 P 0
L -1.02861872 94.18459192 -1.02861872 96.07572352 24 P 0
L -1.02861872 96.07572352 -1.02861872 97.22980808 24 P 0
L -1.03001064 94.1832 -1.02861872 94.18459192 24 P 0
L -1.03001064 97.2312 -1.02861872 97.22980808 24 P 0
L -1.03001064 100.2792 -1.016 100.29321064 24 P 0
L -1.03001064 103.3272 -1.016 103.31318936 24 P 0
L -1.03001064 103.3272 -1.016 103.34121064 24 P 0
L -1.05471214 97.30203806 -1.05471214 98.74012256 24 P 0
L -1.05471214 98.74012256 -1.05471214 100.20836194 24 P 0
L -1.07778042 97.27896978 -1.03001064 97.2312 24 P 0
L -1.07778042 97.27896978 -1.05471214 97.30203806 24 P 0
L -1.07778042 100.23143022 -1.03001064 100.2792 24 P 0
L -1.07778042 100.23143022 -1.05471214 100.20836194 24 P 0
L -1.13030508 176.32789982 -1.13030508 178.60790034 28 P 0
L -1.13030508 178.60790034 2.83699458 182.5752 28 P 0
L -2.00700386 170.8912 1.3440029 170.8912 28 P 0
L -2.03200508 143.21119948 0.64318896 143.21119948 28 P 0
L -2.03200508 145.4912 0.64318896 145.4912 28 P 0
L -2.03200508 170.86619878 -2.00700386 170.8912 28 P 0
L -2.03200508 173.1461993 -0.65491614 174.52328824 28 P 0
L -2.03200508 175.42619982 -1.13030508 176.32789982 28 P 0
L -2.3368 116.5352 -0.56660796 116.5352 25 P 0
L -2.3368 117.8052 -0.56660796 117.8052 25 P 0
L 0.00000254 8.20200036 4.13800036 8.20200036 26 P 0
L 0.00000254 11.10199964 3.18950086 11.10199964 26 P 0
L 0.00000254 20.90200036 6.22741452 20.90200036 26 P 0
L 0.00000254 23.80199964 3.68209068 23.80199964 26 P 0
L 0.00000254 33.60200036 6.19885984 33.60200036 26 P 0
L 0.00000254 36.50199964 0.01500378 36.4869984 26 P 0
L 0.00000254 36.50199964 0.01500378 36.51700088 26 P 0
L 0.00000254 46.55600036 6.02199964 46.55600036 26 P 0
L 0.00000254 49.45599964 0.01500378 49.47100088 26 P 0
L 0.00000254 59.25600036 6.02199964 59.25600036 26 P 0
L 0.00000254 62.15599964 0.01160272 62.16759982 26 P 0
L 0.01160272 62.16759982 3.42039194 62.16759982 26 P 0
L 0.01500378 36.51700088 3.6024566 36.51700088 26 P 0
L 0.01500378 49.47100088 3.49700088 49.47100088 26 P 0
L 0.1427988 136.6012 0.87319104 136.6012 28 P 0
L 0.1919986 69.85 0.4459986 70.104 26 P 0
L 0.2909951 177.7492 1.3439902 177.7492 28 P 0
L 0.4459986 70.104 3.49399606 67.05600254 26 P 0
L 0.4459986 77.724 3.99099532 81.26899672 26 P 0
L 0.50799492 137.51119818 0.63259462 137.63579788 28 P 0
L 0.50799492 138.78639248 0.50799492 139.7911987 28 P 0
L 0.50799492 153.1911973 4.35998874 153.1911973 25 P 0
L 0.50799492 162.69619988 4.34699156 162.69619988 25 P 0
L 0.50799492 169.72619852 3.23299328 167.00120016 28 P 0
L 0.50799492 172.00619904 0.60699396 171.9072 28 P 0
L 0.50799492 174.28619956 0.60099448 174.1932 28 P 0
L 0.50799492 176.56620008 3.54299012 176.56620008 28 P 0
L 0.50799492 178.8462006 2.79299416 181.13119984 28 P 0
L 0.5819902 84.7852 3.83319274 81.53399746 26 P 0
L 0.5819902 89.78519 0.67918838 89.68799182 26 P 0
L 0.60099448 174.1932 3.8608 174.1932 28 P 0
L 0.60699396 171.9072 0.705993 172.00619904 28 P 0
L 0.63259462 137.63579788 10.95859378 137.63579788 28 P 0
L 0.64318896 143.21119948 1.65318948 144.2212 28 P 0
L 0.64318896 145.4912 1.54488896 144.5895 28 P 0
L 0.66999104 94.1832 2.1679916 94.1832 24 P 0
L 0.66999104 97.2312 2.1679916 97.2312 24 P 0
L 0.66999104 100.2792 2.1679916 100.2792 24 P 0
L 0.66999104 103.3272 2.1679916 103.3272 24 P 0
L 0.67918838 89.68799182 1.03839772 89.68799182 26 P 0
L 0.705993 172.00619904 3.7618035 172.00619904 28 P 0
L 0.87319104 136.6012 1.56488892 137.29289788 28 P 0
L 1.03839772 89.68799182 1.06438954 89.662 26 P 0
L 1.06438954 89.662 2.54000254 89.662 26 P 0
L 1.3439902 115.0548626 1.3439902 119.5832 24 P 0
L 1.3439902 115.0548626 2.1895435 114.2093093 24 P 0
L 1.3439902 119.5832 2.6139902 120.8532 24 P 0
L 1.3439902 177.7492 2.20269054 178.60790034 28 P 0
L 1.3440029 170.8912 3.78117862 168.45402428 28 P 0
L 1.54488896 144.5895 7.5662917 144.5895 28 P 0
L 1.56488892 137.29289788 8.44679032 137.29289788 28 P 0
L 1.65318948 144.2212 7.73891264 144.2212 28 P 0
L 2.1895435 114.2093093 3.1192851 114.2093093 24 P 0
L 2.20269054 178.60790034 3.7872924 178.60790034 28 P 0
L 2.54000254 89.662 8.8009984 83.40100414 26 P 0
L 2.6139902 120.8532 7.51701316 120.8532 24 P 0
L 2.79299416 181.13119984 8.52198956 181.13119984 28 P 0
L 2.83699458 182.5752 9.80129612 182.5752 28 P 0
L 3.04799492 138.65119844 4.04599648 139.6492 28 P 0
L 3.04799492 140.93119896 3.98709388 139.9921 28 P 0
L 3.04799492 173.1461993 3.2113474 172.98284682 28 P 0
L 3.04799492 175.42619982 3.13580018 175.42619982 28 P 0
L 3.04799492 177.70620034 3.81019558 176.94399968 28 P 0
L 3.04799492 179.98620086 4.60299562 178.43120016 28 P 0
L 3.1192851 114.2093093 3.3333944 113.9952 24 P 0
L 3.13580018 175.42619982 5.71879984 172.84320016 28 P 0
L 3.18950086 11.10199964 3.46670122 11.3792 26 P 0
L 3.2113474 172.98284682 3.80115318 172.98284682 28 P 0
L 3.23299328 167.00120016 8.52198956 167.00120016 28 P 0
L 3.3333944 113.9952 3.3759902 113.9526042 24 P 0
L 3.3333944 116.5352 4.15339276 116.5352 24 P 0
L 3.3333944 117.8052 4.8999902 117.8052 24 P 0
L 3.3333944 119.0752 3.5475037 119.2893093 24 P 0
L 3.3759902 113.2332 3.3759902 113.9526042 24 P 0
L 3.42039194 62.16759982 3.49399606 62.24120394 26 P 0
L 3.46670122 11.3792 3.556 11.3792 26 P 0
L 3.49399606 62.24120394 3.49399606 67.05600254 26 P 0
L 3.49700088 49.47100088 3.556 49.53 26 P 0
L 3.54299012 176.56620008 4.56599036 175.54319984 28 P 0
L 3.5475037 119.2893093 4.73230956 119.2893093 24 P 0
L 3.56799134 94.1832 3.56799134 94.2331999 24 P 0
L 3.56799134 94.2331999 3.84099308 94.50620164 24 P 0
L 3.56799134 97.2312 3.56799134 97.2811999 24 P 0
L 3.56799134 97.2811999 5.3619908 99.07519936 24 P 0
L 3.56799134 100.2292001 3.56799134 100.2792 24 P 0
L 3.56799134 100.2292001 3.84099308 99.95619836 24 P 0
L 3.56799134 103.2772001 3.56799134 103.3272 24 P 0
L 3.56799134 103.2772001 6.76999154 100.0751999 24 P 0
L 3.6024566 36.51700088 3.6453064 36.47415108 26 P 0
L 3.6453064 36.47415108 3.70430552 36.5331502 26 P 0
L 3.7618035 172.00619904 6.0668027 169.70119984 28 P 0
L 3.78117862 168.45402428 9.16916632 168.45402428 28 P 0
L 3.7872924 178.60790034 5.10829306 177.28689968 28 P 0
L 3.80115318 172.98284682 5.68823856 171.09576144 28 P 0
L 3.81019558 176.94399968 9.74979 176.94399968 28 P 0
L 3.83319274 81.53399746 5.91600036 81.53399746 26 P 0
L 3.84099308 94.50620164 3.89099298 94.50620164 24 P 0
L 3.84099308 99.95619836 3.89099298 99.95619836 24 P 0
L 3.8608 174.1932 6.61533856 171.43866144 28 P 0
L 3.89099298 94.50620164 7.45999016 98.07519882 24 P 0
L 3.89099298 99.95619836 4.27199044 99.5752009 24 P 0
L 3.98709388 139.9921 11.0848902 139.9921 28 P 0
L 3.99099532 81.26899672 5.90099912 81.26899672 26 P 0
L 4.04599648 139.6492 11.22692192 139.6492 28 P 0
L 4.13800036 8.20200036 6.03285814 10.09685814 26 P 0
L 4.15339276 116.5352 5.33622504 115.35236772 24 P 0
L 4.27199044 99.5752009 11.49799326 99.5752009 24 P 0
L 4.34699156 162.69619988 5.6119903 161.43120114 25 P 0
L 4.35998874 153.1911973 5.6119903 154.44319886 25 P 0
L 4.56599036 175.54319984 8.52198956 175.54319984 28 P 0
L 4.60299562 178.43120016 8.52198956 178.43120016 28 P 0
L 4.73230956 119.2893093 4.84919274 119.40619248 24 P 0
L 4.84919274 119.40619248 4.95916458 119.40619248 24 P 0
L 4.8999902 117.8052 4.9687226 117.8052 24 P 0
L 4.95916458 119.40619248 5.01466866 119.46169656 24 P 0
L 4.95916458 119.40619248 6.2329822 119.40619248 24 P 0
L 4.9687226 117.8052 5.1567207 117.6172019 24 P 0
L 5.01466866 119.46169656 6.28848628 119.46169656 24 P 0
L 5.10829306 177.28689968 10.02568988 177.28689968 28 P 0
L 5.1567207 117.6172019 6.34399036 117.6172019 24 P 0
L 5.33622504 115.35236772 5.9159902 114.77260256 24 P 0
L 5.33622504 115.35236772 7.60105922 117.6172019 24 P 0
L 5.3619908 99.07519936 11.49799326 99.07519936 24 P 0
L 5.4079902 118.5037 5.4397402 118.53545 24 P 0
L 5.4397402 118.53545 6.31224036 118.53545 24 P 0
L 5.588 155.9171888 5.588 157.226 24 P 0
L 5.588 155.9171888 5.6619902 155.8431986 24 P 0
L 5.588 157.226 5.588 158.75 24 P 0
L 5.588 158.8239902 5.588 159.9572112 24 P 0
L 5.588 158.8239902 5.6249951 158.7869951 24 P 0
L 5.588 159.9572112 5.6619902 160.0312014 24 P 0
L 5.6119903 154.44319886 5.6619902 154.44319886 25 P 0
L 5.6119903 161.43120114 5.6619902 161.43120114 25 P 0
L 5.68823856 171.09576144 9.78394284 171.09576144 28 P 0
L 5.71879984 172.84320016 8.52198956 172.84320016 28 P 0
L 5.90099912 81.26899672 5.91600036 81.28399796 26 P 0
L 5.9159902 102.5652 5.9159902 114.6892042 24 P 0
L 5.9159902 102.5652 7.40598976 101.07520044 24 P 0
L 5.9159902 114.6892042 5.9159902 114.77260256 24 P 0
L 5.91600036 81.28399796 5.91600036 81.53399746 26 P 0
L 6.02199964 46.55600036 6.096 46.482 26 P 0
L 6.02199964 59.25600036 6.096 59.182 26 P 0
L 6.03285814 10.09685814 6.03285814 11.40535692 26 P 0
L 6.03285814 11.40535692 6.30141488 11.67391366 26 P 0
L 6.03285814 23.61036426 6.03285814 23.7288832 26 P 0
L 6.03285814 23.7288832 6.12215692 23.81818198 26 P 0
L 6.0668027 169.70119984 8.52198956 169.70119984 28 P 0
L 6.096 36.32533248 6.096 36.5331502 26 P 0
L 6.096 36.5331502 6.096 46.482 26 P 0
L 6.096 46.482 6.096 49.53 26 P 0
L 6.096 49.53 6.096 59.182 26 P 0
L 6.096 59.182 6.096 62.1792 26 P 0
L 6.096 62.1792 6.15914186 62.24234186 26 P 0
L 6.12215692 23.81818198 6.23827302 23.81818198 26 P 0
L 6.15914186 62.24234186 6.15914186 69.597143 26 P 0
L 6.15914186 69.597143 6.66599886 70.104 26 P 0
L 6.19885984 33.60200036 6.2728602 33.528 26 P 0
L 6.22741452 20.90200036 6.30141488 20.828 26 P 0
L 6.2329822 119.40619248 6.28848628 119.46169656 24 P 0
L 6.23827302 23.81818198 6.2728602 23.85276916 26 P 0
L 6.24430552 36.5331502 6.2728602 36.50459552 26 P 0
L 6.2728602 23.85276916 6.2728602 33.528 26 P 0
L 6.2728602 33.528 6.2728602 36.50459552 26 P 0
L 6.28848628 119.46169656 6.34399036 119.51720064 24 P 0
L 6.30141488 11.67391366 6.30141488 20.828 26 P 0
L 6.30141488 20.828 6.30141488 23.88132384 26 P 0
L 6.31224036 118.53545 6.34399036 118.5672 24 P 0
L 6.4239902 112.4252006 6.4239902 115.65404352 24 P 0
L 6.4239902 112.4252006 8.1559908 110.6932 24 P 0
L 6.4239902 115.65404352 7.76964918 116.9997025 24 P 0
L 6.61533856 171.43866144 9.84487744 171.43866144 28 P 0
L 6.66599886 77.724 8.81599964 79.87400078 26 P 0
L 6.76999154 100.0751999 11.49799326 100.0751999 24 P 0
L 7.1859902 113.8580908 7.1859902 115.78742654 24 P 0
L 7.1859902 113.8580908 7.71934194 113.32473906 24 P 0
L 7.1859902 115.78742654 7.9317723 116.53320864 24 P 0
L 7.366 106.172 7.366 106.74721094 24 P 0
L 7.366 106.74721094 7.75598906 107.1372 24 P 0
L 7.40598976 101.07520044 11.49799326 101.07520044 24 P 0
L 7.45999016 98.07519882 11.49799326 98.07519882 24 P 0
L 7.51701316 120.8532 8.85301252 119.51720064 24 P 0
L 7.5662917 144.5895 8.1519903 145.1751986 28 P 0
L 7.60105922 117.6172019 9.04399004 117.6172019 24 P 0
L 7.71934194 113.32473906 8.09607474 113.32473906 24 P 0
L 7.73891264 144.2212 7.82818856 144.13192408 28 P 0
L 7.75598906 94.49919886 7.75598906 95.4532 24 P 0
L 7.75598906 102.0572 7.75598906 103.01120114 24 P 0
L 7.75598906 107.1372 7.75598906 108.24297376 24 P 0
L 7.75598906 108.24297376 8.14249578 108.62948048 24 P 0
L 7.76964918 116.9997025 10.89468738 116.9997025 24 P 0
L 7.82818856 144.0990006 7.82818856 144.13192408 28 P 0
L 7.82818856 144.0990006 8.1519903 143.77519886 28 P 0
L 7.9317723 116.53320864 12.00999884 116.53320864 24 P 0
L 8.00659054 105.31008656 9.14310338 105.31008656 28 P 0
L 8.09607474 113.32473906 8.46907628 112.95173752 24 P 0
L 8.14249578 108.62948048 8.44249518 108.62948048 24 P 0
L 8.1519903 143.77519886 8.2019902 143.77519886 28 P 0
L 8.1519903 145.1751986 8.2019902 145.1751986 28 P 0
L 8.1559908 110.6932 8.4559902 110.6932 24 P 0
L 8.2019902 -1.0668 8.2019902 -0.0508 24 P 0
L 8.2019902 140.9812014 8.47499194 141.25420314 24 P 0
L 8.2019902 142.38120114 8.2855181 142.46472904 24 P 0
L 8.2019902 143.77519886 8.37599036 143.94919902 28 P 0
L 8.2019902 145.1751986 8.24599062 145.21919902 28 P 0
L 8.2019902 146.5692014 8.2639916 146.5072 28 P 0
L 8.2019902 147.96920114 8.41199232 147.75919902 28 P 0
L 8.2019902 154.1892014 9.2112592 154.1892014 24 P 0
L 8.2019902 155.58920114 9.08725894 155.58920114 24 P 0
L 8.2019902 156.98319886 9.06839182 156.98319886 28 P 0
L 8.2019902 158.3831986 8.37038712 158.55159552 28 P 0
L 8.2019902 159.5232014 8.37598782 159.69719902 28 P 0
L 8.2019902 160.92320114 8.24598808 160.96719902 28 P 0
L 8.24598808 160.96719902 10.75899804 160.96719902 28 P 0
L 8.24599062 145.21919902 9.9878769 145.21919902 28 P 0
L 8.2639916 122.8852 8.2639916 122.9351999 24 P 0
L 8.2639916 122.9351999 9.41712874 124.08833704 24 P 0
L 8.2639916 146.5072 9.2179902 146.5072 28 P 0
L 8.2855181 142.46472904 9.35387004 142.46472904 24 P 0
L 8.37038712 158.55159552 9.27338252 158.55159552 28 P 0
L 8.37598782 159.69719902 12.02999118 159.69719902 28 P 0
L 8.37599036 143.94919902 10.75899804 143.94919902 28 P 0
L 8.41199232 147.75919902 9.4719902 147.75919902 28 P 0
L 8.41666338 115.20893392 8.71666278 115.20893392 24 P 0
L 8.44679032 137.29289788 10.42648918 135.31319902 28 P 0
L 8.4559902 110.6932 8.7559896 110.6932 24 P 0
L 8.46080858 106.26504528 8.53856814 106.34280484 24 P 0
L 8.46080858 106.26504528 8.54295472 106.26504528 24 P 0
L 8.46907628 112.95173752 8.76907568 112.95173752 24 P 0
L 8.47499194 141.25420314 9.41853844 141.25420314 24 P 0
L 8.53856814 106.34280484 8.53856814 106.46977944 24 P 0
L 8.53856814 106.46977944 9.1559888 107.0872001 24 P 0
L 8.71666278 115.20893392 9.08966432 114.83593238 24 P 0
L 8.7559896 110.6932 9.2004896 111.1377 24 P 0
L 8.76907568 112.95173752 10.13681488 111.58399832 24 P 0
L 8.8009984 81.5489987 8.8009984 83.40100414 26 P 0
L 8.8009984 81.5489987 8.81599964 81.53399746 26 P 0
L 8.81599964 79.87400078 8.81599964 81.53399746 26 P 0
L 8.85301252 119.51720064 9.04399004 119.51720064 24 P 0
L 9.04399004 118.5672 9.24399218 118.5672 24 P 0
L 9.06839182 156.98319886 9.28201344 157.19682048 28 P 0
L 9.08725894 155.58920114 9.36026068 155.86220288 24 P 0
L 9.08966432 114.77498508 9.08966432 114.83593238 24 P 0
L 9.08966432 114.77498508 10.13049282 113.73415658 24 P 0
L 9.14310338 105.31008656 9.2179902 105.23519974 28 P 0
L 9.144 150.368 9.21280098 150.29919902 24 P 0
L 9.1559888 95.4532 9.9799902 95.4532 24 P 0
L 9.1559888 102.0572 9.17398978 102.07520098 24 P 0
L 9.1559888 102.0572 9.18537152 102.02781728 24 P 0
L 9.1559888 107.0872001 9.1559888 107.1372 24 P 0
L 9.1559888 107.1372 9.35165008 107.33286128 24 P 0
L 9.16916632 168.45402428 10.4219883 167.2012023 28 P 0
L 9.17398978 102.07520098 10.08375936 102.07520098 24 P 0
L 9.2004896 111.1377 10.17428496 111.1377 24 P 0
L 9.2112592 154.1892014 9.3905578 154.3685 24 P 0
L 9.21280098 150.29919902 10.75899804 150.29919902 24 P 0
L 9.2179902 103.8352 9.45798972 104.07519952 24 P 0
L 9.2179902 146.5072 9.264142 146.4610482 28 P 0
L 9.2179902 146.5072 10.74099706 146.5072 28 P 0
L 9.24399218 118.5672 9.7709355 118.04025668 24 P 0
L 9.264142 146.05453898 9.264142 146.4610482 28 P 0
L 9.264142 146.05453898 9.33218098 145.9865 28 P 0
L 9.27338252 158.55159552 10.63460154 158.55159552 28 P 0
L 9.28201344 157.19682048 10.71937658 157.19682048 28 P 0
L 9.34241718 155.80750144 9.39711862 155.86220288 24 P 0
L 9.35165008 107.33286128 10.07054374 107.33286128 24 P 0
L 9.35387004 142.46472904 9.46384188 142.46472904 24 P 0
L 9.36026068 155.86220288 9.39711862 155.86220288 24 P 0
L 9.36777654 169.8054135 9.38548542 169.82312238 24 P 0
L 9.36777654 169.8054135 9.4719902 169.70119984 24 P 0
L 9.36830486 154.4354544 9.4782767 154.4354544 24 P 0
L 9.38548542 169.82312238 9.38548542 170.47592016 24 P 0
L 9.3905578 154.3685 9.4592902 154.3685 24 P 0
L 9.39711862 155.86220288 9.42899308 155.86220288 24 P 0
L 9.39711862 155.86220288 9.43111398 155.89619824 24 P 0
L 9.398 163.576 9.44919878 163.52480122 25 P 0
L 9.41573174 176.34709968 9.44386224 176.31896918 24 P 0
L 9.41712874 124.08833704 9.4846902 124.08833704 24 P 0
L 9.41853844 141.25420314 10.60400216 141.25420314 24 P 0
L 9.43111398 155.89619824 10.74999882 155.89619824 24 P 0
L 9.44386224 175.5713278 9.44386224 176.31896918 24 P 0
L 9.44386224 175.5713278 9.4719902 175.54319984 24 P 0
L 9.44919878 163.52480122 10.74139584 163.52480122 24 P 0
L 9.45798972 104.07519952 11.49799326 104.07519952 24 P 0
L 9.4592902 154.3685 9.4592902 154.3812 24 P 0
L 9.46384188 142.46472904 9.6121093 142.61299646 24 P 0
L 9.4719902 147.2692 9.4719902 147.75919902 28 P 0
L 9.4719902 147.75919902 9.9878769 147.75919902 28 P 0
L 9.4719902 166.0652 9.4719902 167.00120016 24 P 0
L 9.4719902 172.84320016 9.4860745 172.82911586 24 P 0
L 9.4719902 178.43120016 9.4719902 179.2732 24 P 0
L 9.4719902 178.43120016 9.4766003 178.42659006 24 P 0
L 9.4719902 181.13119984 9.4719902 181.9783 24 P 0
L 9.4782767 154.4354544 9.59381876 154.55099646 24 P 0
L 9.4860745 172.04964574 9.4860745 172.82911586 24 P 0
L 9.4860745 172.04964574 9.5001588 172.03556144 24 P 0
L 9.4968568 131.52091552 11.15770946 131.52091552 28 P 0
L 9.5365824 128.95205096 11.1288449 128.95205096 28 P 0
L 9.59381876 154.55099646 10.69279548 154.55099646 24 P 0
L 9.6121093 142.61299646 10.69279548 142.61299646 24 P 0
L 9.66399134 122.8852 9.72599274 122.9472014 29 P 0
L 9.72599274 122.9472014 10.7419902 122.9472014 29 P 0
L 9.74979 176.94399968 10.4219883 176.27180138 28 P 0
L 9.7709355 118.04025668 10.08271034 118.04025668 24 P 0
L 9.78394284 171.09576144 10.37447252 170.50523176 28 P 0
L 9.80129612 182.5752 10.34762218 182.02887394 28 P 0
L 9.84487744 171.43866144 10.34761456 171.94139856 28 P 0
L 9.85303084 108.2393568 10.19767328 108.58399924 24 P 0
L 9.88012502 109.52184344 9.9246817 109.56640012 24 P 0
L 9.906 110.49 9.99119922 110.57519922 24 P 0
L 9.9246817 109.56640012 11.4891947 109.56640012 24 P 0
L 9.9799902 95.4532 10.0487226 95.4532 24 P 0
L 9.9878769 147.75919902 10.75899804 147.75919902 28 P 0
L 9.99119922 110.57519922 11.49799326 110.57519922 24 P 0
L 10.01224058 106.40190048 10.12221242 106.40190048 24 P 0
L 10.02568988 177.28689968 10.4219883 177.6831981 28 P 0
L 10.0487226 95.4532 10.16192278 95.56640018 24 P 0
L 10.07054374 107.33286128 10.31940532 107.0839997 24 P 0
L 10.08271034 118.04025668 10.1604699 117.96249712 24 P 0
L 10.08375936 102.07520098 11.49799326 102.07520098 24 P 0
L 10.12221242 106.40190048 10.28671298 106.56640104 24 P 0
L 10.13049282 112.38155578 10.13049282 113.73415658 24 P 0
L 10.13049282 112.38155578 10.41319228 112.09885632 24 P 0
L 10.13681488 111.58399832 11.4891947 111.58399832 24 P 0
L 10.16192278 95.56640018 11.4891947 95.56640018 24 P 0
L 10.17428496 111.1377 10.22798564 111.08399932 24 P 0
L 10.19767328 108.58399924 11.4891947 108.58399924 24 P 0
L 10.22798564 111.08399932 11.4891947 111.08399932 24 P 0
L 10.28671298 106.56640104 11.4891947 106.56640104 24 P 0
L 10.2959916 4.4591986 11.2499902 4.4591986 24 P 0
L 10.31940532 107.0839997 11.4891947 107.0839997 24 P 0
L 10.34761456 171.94139856 10.34761456 172.76882642 28 P 0
L 10.34761456 172.76882642 10.4219883 172.84320016 28 P 0
L 10.34762218 181.20556596 10.34762218 182.02887394 28 P 0
L 10.34762218 181.20556596 10.4219883 181.13119984 28 P 0
L 10.37447252 169.74871562 10.37447252 170.50523176 28 P 0
L 10.37447252 169.74871562 10.4219883 169.70119984 28 P 0
L 10.41319228 112.08399732 10.41319228 112.09885632 24 P 0
L 10.41319228 112.08399732 11.4891947 112.08399732 24 P 0
L 10.414 120.3571888 10.414 121.41199746 29 P 0
L 10.414 120.3571888 10.4879902 120.2831986 29 P 0
L 10.4219883 167.00120016 10.4219883 167.2012023 28 P 0
L 10.4219883 175.54319984 10.4219883 176.27180138 28 P 0
L 10.4219883 177.6831981 10.4219883 178.43120016 28 P 0
L 10.42648918 135.31319902 11.17599492 135.31319902 28 P 0
L 10.4879902 118.88319886 10.54998906 118.8212 29 P 0
L 10.54998906 118.8212 12.2301762 118.8212 29 P 0
L 10.5999915 120.3452 11.71844494 120.3452 29 P 0
L 10.60400216 141.25420314 10.75899804 141.40919902 24 P 0
L 10.63460154 158.55159552 10.75899804 158.42719902 28 P 0
L 10.69279548 142.61299646 10.75899804 142.67919902 24 P 0
L 10.69279548 154.55099646 10.75899804 154.61719902 24 P 0
L 10.71937658 157.19682048 10.75899804 157.15719902 28 P 0
L 10.74099706 146.5072 10.75899804 146.48919902 28 P 0
L 10.74139584 163.52480122 10.75899804 163.50719902 25 P 0
L 10.7419902 122.9472014 11.02769194 123.23290314 29 P 0
L 10.7419902 124.34720114 11.02769194 124.63290288 29 P 0
L 10.74999882 155.89619824 10.75899804 155.88719902 24 P 0
L 10.75899804 160.96719902 11.40899928 160.96719902 28 P 0
L 10.89468738 116.9997025 12.2301762 118.33519132 24 P 0
L 10.95859378 137.63579788 11.17599492 137.85319902 28 P 0
L 10.95859378 137.63579788 12.22859378 137.63579788 28 P 0
L 11.02769194 123.23290314 11.44306068 123.23290314 29 P 0
L 11.02769194 124.63290288 11.71844494 124.63290288 29 P 0
L 11.0848902 139.9921 12.2659902 141.1732 28 P 0
L 11.1288449 128.95205096 11.15799394 128.9812 28 P 0
L 11.15770946 131.52091552 11.15799394 131.5212 28 P 0
L 11.15799394 128.9812 11.17599492 128.96319902 28 P 0
L 11.15799394 131.5212 11.17599492 131.50319902 28 P 0
L 11.22692192 139.6492 12.6088902 141.03116828 28 P 0
L 11.2499902 -0.04798314 11.2499902 0.01599946 24 P 0
L 11.2499902 -0.04798314 11.28211612 -0.01585722 24 P 0
L 11.2499902 -1.0668 11.2499902 -0.04798314 24 P 0
L 11.2499902 3.05919886 11.28211612 3.02707294 24 P 0
L 11.2499902 4.4591986 12.8359916 4.4591986 24 P 0
L 11.28211612 -0.01585722 11.55197334 0.254 24 P 0
L 11.28211612 1.68414446 11.28211612 3.02707294 24 P 0
L 11.40899928 160.96719902 12.6088902 159.7673081 28 P 0
L 11.44306068 123.23290314 12.22531718 124.01515964 29 P 0
L 11.4891947 95.56640018 11.49799326 95.57519874 24 P 0
L 11.4891947 106.56640104 11.49799326 106.5751996 24 P 0
L 11.4891947 107.0839997 11.49799326 107.07520114 24 P 0
L 11.4891947 108.58399924 11.49799326 108.57520068 24 P 0
L 11.4891947 109.56640012 11.49799326 109.57519868 24 P 0
L 11.4891947 111.08399932 11.49799326 111.07520076 24 P 0
L 11.4891947 112.08399732 11.49799326 112.07519876 24 P 0
L 11.4912902 113.08190236 11.4912902 113.7412 24 P 0
L 11.4912902 113.08190236 11.49799326 113.0751993 24 P 0
L 11.49799326 98.57520036 12.95398984 98.57520036 24 P 0
L 11.49799326 102.57519998 11.50679182 102.56640142 24 P 0
L 11.49799326 103.57520052 12.82755372 103.57520052 24 P 0
L 11.49799326 104.07519952 11.50679182 104.08399808 24 P 0
L 11.49799326 106.0752006 12.9819908 106.0752006 24 P 0
L 11.49799326 107.57520014 12.84399006 107.57520014 24 P 0
L 11.49799326 108.07519914 11.50679182 108.0839977 24 P 0
L 11.49799326 109.07519968 12.95322784 109.07519968 24 P 0
L 11.49799326 110.07520022 11.50679182 110.08399878 24 P 0
L 11.49799326 112.07519876 11.50679182 112.08399732 24 P 0
L 11.50679182 102.56640142 12.72740914 102.56640142 24 P 0
L 11.50679182 104.08399808 12.76496304 104.08399808 24 P 0
L 11.50679182 108.0839977 13.2127879 108.0839977 24 P 0
L 11.50679182 110.08399878 13.05681158 110.08399878 24 P 0
L 11.50679182 112.08399732 12.56793524 112.08399732 24 P 0
L 11.55197334 0.254 12.192 0.254 24 P 0
L 11.71844494 120.3452 11.7301772 120.33346774 29 P 0
L 11.71844494 124.63290288 11.7301772 124.64463514 29 P 0
L 11.7301772 120.33346774 11.73503622 120.33832676 29 P 0
L 11.7301772 124.64463514 11.7301772 124.67867622 29 P 0
L 12.00999884 116.53320864 12.73017774 117.25338754 24 P 0
L 12.02999118 159.69719902 12.2659902 159.4612 28 P 0
L 12.22531718 124.01515964 12.22531718 124.6738172 29 P 0
L 12.22531718 124.6738172 12.2301762 124.67867622 29 P 0
L 12.2301762 118.33519132 12.2301762 118.8212 24 P 0
L 12.2301762 118.8212 12.2301762 120.22867496 24 P 0
L 12.2659902 141.1732 12.2659902 159.4612 28 P 0
L 12.56793524 112.08399732 12.8804924 112.39655448 24 P 0
L 12.6088902 141.03116828 12.6088902 159.7673081 28 P 0
L 12.7 126.238 12.73017774 126.20782226 24 P 0
L 12.72740914 102.56640142 12.919202 102.37460856 24 P 0
L 12.73017774 117.25338754 12.73017774 120.22867496 24 P 0
L 12.73017774 124.67867622 12.73017774 126.20782226 24 P 0
L 12.73017774 124.67867622 13.23017674 124.67867622 24 P 0
L 12.76496304 104.08399808 12.9962148 104.31524984 24 P 0
L 12.82755372 103.57520052 13.03215072 103.37060352 24 P 0
L 12.8359916 4.4591986 14.2979902 4.4591986 24 P 0
L 12.84399006 107.57520014 13.2819902 107.1372 24 P 0
L 12.8804924 112.39655448 12.8804924 116.40046824 24 P 0
L 12.8804924 116.40046824 13.23017674 116.75015258 24 P 0
L 12.919202 102.37460856 13.02917384 102.37460856 24 P 0
L 12.95322784 109.07519968 13.09802816 109.22 24 P 0
L 12.9962148 104.31524984 13.10618664 104.31524984 24 P 0
L 13.03215072 103.37060352 13.14212256 103.37060352 24 P 0
L 13.05681158 110.08399878 13.1191 110.1462872 24 P 0
L 13.09802816 109.22 13.208 109.22 24 P 0
L 13.2127879 108.0839977 13.2819902 108.1532 24 P 0
L 13.23017674 116.75015258 13.23017674 120.22867496 24 P 0
L 13.23017674 124.67867622 13.73017828 124.67867622 24 P 0
L 13.2819902 86.11719886 13.55499194 86.3902006 24 P 0
L 13.2819902 87.5171986 13.5359902 87.7711986 24 P 0
L 13.3479921 114.92520068 13.35679066 114.93399924 24 P 0
L 13.35679066 114.93399924 13.35679066 115.99514266 24 P 0
L 13.35679066 115.99514266 14.19384766 116.83219966 24 P 0
L 13.5359902 87.7711986 13.5859901 87.7711986 24 P 0
L 13.55499194 86.3902006 14.1249908 86.3902006 24 P 0
L 13.57649812 91.27404656 14.29092138 91.27404656 24 P 0
L 13.5859901 87.7711986 13.60499184 87.79020034 24 P 0
L 13.60499184 87.79020034 13.60499184 88.15620164 24 P 0
L 13.60499184 88.15620164 13.7899902 88.3412 24 P 0
L 13.716 11.3792 15.4827986 13.1459986 25 P 0
L 13.716 49.53 15.27800094 51.09200094 25 P 0
L 13.716 62.1792 15.73680114 64.20000114 25 P 0
L 13.72546912 124.68338538 13.73017828 124.67867622 24 P 0
L 13.73017828 119.13501192 13.73017828 120.22867496 24 P 0
L 13.73017828 119.13501192 14.0439902 118.8212 24 P 0
L 13.7899902 88.3412 14.60998856 88.3412 24 P 0
L 13.84088164 113.33629352 13.84443764 113.33984952 24 P 0
L 13.84443764 113.33984952 13.84443764 114.92164468 24 P 0
L 13.84443764 114.92164468 13.84799364 114.92520068 24 P 0
L 13.86430552 36.5331502 15.58030412 38.2491488 25 P 0
L 13.92141488 23.88132384 15.94221348 25.90212244 25 P 0
L 14.1249908 86.3902006 14.5519902 86.8172 24 P 0
L 14.19384766 116.83219966 14.78698846 116.83219966 24 P 0
L 14.22531826 120.23353398 14.22531826 120.89219154 29 P 0
L 14.22531826 120.23353398 14.23017728 120.22867496 29 P 0
L 14.23017728 120.22867496 14.23017728 120.90529286 24 P 0
L 14.23017728 120.90529286 14.5460593 121.22117488 24 P 0
L 14.23017728 124.67867622 14.23017728 126.238 24 P 0
L 14.2860014 126.2879999 14.72386184 126.72586034 24 P 0
L 14.2860014 126.29382412 14.72094846 126.72877118 24 P 0
L 14.29092138 91.27404656 14.40607482 91.3892 24 P 0
L 14.2979902 -1.0668 14.2979902 0.36919916 24 P 0
L 14.2979902 0.36919916 15.15725696 0.36919916 24 P 0
L 14.2979902 2.06920084 14.2979902 3.05919886 24 P 0
L 14.2979902 4.4591986 15.8839916 4.4591986 24 P 0
L 14.34799264 93.7251999 14.37623236 93.75343962 28 P 0
L 14.34799264 114.92520068 14.3567912 114.93399924 24 P 0
L 14.3567912 114.93399924 14.3567912 115.99514266 24 P 0
L 14.3567912 115.99514266 14.7493482 116.38769966 24 P 0
L 14.37623236 93.75343962 14.37623236 95.06174536 28 P 0
L 14.37623236 95.06174536 14.99219252 95.67770552 28 P 0
L 14.40607482 91.3892 14.48933602 91.3059388 24 P 0
L 14.42798994 74.8792 15.3139902 74.8792 24 P 0
L 14.42798994 76.01920026 15.3139902 76.01920026 24 P 0
L 14.48933602 88.9804799 14.48933602 89.8652 24 P 0
L 14.48933602 88.9804799 14.61278764 88.85702828 24 P 0
L 14.52887874 112.70208854 14.84799418 113.02120398 24 P 0
L 14.5460593 121.22117488 15.57485328 121.22117488 24 P 0
L 14.5519902 86.8172 14.91899226 86.8172 24 P 0
L 14.60998856 88.3412 14.61278764 88.34399908 24 P 0
L 14.61278764 88.34399908 14.61278764 88.85702828 24 P 0
L 14.6789902 81.5870098 14.6789902 82.8221991 24 P 0
L 14.6789902 82.8221991 15.810992 82.8221991 24 P 0
L 14.72386184 126.72586034 14.82489796 126.82689646 24 P 0
L 14.73017628 120.22867496 15.23017782 120.22867496 24 P 0
L 14.73017628 124.67867622 14.73017628 125.35529158 24 P 0
L 14.73017628 125.35529158 15.28988306 125.91499836 24 P 0
L 14.7493482 116.38769966 16.37448592 116.38769966 24 P 0
L 14.78698846 116.83219966 15.0599902 117.1052014 24 P 0
L 14.82489796 126.82689646 14.82489796 126.97972318 24 P 0
L 14.82489796 126.97972318 14.8249005 128.1761089 24 P 0
L 14.8249005 128.1761089 16.8999916 130.2512 24 P 0
L 14.84799418 113.02120398 14.84799418 114.92520068 24 P 0
L 14.91899226 86.8172 15.9489902 87.84719794 24 P 0
L 15.0599902 117.1052014 15.08009938 117.12531058 24 P 0
L 15.0599902 118.50520114 15.23017782 118.67538876 24 P 0
L 15.0599902 118.50520114 16.01399134 118.50520114 24 P 0
L 15.08009938 117.12531058 15.11140996 117.094 24 P 0
L 15.11140996 117.094 16.002 117.094 24 P 0
L 15.15725696 0.36919916 15.2452578 0.4572 24 P 0
L 15.23017782 118.67538876 15.23017782 120.22867496 24 P 0
L 15.23017782 124.67493226 15.23017782 124.67867622 29 P 0
L 15.23017782 124.67493226 15.24191008 124.6632 29 P 0
L 15.24191008 124.6632 16.5839902 124.6632 29 P 0
L 15.2452578 0.4572 15.3139902 0.4572 24 P 0
L 15.27800094 51.09200094 24.5542562 51.09200094 25 P 0
L 15.28988306 125.91499836 15.4129994 125.91499836 24 P 0
L 15.3139902 72.25119916 15.3139902 73.47920026 24 P 0
L 15.3139902 72.25119916 15.47998936 72.0852 24 P 0
L 15.3139902 77.4192 15.3139902 78.52320084 24 P 0
L 15.3139902 78.52320084 15.47998936 78.6892 24 P 0
L 15.3139902 126.66001084 15.3139902 127.9652 24 P 0
L 15.3139902 126.66001084 15.64639746 126.32760358 24 P 0
L 15.3139902 127.9652 17.0919902 129.7432 24 P 0
L 15.4129994 125.91499836 15.64639746 126.14839642 24 P 0
L 15.4827986 13.1459986 24.892 13.1459986 25 P 0
L 15.57485328 121.22117488 15.89202816 120.904 24 P 0
L 15.58030412 38.2491488 25.04030552 38.2491488 25 P 0
L 15.64639746 126.14839642 15.64639746 126.27760368 24 P 0
L 15.64639746 126.27760368 15.64639746 126.32760358 24 P 0
L 15.64639746 126.27760368 15.68600114 126.238 24 P 0
L 15.73680114 64.20000114 24.892 64.20000114 25 P 0
L 15.7599888 91.3892 15.78303168 91.41224288 24 P 0
L 15.810992 82.8221991 15.8799911 82.7532 24 P 0
L 15.84799218 91.34728238 15.84799218 93.7251999 24 P 0
L 15.84799218 91.34728238 15.88933576 91.3059388 24 P 0
L 15.8799911 82.7532 15.9489902 82.8221991 24 P 0
L 15.8839916 4.4591986 17.3459902 4.4591986 24 P 0
L 15.88933576 89.8652 17.0232578 89.8652 24 P 0
L 15.88933576 91.3059388 16.8980612 91.3059388 24 P 0
L 15.89202816 120.904 16.002 120.904 24 P 0
L 15.94221348 25.90212244 25.09741488 25.90212244 25 P 0
L 15.9489902 81.5870098 15.9489902 82.8221991 24 P 0
L 15.9489902 82.8221991 17.2189902 82.8221991 24 P 0
L 15.9489902 87.84719794 15.9489902 88.27219836 24 P 0
L 16.002 120.904 16.8260014 120.904 24 P 0
L 16.256 11.3792 20.193 7.4422 27 P 0
L 16.256 36.44385142 16.256 36.5331502 26 P 0
L 16.256 36.44385142 16.85299906 35.84685236 26 P 0
L 16.256 49.44070122 16.256 49.53 26 P 0
L 16.256 49.44070122 16.85299906 48.84370216 26 P 0
L 16.256 62.1792 16.31914186 62.11605814 26 P 0
L 16.31914186 60.64285814 16.31914186 62.11605814 26 P 0
L 16.31914186 60.64285814 18.2118 58.7502 26 P 0
L 16.37448592 116.38769966 16.76898856 116.7822023 24 P 0
L 16.5839902 123.26320026 17.3459902 123.26320026 24 P 0
L 16.5839902 124.6632 17.3459902 124.6632 29 P 0
L 16.76898856 116.7822023 16.76898856 116.83219966 24 P 0
L 16.76898856 116.83219966 17.0419903 117.1052014 24 P 0
L 16.85299906 35.72833342 16.85299906 35.84685236 26 P 0
L 16.85299906 35.72833342 20.54398228 32.0373502 26 P 0
L 16.85299906 48.72518322 16.85299906 48.84370216 26 P 0
L 16.85299906 48.72518322 20.51021044 45.06797184 26 P 0
L 16.8999916 130.2512 18.0519959 130.2512 24 P 0
L 17.0232578 89.8652 17.2772578 89.6112 24 P 0
L 17.0419903 117.1052014 17.0919902 117.1052014 24 P 0
L 17.0919902 118.50520114 18.04599134 118.50520114 24 P 0
L 17.0919902 129.7432 18.52399394 129.7432 24 P 0
L 17.17999104 72.0852 18.3619902 72.0852 29 P 0
L 17.17999104 78.6892 18.3619902 78.6892 24 P 0
L 17.2189902 81.5870098 17.2189902 82.8221991 24 P 0
L 17.2189902 82.8221991 18.4889902 82.8221991 24 P 0
L 17.2189902 88.27219836 17.2189902 89.4154676 24 P 0
L 17.2189902 89.4154676 17.3459902 89.5424676 24 P 0
L 17.2772578 89.6112 17.3459902 89.6112 24 P 0
L 17.3459902 -1.0668 17.37797896 -1.03481124 24 P 0
L 17.3459902 1.68549066 17.3459902 3.05919886 24 P 0
L 17.3459902 1.68549066 17.37797896 1.6535019 24 P 0
L 17.3459902 4.4591986 17.42169998 4.53490838 24 P 0
L 17.3459902 89.5424676 17.3459902 89.6112 24 P 0
L 17.37797896 -1.03481124 17.37797896 -0.04649978 24 P 0
L 17.42169998 4.53490838 18.85627928 4.53490838 24 P 0
L 17.69399052 0.02119884 17.73089672 -0.01570736 24 P 0
L 17.69890288 90.58320212 17.69890288 92.51496356 24 P 0
L 17.69890288 90.58320212 18.4889902 89.7931148 24 P 0
L 17.69890288 92.51496356 17.8391947 92.65525538 24 P 0
L 17.73089672 -0.01570736 18.51507346 -0.01570736 24 P 0
L 17.8391947 92.65525538 17.8391947 93.71640134 24 P 0
L 17.8391947 93.71640134 17.84799326 93.7251999 24 P 0
L 18.0519959 130.2512 19.30399492 131.50319902 24 P 0
L 18.2118 58.7502 24.892 58.7502 26 P 0
L 18.22600114 120.904 18.22600114 121.85800114 24 P 0
L 18.34799226 93.7251999 18.35679082 93.71640134 24 P 0
L 18.35679082 92.07573914 18.35679082 93.71640134 24 P 0
L 18.35679082 92.07573914 18.46385436 91.9686756 24 P 0
L 18.3619902 72.0852 24.94422494 72.0852 24 P 0
L 18.3619902 78.6892 19.3779902 78.6892 24 P 0
L 18.4239916 149.4931986 18.4239916 151.8412 29 P 0
L 18.4239916 149.4931986 18.8699902 149.0472 29 P 0
L 18.4239916 162.4471986 18.4239916 165.0492 29 P 0
L 18.4239916 162.4471986 18.6159902 162.2552 29 P 0
L 18.4889902 81.5870098 18.4889902 82.8221991 24 P 0
L 18.4889902 88.27219836 18.4889902 89.7931148 24 P 0
L 18.4889902 88.27219836 20.13298996 88.27219836 24 P 0
L 18.51507346 -0.01570736 18.515076 -0.01570482 24 P 0
L 18.52399394 129.7432 19.30399492 128.96319902 24 P 0
L 18.60549492 136.01169902 18.60549492 138.36571006 24 P 0
L 18.60549492 136.01169902 19.30399492 135.31319902 24 P 0
L 18.60549492 138.36571006 18.87298486 138.6332 24 P 0
L 18.6159902 162.2552 18.62499196 162.24619824 29 P 0
L 18.62499196 162.24619824 20.2499976 162.24619824 29 P 0
L 18.63399118 158.42719902 20.25899682 158.42719902 29 P 0
L 18.63399118 160.96719902 20.25899682 160.96719902 24 P 0
L 18.78527104 91.05680544 19.47561002 91.05680544 24 P 0
L 18.796 11.28990122 18.796 11.3792 26 P 0
L 18.796 11.28990122 19.39299906 10.69290216 26 P 0
L 18.796 23.79202506 18.796 23.88132384 26 P 0
L 18.796 23.79202506 19.39299906 23.195026 26 P 0
L 18.796 49.53 20.066 48.26 25 P 0
L 18.796 62.1792 20.2692 60.706 25 P 0
L 18.8479938 92.78525766 18.8479938 93.25522878 28 P 0
L 18.8479938 92.78525766 18.9312931 92.70195836 28 P 0
L 18.8699902 149.0472 18.87899196 149.03819824 29 P 0
L 18.87298486 138.6332 22.52900498 138.6332 24 P 0
L 18.87899196 149.03819824 20.2499976 149.03819824 29 P 0
L 18.88799118 145.21919902 20.25899682 145.21919902 24 P 0
L 18.88799118 147.75919902 20.25899682 147.75919902 24 P 0
L 18.9312931 92.65259854 18.9312931 92.70195836 28 P 0
L 18.9312931 92.65259854 19.29468582 92.28920582 28 P 0
L 18.9319916 4.4591986 20.3939902 4.4591986 24 P 0
L 18.94430552 36.5331502 18.94911882 36.5331502 27 P 0
L 18.94911882 36.5331502 20.32061976 35.16164926 27 P 0
L 19.29468582 92.28920582 19.51938438 92.28920582 28 P 0
L 19.30399492 128.96319902 20.06599492 128.96319902 24 P 0
L 19.30399492 131.50319902 20.06599492 131.50319902 24 P 0
L 19.30399492 135.31319902 20.06599492 135.31319902 24 P 0
L 19.3779902 77.9272 19.3779902 78.6892 24 P 0
L 19.3779902 78.6892 19.3779902 79.4512 24 P 0
L 19.39299906 10.57438322 19.39299906 10.69290216 26 P 0
L 19.39299906 10.57438322 20.64558228 9.3218 26 P 0
L 19.39299906 23.07650706 19.39299906 23.195026 26 P 0
L 19.39299906 23.07650706 20.89958228 21.56992384 26 P 0
L 19.43998906 118.50520114 20.3939902 118.50520114 24 P 0
L 19.47561002 91.05680544 19.64011058 91.221306 24 P 0
L 19.51938438 92.28920582 19.61658256 92.19200764 28 P 0
L 19.67864492 90.98985358 19.8859902 91.19719886 24 P 0
L 19.75099682 91.33219224 19.8859902 91.19719886 24 P 0
L 19.82399134 151.8412 20.6479902 151.8412 24 P 0
L 19.82399134 165.0492 20.6479902 165.0492 24 P 0
L 19.84799434 114.92520068 19.8567929 114.93399924 24 P 0
L 19.8567929 114.93399924 19.8567929 116.33757022 24 P 0
L 19.8567929 116.33757022 19.9014842 116.38226152 24 P 0
L 19.9014842 116.38226152 19.97924376 116.46002108 24 P 0
L 19.97924376 116.46002108 19.97924376 116.69045496 24 P 0
L 19.97924376 116.69045496 20.07098856 116.78219976 24 P 0
L 20.06599492 137.85319902 20.28940062 137.62979332 24 P 0
L 20.066 48.26 23.622 48.26 25 P 0
L 20.07098856 116.78219976 20.07098856 116.83219966 24 P 0
L 20.07098856 116.83219966 20.3439903 117.1052014 24 P 0
L 20.13298996 88.27219836 20.1399902 88.2791986 24 P 0
L 20.1399902 86.0552 20.1399902 86.87919886 24 P 0
L 20.193 7.4422 24.892 7.4422 27 P 0
L 20.2499976 149.03819824 20.25899682 149.02919902 29 P 0
L 20.2499976 162.24619824 20.25899682 162.23719902 29 P 0
L 20.25899682 143.94919902 21.3210902 143.94919902 24 P 0
L 20.25899682 146.48919902 21.002625 146.48919902 24 P 0
L 20.25899682 150.29919902 20.87399178 150.29919902 24 P 0
L 20.25899682 157.15719902 21.59998982 157.15719902 24 P 0
L 20.25899682 159.69719902 21.002625 159.69719902 24 P 0
L 20.25899682 163.50719902 20.87399178 163.50719902 24 P 0
L 20.2692 60.706 24.892 60.706 25 P 0
L 20.28940062 137.62979332 22.6674045 137.62979332 24 P 0
L 20.32061976 35.16164926 24.02430552 35.16164926 27 P 0
L 20.3439903 117.1052014 20.3939902 117.1052014 24 P 0
L 20.34799334 113.53319686 20.34799334 114.92520068 24 P 0
L 20.3939902 -1.0668 20.3939902 0.36919916 24 P 0
L 20.3939902 0.36919916 21.57598936 0.36919916 24 P 0
L 20.3939902 2.06920084 20.3939902 3.05919886 24 P 0
L 20.51021044 45.06797184 24.87357484 45.06797184 26 P 0
L 20.54398228 32.0373502 25.04030552 32.0373502 26 P 0
L 20.59715972 92.202 20.59799284 92.20283312 24 P 0
L 20.59799284 92.20283312 20.6757524 92.28059268 24 P 0
L 20.64558228 9.3218 24.892 9.3218 26 P 0
L 20.6479902 151.8412 20.689062 151.8822718 24 P 0
L 20.6757524 92.28059268 20.96453008 92.28059268 24 P 0
L 20.84799234 93.7251999 20.84799234 95.14520214 24 P 0
L 20.84799234 114.92520068 20.8567909 114.93399924 24 P 0
L 20.8567909 114.93399924 20.8567909 115.99514266 24 P 0
L 20.8567909 115.99514266 21.18021418 116.31856594 24 P 0
L 20.87399178 150.29919902 22.3799908 148.7932 24 P 0
L 20.87399178 163.50719902 22.3799908 162.0012 24 P 0
L 20.89958228 21.56992384 25.09741488 21.56992384 26 P 0
L 20.96453008 92.28059268 21.04011032 92.35617292 24 P 0
L 20.9654902 82.1357006 20.9654902 89.5375908 24 P 0
L 20.9654902 82.1357006 22.3799908 80.7212 24 P 0
L 20.9654902 89.5375908 22.40349342 90.97559402 24 P 0
L 21.002625 146.48919902 21.27462598 146.7612 24 P 0
L 21.002625 159.69719902 21.27462598 159.9692 24 P 0
L 21.04011032 91.221306 21.04011032 92.35617292 24 P 0
L 21.04011032 92.35617292 21.33919532 92.65525792 24 P 0
L 21.1559902 116.5352 21.16123276 116.52995744 24 P 0
L 21.16123276 116.52995744 21.35667052 116.52995744 24 P 0
L 21.18021418 116.31856594 21.18021418 116.43413086 24 P 0
L 21.18021418 116.43413086 21.27604076 116.52995744 24 P 0
L 21.27462598 146.7612 22.6799902 146.7612 24 P 0
L 21.27462598 159.9692 22.6799902 159.9692 24 P 0
L 21.27604076 116.52995744 21.35667052 116.52995744 24 P 0
L 21.3210902 143.94919902 21.59998982 143.94919902 24 P 0
L 21.33919532 92.65525792 21.33919532 93.71640134 24 P 0
L 21.33919532 93.71640134 21.34799388 93.7251999 24 P 0
L 21.4099902 76.4032 22.6799902 76.4032 24 P 0
L 21.4099902 84.2312006 21.4099902 87.5679986 24 P 0
L 21.4099902 84.2312006 22.3799908 83.2612 24 P 0
L 21.4099902 87.5679986 21.88699966 88.04500806 24 P 0
L 21.57598936 0.36919916 21.70298936 0.24219916 24 P 0
L 21.59998982 143.94919902 22.3799908 144.7292 24 P 0
L 21.59998982 157.15719902 22.3799908 157.9372 24 P 0
L 21.73302232 92.1318452 21.83919432 92.2380172 24 P 0
L 21.83919432 92.2380172 21.83919432 93.71640134 24 P 0
L 21.83919432 93.71640134 21.84799288 93.7251999 24 P 0
L 21.84799288 93.7251999 21.85679144 93.73399846 24 P 0
L 21.85679144 93.73399846 21.85679144 95.1701678 24 P 0
L 21.85679144 95.1701678 21.878671 95.19204736 24 P 0
L 21.88699966 88.04500806 21.88699966 88.06899836 24 P 0
L 21.88699966 88.06899836 22.2100013 88.392 24 P 0
L 22.2100013 88.392 22.2339916 88.392 24 P 0
L 22.2339916 88.392 22.2339916 90.17747522 24 P 0
L 22.2339916 90.17747522 22.84799342 90.79147704 24 P 0
L 22.34799442 93.7251999 22.35679298 93.71640134 24 P 0
L 22.35679298 92.4240595 22.35679298 93.71640134 24 P 0
L 22.35679298 92.4240595 22.40349342 92.37735906 24 P 0
L 22.3799908 80.7212 22.6799902 80.7212 24 P 0
L 22.3799908 83.2612 22.6339908 83.2612 24 P 0
L 22.3799908 144.7292 22.6799902 144.7292 24 P 0
L 22.3799908 148.7932 22.6799902 148.7932 24 P 0
L 22.3799908 157.9372 22.6799902 157.9372 24 P 0
L 22.3799908 162.0012 23.81660718 162.0012 24 P 0
L 22.40349342 90.97559402 22.40349342 92.37735906 24 P 0
L 22.52900498 138.6332 24.7119902 136.45021478 24 P 0
L 22.6339908 83.2612 22.6799902 83.2612 24 P 0
L 22.6339908 83.2612 23.00699234 83.63420154 24 P 0
L 22.6674045 137.62979332 24.2039902 136.09320762 24 P 0
L 22.6799902 80.7212 23.05299174 81.09420154 24 P 0
L 22.6799902 85.8012 23.05299174 86.17420154 24 P 0
L 22.6799902 146.7612 22.9339902 146.5072 24 P 0
L 22.6799902 148.7932 23.05299174 148.42019846 24 P 0
L 22.6799902 159.9692 22.95199118 159.69719902 24 P 0
L 22.83919486 93.71640134 22.84799342 93.70760278 24 P 0
L 22.83919486 93.71640134 22.84799342 93.7251999 24 P 0
L 22.84799342 90.79147704 22.84799342 93.70760278 24 P 0
L 22.9339902 146.5072 25.0274455 146.5072 24 P 0
L 22.95199118 159.69719902 24.45280098 159.69719902 24 P 0
L 23.00699234 83.63420154 25.7462528 83.63420154 24 P 0
L 23.05299174 81.09420154 25.7462528 81.09420154 24 P 0
L 23.05299174 86.17420154 25.7462528 86.17420154 24 P 0
L 23.05299174 148.42019846 25.31580154 148.42019846 24 P 0
L 23.34799242 88.3049923 23.3609896 88.29199512 24 P 0
L 23.3609896 88.10620174 23.3609896 88.29199512 24 P 0
L 23.56000114 87.6568605 23.56000114 88.392 28 P 0
L 23.56000114 87.6568605 24.09317508 87.12368656 28 P 0
L 23.622 48.26 23.64042516 48.24157484 27 P 0
L 23.64042516 48.24157484 24.87357484 48.24157484 27 P 0
L 23.81660718 162.0012 38.608 147.20980718 24 P 0
L 23.82741488 18.09012384 25.09741488 18.09012384 27 P 0
L 23.876 61.722 24.892 61.722 25 P 0
L 24.02430552 35.16164926 24.93880458 35.16164926 27 P 0
L 24.050498 5.92149946 24.71749946 5.92149946 27 P 0
L 24.05908574 91.00856576 24.05908574 91.86180764 24 P 0
L 24.05908574 91.86180764 24.34799296 92.15071486 24 P 0
L 24.09317508 87.12368656 24.30923256 87.12368656 28 P 0
L 24.2039902 128.9812 24.2039902 136.09320762 24 P 0
L 24.2039902 128.9812 26.67529844 126.50989176 24 P 0
L 24.34799296 92.15071486 24.34799296 93.7251999 24 P 0
L 24.40259026 119.54020288 24.40259026 120.10608948 24 P 0
L 24.40259026 119.54020288 24.675592 119.26720114 24 P 0
L 24.40259026 120.10608948 24.45647128 120.1599705 24 P 0
L 24.45280098 159.69719902 38.0708662 146.0791338 24 P 0
L 24.5542562 51.09200094 24.85703182 50.78922532 25 P 0
L 24.675592 119.26720114 24.7119902 119.26720114 24 P 0
L 24.70908444 88.75456722 24.70908444 88.75856518 24 P 0
L 24.70908444 88.75456722 24.83208394 88.63156772 24 P 0
L 24.7119902 117.8672014 24.73505594 117.8672014 24 P 0
L 24.7119902 117.8672014 25.00805768 117.57113392 24 P 0
L 24.7119902 129.2352 24.7119902 136.45021478 24 P 0
L 24.7119902 129.2352 26.99279844 126.95439176 24 P 0
L 24.71749946 5.92149946 24.892 6.096 27 P 0
L 24.73505594 117.8672014 25.00805768 117.59419966 24 P 0
L 24.83208394 88.63156772 24.84651622 88.646 24 P 0
L 24.84651622 88.646 25.654 88.646 24 P 0
L 24.85703182 50.78922532 24.90703172 50.78922532 25 P 0
L 24.87357484 45.06797184 68.21602816 45.06797184 26 P 0
L 24.87357484 46.94757184 24.87357484 48.24157484 27 P 0
L 24.87357484 48.24157484 24.90703172 48.27503172 27 P 0
L 24.87357484 48.24157484 25.88957484 48.24157484 27 P 0
L 24.892 6.096 24.892 7.4422 27 P 0
L 24.892 6.096 25.7556 6.096 27 P 0
L 24.892 9.3218 24.892 10.668 25 P 0
L 24.892 9.3218 41.75160306 9.3218 26 P 0
L 24.892 10.668 24.892 11.74599886 25 P 0
L 24.892 58.7502 24.92200248 58.7502 26 P 0
L 24.892 60.6298 24.892 60.706 25 P 0
L 24.892 60.706 24.892 61.722 25 P 0
L 24.892 61.722 24.892 62.79999886 25 P 0
L 24.892 61.722 25.908 61.722 25 P 0
L 24.90703172 48.27503172 24.90703172 49.38922558 27 P 0
L 24.92200248 58.7502 34.76560738 48.9065951 26 P 0
L 24.93880458 35.16164926 25.04030552 35.2631502 27 P 0
L 24.94422494 72.0852 25.80144954 71.2279754 24 P 0
L 25.00805768 116.74713252 25.00805768 116.855494 24 P 0
L 25.00805768 116.74713252 25.3479935 116.4071967 24 P 0
L 25.00805768 116.855494 25.00805768 117.57113392 24 P 0
L 25.00805768 117.57113392 25.00805768 117.59419966 24 P 0
L 25.0274455 146.5072 25.2199902 146.5072 24 P 0
L 25.04030552 32.0373502 33.00798072 32.0373502 26 P 0
L 25.04030552 33.9169502 25.04030552 35.2631502 27 P 0
L 25.04030552 35.2631502 25.04030552 36.84914906 27 P 0
L 25.04030552 35.2631502 25.8651502 35.2631502 27 P 0
L 25.09741488 18.09012384 25.09741488 19.69032384 27 P 0
L 25.09741488 18.09012384 26.11341488 18.09012384 27 P 0
L 25.09741488 21.56992384 25.09741488 24.5021227 25 P 0
L 25.09741488 21.56992384 39.28695978 21.56992384 26 P 0
L 25.2199902 146.5072 25.2943868 146.4328034 24 P 0
L 25.2819916 122.8852 25.2819916 122.9351999 24 P 0
L 25.2819916 122.9351999 25.8507484 123.5039567 24 P 0
L 25.29438426 146.4328034 25.38686566 146.340322 24 P 0
L 25.31580154 148.42019846 36.576 137.16 24 P 0
L 25.3479935 93.7251999 25.35679206 93.71640134 24 P 0
L 25.3479935 114.92520068 25.3479935 116.4071967 24 P 0
L 25.35679206 92.29999066 25.35679206 93.71640134 24 P 0
L 25.35679206 92.29999066 25.50558272 92.1512 24 P 0
L 25.35908568 91.00856576 25.35908568 91.2085679 24 P 0
L 25.35908568 91.00856576 25.3729236 90.99472784 24 P 0
L 25.35908568 91.2085679 25.48208518 91.3315674 24 P 0
L 25.3729236 90.99472784 25.9772404 90.99472784 24 P 0
L 25.38686566 146.340322 35.6974902 136.02969746 24 P 0
L 25.50558018 92.1512 25.50558272 92.1512 24 P 0
L 25.50558272 92.1512 26.97301184 92.1512 24 P 0
L 25.654 88.646 26.68119886 89.67319886 24 P 0
L 25.7462528 81.09420154 26.04002666 81.3879754 24 P 0
L 25.7462528 83.63420154 26.04002666 83.9279754 24 P 0
L 25.7462528 86.17420154 26.04002666 86.4679754 24 P 0
L 25.7556 6.096 25.908 6.2484 27 P 0
L 25.80144954 71.2279754 26.04002666 71.2279754 24 P 0
L 25.8479925 113.3532023 25.8479925 114.92520068 24 P 0
L 25.8507484 123.5039567 25.8507484 123.80212476 24 P 0
L 25.8507484 123.80212476 25.92850796 123.87988432 24 P 0
L 25.8651502 35.2631502 25.908 35.306 27 P 0
L 25.88957484 48.24157484 25.908 48.26 27 P 0
L 25.9772404 90.99472784 26.66551944 90.99472784 24 P 0
L 26.04002666 71.2279754 49.784 71.2279754 26 P 0
L 26.04002666 83.9279754 26.11779892 83.85020314 24 P 0
L 26.11779892 83.85020314 27.99498846 83.85020314 24 P 0
L 26.28281002 182.95796276 72.00281002 182.95796276 26 P 0
L 26.28281002 188.03796276 72.00281002 188.03796276 26 P 0
L 26.57298978 91.24419902 26.7439902 91.0731986 24 P 0
L 26.66551944 90.99472784 26.7439902 91.0731986 24 P 0
L 26.67529844 126.50989176 30.34298986 126.50989176 24 P 0
L 26.68119886 89.67319886 26.7439902 89.67319886 24 P 0
L 26.68199134 122.8852 27.6979888 122.8852 29 P 0
L 26.7439902 117.8052 26.8939899 117.8052 29 P 0
L 26.85569432 116.64703366 26.85569432 116.78449846 28 P 0
L 26.85569432 116.64703366 27.26469274 116.23803524 28 P 0
L 26.8939899 117.8052 26.9979902 117.9092003 29 P 0
L 26.8939899 117.8052 27.0439896 117.8052 29 P 0
L 26.97301184 92.1512 27.96563622 91.15857562 24 P 0
L 26.99279844 126.95439176 30.08416894 126.95439176 24 P 0
L 26.9979902 117.9092003 26.9979902 118.88319886 29 P 0
L 26.9979902 118.88319886 28.77464654 118.88319886 29 P 0
L 27.0439896 117.8052 27.84879114 117.00039846 29 P 0
L 27.26469274 115.94844222 27.26469274 116.23803524 28 P 0
L 27.26469274 115.94844222 27.34799204 115.86514292 28 P 0
L 27.34799204 115.3951718 27.34799204 115.86514292 28 P 0
L 27.5059902 120.0291986 28.2679902 120.0291986 29 P 0
L 27.6979888 122.8852 27.7599902 122.9472014 29 P 0
L 27.7599902 122.9472014 28.04569194 123.23290314 29 P 0
L 27.7599902 124.34720114 28.81225886 124.34720114 29 P 0
L 27.80938558 116.31663808 27.82868958 116.29733408 28 P 0
L 27.82868958 114.94450468 27.82868958 116.29733408 28 P 0
L 27.82868958 114.94450468 27.84799358 114.92520068 28 P 0
L 27.84799358 93.7251999 27.85679214 93.71640134 24 P 0
L 27.84879114 117.00039846 28.81881206 117.00039846 29 P 0
L 27.85679214 92.4728529 27.85679214 93.71640134 24 P 0
L 27.85679214 92.4728529 28.06185142 92.26779362 24 P 0
L 27.96563622 91.15857562 28.01563612 91.15857562 24 P 0
L 27.98431284 88.73290864 27.98431284 89.7272526 24 P 0
L 27.98431284 89.7272526 28.01563612 89.75857588 24 P 0
L 27.99498846 83.85020314 28.2679902 83.5772014 24 P 0
L 28.04569194 123.23290314 28.67434956 123.23290314 29 P 0
L 28.06185142 92.19906122 28.06185142 92.26779362 24 P 0
L 28.06185142 92.19906122 28.11044924 92.1504634 24 P 0
L 28.11044924 92.1504634 28.51411112 92.1504634 24 P 0
L 28.2679902 84.97720114 28.28266632 84.99187726 24 P 0
L 28.2679902 120.0291986 28.81225886 120.0291986 29 P 0
L 28.28266632 84.99187726 28.28266632 86.04779336 24 P 0
L 28.31432488 113.38417506 28.33116 113.40101018 28 P 0
L 28.33116 113.40101018 28.33116 114.9083681 28 P 0
L 28.33116 114.9083681 28.34799258 114.92520068 28 P 0
L 28.34799258 93.7251999 28.34799258 95.62719762 24 P 0
L 28.51411112 92.1504634 29.0299902 91.63458432 24 P 0
L 28.67434956 123.23290314 29.3191311 123.87768468 29 P 0
L 28.77464654 118.88319886 29.3191311 119.42768342 29 P 0
L 28.7759902 117.8052 29.0759896 117.8052 24 P 0
L 28.81225886 120.0291986 28.82399112 120.04093086 29 P 0
L 28.81225886 124.34720114 28.82399112 124.3589334 29 P 0
L 28.81881206 117.00039846 29.334333 116.48487752 29 P 0
L 28.82399112 120.04093086 28.82399112 120.0912 29 P 0
L 28.82399112 124.3589334 28.82399112 124.54120126 29 P 0
L 28.84799412 93.7251999 28.85679268 93.71640134 24 P 0
L 28.84799412 113.69932556 28.84799412 114.92520068 28 P 0
L 28.84799412 113.69932556 29.16521472 113.38210496 28 P 0
L 28.85679268 92.43639882 28.85679268 93.71640134 24 P 0
L 28.85679268 92.43639882 30.3619916 90.9311999 24 P 0
L 29.0299902 90.83820034 29.0299902 91.63458432 24 P 0
L 29.0299902 90.83820034 29.04899194 90.8191986 24 P 0
L 29.04899194 90.8191986 29.2839902 90.8191986 24 P 0
L 29.0759896 117.8052 29.44899114 117.43219846 24 P 0
L 29.0759896 117.8052 29.44899114 118.17820154 24 P 0
L 29.16521472 113.379885 29.16521472 113.38210496 28 P 0
L 29.2839902 88.2119902 29.2839902 89.16519886 24 P 0
L 29.3191311 119.42768342 29.3191311 120.08634098 29 P 0
L 29.3191311 120.08634098 29.32399012 120.0912 29 P 0
L 29.3191311 123.87768468 29.3191311 124.53634224 29 P 0
L 29.3191311 124.53634224 29.32399012 124.54120126 29 P 0
L 29.334333 114.9388608 29.334333 116.48487752 29 P 0
L 29.334333 114.9388608 29.34799312 114.92520068 29 P 0
L 29.34799312 92.81275062 29.34799312 93.7251999 24 P 0
L 29.34799312 93.7251999 29.35679168 93.71640134 24 P 0
L 29.35679168 92.65525538 29.35679168 93.71640134 24 P 0
L 29.35679168 92.65525538 30.31804706 91.694 24 P 0
L 29.44899114 116.98087602 29.44899114 117.43219846 24 P 0
L 29.44899114 116.98087602 29.84799212 116.58187504 24 P 0
L 29.44899114 118.17820154 29.44899114 118.66019956 24 P 0
L 29.44899114 118.66019956 29.82399166 119.03520008 24 P 0
L 29.63145458 125.6792 29.72491642 125.6792 24 P 0
L 29.72491642 125.6792 29.78484264 125.6792 24 P 0
L 29.72491642 125.6792 29.82399166 125.58012476 24 P 0
L 29.78484264 125.6792 29.78841642 125.67562622 24 P 0
L 29.82399166 119.03520008 29.82399166 120.0912 24 P 0
L 29.82399166 124.54120126 29.82399166 125.58012476 24 P 0
L 29.82399166 124.54120126 30.32399066 124.54120126 24 P 0
L 29.84799212 93.7251999 29.8570904 93.73429818 28 P 0
L 29.84799212 114.92520068 29.84799212 116.58187504 24 P 0
L 29.8570904 93.73429818 29.8570904 95.66386252 28 P 0
L 29.8570904 95.66386252 29.86618868 95.6729608 28 P 0
L 30.08416894 126.95439176 30.08447882 126.95470164 24 P 0
L 30.08447882 126.95470164 31.14750438 126.95470164 24 P 0
L 30.31804706 91.694 33.782 91.694 24 P 0
L 30.32399066 119.54320262 30.32399066 120.0912 24 P 0
L 30.32399066 119.54320262 30.32548164 119.54171164 24 P 0
L 30.32399066 124.54120126 30.8239922 124.54120126 24 P 0
L 30.32548164 118.17820154 30.32548164 119.54171164 24 P 0
L 30.32548164 118.17820154 30.69848318 117.8052 24 P 0
L 30.34298986 126.50989176 30.6159916 126.23689002 24 P 0
L 30.34799366 114.92520068 30.34799366 117.43219846 24 P 0
L 30.34799366 117.43219846 30.7209952 117.8052 24 P 0
L 30.3619916 88.72519974 30.3619916 89.6112 24 P 0
L 30.3619916 88.72519974 30.5539902 88.53320114 24 P 0
L 30.3619916 89.6112 30.3619916 90.8812 24 P 0
L 30.3619916 90.8812 30.3619916 90.9311999 24 P 0
L 30.48 113.284 30.8391941 113.6431941 24 P 0
L 30.5539902 87.1332014 31.5079888 87.1332014 24 P 0
L 30.61386308 97.19229736 30.73095962 97.07520082 24 P 0
L 30.6159916 126.1372001 30.6159916 126.23689002 24 P 0
L 30.6159916 126.1372001 31.3239912 125.4292005 24 P 0
L 30.69848318 117.8052 30.8079902 117.8052 24 P 0
L 30.7209952 117.8052 30.75249374 117.8052 24 P 0
L 30.73095962 97.07520082 32.69799404 97.07520082 24 P 0
L 30.734 121.30202816 30.734 121.412 24 P 0
L 30.734 121.30202816 30.8239922 121.21203596 24 P 0
L 30.8239922 120.0912 30.8239922 121.21203596 24 P 0
L 30.8391941 113.6431941 30.8391941 114.91640212 24 P 0
L 30.8391941 114.91640212 30.84799266 114.92520068 24 P 0
L 30.84799266 93.7251999 34.2891999 93.7251999 24 P 0
L 31.13199006 107.57520014 32.69799404 107.57520014 24 P 0
L 31.14750438 126.95470164 31.15300602 126.9492 24 P 0
L 31.15300602 126.9492 31.30399124 126.9492 24 P 0
L 31.15599052 109.07519968 32.69799404 109.07519968 24 P 0
L 31.16921376 95.8085968 31.2791856 95.8085968 24 P 0
L 31.2791856 95.8085968 31.53699052 96.06640172 24 P 0
L 31.30399124 126.9492 32.01599134 126.2371999 24 P 0
L 31.3239912 120.0912 31.3239912 120.7678179 24 P 0
L 31.3239912 120.7678179 31.89917166 121.34299836 24 P 0
L 31.3239912 124.54120126 31.3239912 125.4292005 24 P 0
L 31.32599018 102.57519998 32.69799404 102.57519998 24 P 0
L 31.3304936 112.38155578 31.3304936 115.9124936 24 P 0
L 31.3304936 112.38155578 31.62805206 112.08399732 24 P 0
L 31.3304936 115.9124936 35.6974902 120.2794902 24 P 0
L 31.53699052 96.06640172 32.68919548 96.06640172 24 P 0
L 31.62805206 112.08399732 32.68919548 112.08399732 24 P 0
L 31.76199134 90.8312001 31.76199134 90.8812 24 P 0
L 31.76199134 90.8312001 32.03499308 90.55819836 24 P 0
L 31.8239902 120.0912 32.32399174 120.0912 24 P 0
L 31.8239902 124.54120126 31.8239902 126.04519876 24 P 0
L 31.8239902 126.04519876 32.01599134 126.2371999 24 P 0
L 31.89917166 121.34299836 33.06299966 121.34299836 24 P 0
L 32.03499308 90.55819836 32.08499298 90.55819836 24 P 0
L 32.08499298 90.55819836 32.1356101 90.50758124 24 P 0
L 32.1356101 90.50758124 32.60113114 90.50758124 24 P 0
L 32.32399174 120.04723006 32.32399174 120.0912 24 P 0
L 32.32399174 120.04723006 32.41876168 120.142 24 P 0
L 32.32399174 124.42093226 32.32399174 124.54120126 29 P 0
L 32.32399174 124.42093226 32.335724 124.4092 29 P 0
L 32.335724 124.4092 33.3479902 124.4092 29 P 0
L 32.41876168 120.142 33.02 120.142 24 P 0
L 32.60113114 90.50758124 32.87413288 90.2345795 24 P 0
L 32.68919548 96.06640172 32.69799404 96.07520028 24 P 0
L 32.68919548 112.08399732 32.69799404 112.07519876 24 P 0
L 32.69799404 95.57519874 32.7067926 95.5839973 24 P 0
L 32.69799404 96.57519928 34.40125708 96.57519928 24 P 0
L 32.69799404 97.57519982 32.7019158 97.57912158 24 P 0
L 32.69799404 103.07519898 34.29725678 103.07519898 24 P 0
L 32.69799404 105.57519906 36.9073303 105.57519906 24 P 0
L 32.69799404 108.07519914 32.7067926 108.06640058 24 P 0
L 32.69799404 108.57520068 34.09140248 108.57520068 24 P 0
L 32.69799404 109.57519868 32.7067926 109.56640012 24 P 0
L 32.69799404 110.07520022 32.7067926 110.08399878 24 P 0
L 32.69799404 111.57519976 32.7067926 111.58399832 24 P 0
L 32.69799404 112.5752003 32.7067926 112.58399886 24 P 0
L 32.69799404 113.0751993 32.7447529 113.0751993 24 P 0
L 32.7019158 97.57912158 34.06203754 97.57912158 24 P 0
L 32.7067926 95.5839973 34.4947875 95.5839973 24 P 0
L 32.7067926 108.06640058 33.76793602 108.06640058 24 P 0
L 32.7067926 109.56640012 34.0999064 109.56640012 24 P 0
L 32.7067926 110.08399878 33.63931804 110.08399878 24 P 0
L 32.7067926 111.58399832 33.98478852 111.58399832 24 P 0
L 32.7067926 112.58399886 33.76793856 112.58399886 24 P 0
L 32.7447529 113.0751993 32.766 113.0964464 24 P 0
L 32.766 113.0964464 32.766 113.87954618 24 P 0
L 32.766 113.87954618 32.84375956 113.95730574 24 P 0
L 32.84375956 113.95730574 33.07330444 113.95730574 24 P 0
L 32.87413288 90.2345795 33.06355338 90.424 24 P 0
L 33.00798072 32.0373502 35.07333092 29.972 26 P 0
L 33.06299966 121.34299836 33.3360014 121.6160001 24 P 0
L 33.06355338 90.424 33.782 90.424 24 P 0
L 33.07330444 113.95730574 33.9860001 114.8700014 24 P 0
L 33.3360014 121.6160001 33.3360014 121.666 24 P 0
L 33.3360014 121.6160001 34.036 120.9160015 24 P 0
L 33.3479902 123.00920026 33.42119046 122.936 24 P 0
L 33.3479902 124.4092 33.3479902 125.4020098 29 P 0
L 33.42119046 122.936 34.29 122.936 24 P 0
L 33.63793628 98.07519882 33.72123812 98.15850066 28 P 0
L 33.63931804 110.08399878 33.64227206 110.0869528 24 P 0
L 33.64227206 110.0869528 34.55837894 110.0869528 24 P 0
L 33.72123812 98.15850066 33.7705954 98.15850066 28 P 0
L 33.76793602 108.06640058 33.79163676 108.04269984 24 P 0
L 33.76793856 112.58399886 35.2560001 114.0720604 24 P 0
L 33.7705954 98.15850066 34.3639902 98.75189546 28 P 0
L 33.79163676 108.04269984 33.7916393 108.04269984 24 P 0
L 33.7916393 108.04269984 34.06549448 107.76884466 24 P 0
L 33.98478852 111.58399832 36.576 114.1752098 24 P 0
L 33.9860001 114.8700014 34.036 114.8700014 24 P 0
L 34.036 116.27000114 34.036 117.348 24 P 0
L 34.036 120.65 34.036 120.9160015 24 P 0
L 34.06203754 97.57912158 34.06595676 97.5830408 24 P 0
L 34.06549448 107.54566756 34.06549448 107.76884466 24 P 0
L 34.06549448 107.54566756 34.3639902 107.24717184 24 P 0
L 34.09140248 108.57520068 34.334323 108.33228016 24 P 0
L 34.0999064 109.56640012 34.94543684 108.72086968 24 P 0
L 34.2891999 93.7251999 38.608 98.044 24 P 0
L 34.29 122.936 34.73600114 122.48999886 24 P 0
L 34.29725678 103.07519898 34.3572592 103.1352014 24 P 0
L 34.33281932 104.5167328 34.35128766 104.53520114 24 P 0
L 34.334323 108.33228016 34.4180414 108.33228016 24 P 0
L 34.35120384 106.22289906 34.38461754 106.22289906 24 P 0
L 34.35128766 104.53520114 35.3799902 104.53520114 24 P 0
L 34.3572592 103.1352014 34.4259916 103.1352014 24 P 0
L 34.3639902 98.75189546 34.3639902 99.6663742 28 P 0
L 34.3639902 99.6663742 34.71501312 100.01739712 28 P 0
L 34.3639902 107.1372 34.3639902 107.24717184 24 P 0
L 34.3639902 107.1372 34.44174976 107.21495956 24 P 0
L 34.38461754 106.22289906 34.59891734 106.43719886 24 P 0
L 34.40125708 96.57519928 34.73591732 96.90985952 24 P 0
L 34.4259916 103.1352014 35.3799902 103.1352014 24 P 0
L 34.44174976 107.21495956 34.70775126 107.21495956 24 P 0
L 34.4947875 95.5839973 38.0708662 99.160076 24 P 0
L 34.55837894 110.0869528 34.63313114 110.0122006 24 P 0
L 34.59891734 106.43719886 35.3799902 106.43719886 24 P 0
L 34.63313114 110.0122006 35.10698846 110.0122006 24 P 0
L 34.70775126 107.21495956 35.1379917 107.6452 24 P 0
L 34.71501312 100.01739712 34.80218846 100.01739712 28 P 0
L 34.73591732 96.90985952 34.82818536 96.90985952 24 P 0
L 34.73600114 121.666 34.73600114 122.48999886 24 P 0
L 34.76560738 48.9065951 80.4025951 48.9065951 26 P 0
L 34.80218846 100.01739712 35.1259902 100.34119886 28 P 0
L 34.82818536 96.90985952 34.82818536 97.50339656 24 P 0
L 34.82818536 97.50339656 35.1259902 97.8012014 24 P 0
L 34.94543684 108.72086968 36.70690906 108.72086968 24 P 0
L 35.07333092 29.972 41.83123968 29.972 26 P 0
L 35.10698846 110.0122006 35.3799902 109.73919886 24 P 0
L 35.10698846 110.86619686 35.3799902 111.1391986 24 P 0
L 35.1259902 99.20120114 35.95520114 99.20120114 24 P 0
L 35.1259902 100.34119886 35.28139248 100.49660114 24 P 0
L 35.1259902 101.7411986 35.23752414 101.85273254 28 P 0
L 35.1379917 107.6452 35.1879916 107.6452 24 P 0
L 35.1379917 107.6452 35.3299903 107.8371986 24 P 0
L 35.1879916 107.6452 35.3799902 107.8371986 24 P 0
L 35.23752414 101.85273254 36.3692059 101.85273254 28 P 0
L 35.2560001 114.0720604 35.2560001 114.8700014 24 P 0
L 35.28139248 100.49660114 35.92905946 100.49660114 24 P 0
L 35.306 116.27000114 35.306 117.348 24 P 0
L 35.3299903 107.8371986 35.3799902 107.8371986 24 P 0
L 35.3799902 111.1391986 36.17787532 111.1391986 24 P 0
L 35.6974902 120.2794902 35.6974902 136.02969746 24 P 0
L 36.17787532 111.1391986 37.38701184 109.93006208 24 P 0
L 36.576 114.1752098 36.576 137.16 24 P 0
L 36.70690906 108.72086968 36.73931184 108.75327246 24 P 0
L 36.9073303 105.57519906 37.38701184 106.0548806 24 P 0
L 37.38701184 106.0548806 37.38701184 109.93006208 24 P 0
L 38.0708662 99.160076 38.0708662 146.0791338 24 P 0
L 38.608 98.044 38.608 147.20980718 24 P 0
L 39.28695978 21.56992384 40.4774527 20.37943092 26 P 0
L 40.0181191 37.03420076 42.10799046 34.9443294 25 P 0
L 40.4774527 20.37943092 43.12345452 17.7334291 25 P 0
L 41.25586364 32.79146096 41.3321246 32.7152 25 P 0
L 41.3321246 32.7152 42.10799046 32.7152 25 P 0
L 41.75160306 9.3218 46.75540306 4.318 26 P 0
L 41.83123968 29.972 44.24905298 32.3898133 26 P 0
L 42.10799046 32.7152 42.10799046 34.9443294 25 P 0
L 43.12345452 17.10478672 43.12345452 17.7334291 25 P 0
L 43.12345452 17.10478672 43.91680828 16.31143296 25 P 0
L 43.91680828 16.26143306 43.91680828 16.31143296 25 P 0
L 44.24905298 32.3898133 44.24905298 32.70013526 26 P 0
L 44.24905298 32.70013526 46.29811924 34.74920152 26 P 0
L 45.31680802 16.26143306 45.31680802 16.31143296 25 P 0
L 45.31680802 16.26143306 46.25332126 16.26143306 25 P 0
L 46.2114519 17.20607684 46.2114519 17.74843034 25 P 0
L 46.2114519 17.74843034 46.75745284 18.29443128 25 P 0
L 46.29811924 34.74920152 46.99811784 34.74920152 26 P 0
L 46.75540306 4.318 69.98691362 4.318 26 P 0
L 46.75745284 18.29443128 47.45745144 18.29443128 25 P 0
L 46.99811784 39.3192 49.61211566 39.3192 25 P 0
L 47.45745144 18.29443128 48.15745004 18.29443128 25 P 0
L 47.45745144 22.86442976 49.87845244 22.86442976 25 P 0
L 48.15745004 18.29443128 49.534445 19.67142624 25 P 0
L 49.08399886 40.0973163 49.08399886 41.402 25 P 0
L 49.08399886 40.0973163 49.61211566 39.5691995 25 P 0
L 49.534445 19.67142624 49.72545046 19.67142624 25 P 0
L 49.61211566 39.3192 49.61211566 39.5691995 25 P 0
L 49.72545046 19.67142624 49.8714522 19.81742798 25 P 0
L 49.784 71.2279754 49.784 113.92568274 26 P 0
L 49.784 71.2279754 71.76002666 71.2279754 26 P 0
L 49.784 113.92568274 60.90919746 125.0508802 26 P 0
L 49.8714522 21.21742772 49.971452 21.31742752 25 P 0
L 49.87845244 22.86442976 49.971452 22.95742932 25 P 0
L 49.971452 21.31742752 49.971452 22.95742932 25 P 0
L 50.4839986 41.402 50.4945396 41.412541 25 P 0
L 50.4839986 41.402 50.54599746 41.402 25 P 0
L 50.50214436 41.4458531 50.50214436 42.42556158 25 P 0
L 50.50214436 41.4458531 50.54599746 41.402 25 P 0
L 50.50214436 42.42556158 50.52029012 42.44370734 25 P 0
L 50.52029012 42.44370734 50.54599746 42.418 25 P 0
L 60.90919746 125.0508802 60.9508433 125.0508802 26 P 0
L 60.9508433 109.8108802 60.96552196 109.79620154 24 P 0
L 60.9508433 112.3508802 63.3199902 112.3508802 24 P 0
L 60.9508433 114.8908802 63.98395636 114.8908802 24 P 0
L 60.96552196 109.79620154 65.23298866 109.79620154 24 P 0
L 63.3199902 111.00919886 64.27399134 111.00919886 24 P 0
L 63.3199902 112.4091986 65.33644032 112.4091986 24 P 0
L 63.98395636 114.8908802 65.3059908 116.21291464 24 P 0
L 65.23298866 109.79620154 65.6059902 109.4232 24 P 0
L 65.3059908 116.21291464 65.6059902 116.21291464 24 P 0
L 65.33644032 112.4091986 65.6059902 112.67874848 24 P 0
L 65.6059902 119.8372 67.1299902 119.8372 24 P 0
L 66.3679902 76.4032 67.8919902 76.4032 24 P 0
L 67.847591 79.9915088 70.36356006 79.9915088 24 P 0
L 67.847591 83.94931648 67.86893208 83.9279754 24 P 0
L 67.847591 87.68177536 70.5462267 87.68177536 24 P 0
L 67.86893208 83.9279754 71.76002666 83.9279754 24 P 0
L 68.21602816 45.06797184 82.804 30.48 26 P 0
L 69.98691362 4.318 87.00811402 21.3392004 26 P 0
L 70.36356006 79.9915088 71.76002666 81.3879754 24 P 0
L 70.5462267 87.68177536 71.76002666 86.4679754 24 P 0
L 71.76002666 83.9279754 74.1452162 83.9279754 24 P 0
L 72.00281002 182.95796276 84.0232 170.93757278 26 P 0
L 72.00281002 188.03796276 72.14248716 187.89828562 26 P 0
L 72.14248716 187.89828562 73.72171438 187.89828562 26 P 0
L 73.72171438 187.89828562 89.154 172.466 26 P 0
L 74.1452162 83.9279754 74.2419902 83.8312014 24 P 0
L 74.168 85.30519134 74.2419902 85.23120114 24 P 0
L 74.168 85.30519134 74.3082334 85.44542474 24 P 0
L 74.3082334 85.44542474 74.3082334 86.04430848 24 P 0
L 80.4025951 48.9065951 85.2909902 44.0182 26 P 0
L 82.804 30.48 89.30556434 30.48 26 P 0
L 84.0232 62.55658812 84.0232 170.93757278 26 P 0
L 84.0232 62.55658812 84.09578812 62.484 26 P 0
L 84.09578812 62.484 84.328 62.484 26 P 0
L 85.2909902 44.0182 101.6739902 44.0182 26 P 0
L 87.00811402 21.3392004 90.08211092 18.2652035 25 P 0
L 87.00811402 37.23740076 89.47391808 34.7715967 25 P 0
L 88.24585856 32.99466096 88.24585856 33.03423924 25 P 0
L 88.24585856 32.99466096 88.32211952 32.9184 25 P 0
L 88.24585856 33.03423924 88.32642228 33.11480296 25 P 0
L 88.32642228 33.11480296 89.47391808 33.11480296 25 P 0
L 89.154 64.25917552 89.154 172.466 26 P 0
L 89.154 64.25917552 90.34576292 63.0674126 26 P 0
L 89.30556434 30.48 91.21433878 32.38877444 26 P 0
L 89.47391808 33.11480296 89.47391808 34.7715967 25 P 0
L 90.08211092 17.36720428 90.08211092 18.2652035 25 P 0
L 90.08211092 17.36720428 90.22811266 17.22120254 25 P 0
L 90.34576292 63.06458812 90.34576292 63.0674126 26 P 0
L 90.34576292 63.06458812 90.41976328 62.99058776 26 P 0
L 90.41976328 62.99058776 90.42258776 62.99058776 26 P 0
L 90.42258776 62.99058776 91.71838146 61.69479406 26 P 0
L 91.21433878 32.38877444 91.21433878 32.87862614 26 P 0
L 91.21433878 32.87862614 93.28811416 34.95240152 26 P 0
L 91.6281124 17.22120254 93.54598258 17.22120254 25 P 0
L 93.28811416 34.95240152 93.98811276 34.95240152 26 P 0
L 93.54598258 17.22120254 93.54598512 17.2212 25 P 0
L 93.98811276 19.25420076 94.5341137 19.8002017 25 P 0
L 93.98811276 23.82419924 96.52710946 23.82419924 25 P 0
L 93.98811276 39.5224 96.62225532 39.5224 25 P 0
L 94.5341137 19.8002017 95.36511534 19.8002017 25 P 0
L 95.36511534 19.8002017 96.4041125 20.83919886 25 P 0
L 96.36062008 40.30276674 96.536002 40.12738482 25 P 0
L 96.39000026 41.656 96.536002 41.50999826 25 P 0
L 96.4041125 20.83919886 96.4541124 20.83919886 25 P 0
L 96.4541124 22.2391986 96.47211084 22.2391986 25 P 0
L 96.47211084 22.2391986 96.78211276 22.54920052 25 P 0
L 96.52710946 23.82419924 96.61811258 23.91520236 25 P 0
L 96.536002 39.87738532 96.536002 40.12738482 25 P 0
L 96.536002 39.87738532 96.62225532 39.791132 25 P 0
L 96.536002 40.12738482 96.536002 41.50999826 25 P 0
L 96.536002 40.12738482 96.62225532 40.0411315 25 P 0
L 96.62225532 39.5224 96.62225532 39.791132 25 P 0
L 96.62225532 39.791132 96.62225532 40.0411315 25 P 0
L 96.62225532 39.791132 96.75662132 39.656766 25 P 0
L 96.78211276 22.54920052 96.78211276 24.07920254 25 P 0
L 97.79 41.656 98.7538792 41.656 25 P 0
L 99.6566206 39.4067665 99.6566206 39.656766 26 P 0
L 99.6566206 39.4067665 99.67162184 39.39176526 26 P 0
L 99.67162184 39.39176526 99.92162134 39.39176526 26 P 0
L 99.68211204 24.07920254 108.50879746 24.07920254 26 P 0
L 101.6739902 44.0182 112.6970822 32.995108 26 P 0
L 106.6708433 109.8108802 111.21208136 109.8108802 24 P 0
L 106.6708433 112.3508802 109.2356718 112.3508802 24 P 0
L 106.6708433 114.8908802 109.11228876 114.8908802 24 P 0
L 106.6708433 125.0508802 152.3908433 125.0508802 26 P 0
L 108.50879746 24.07920254 124.35103908 8.23696092 26 P 0
L 109.11228876 114.8908802 111.24896216 117.0275536 24 P 0
L 109.2356718 112.3508802 109.2939902 112.4091986 24 P 0
L 109.2939902 111.00919886 110.53745482 111.00919886 24 P 0
L 109.2939902 112.4091986 109.3439901 112.4091986 24 P 0
L 109.3439901 112.4091986 110.20221038 113.26741888 24 P 0
L 110.20221038 113.26741888 111.54896156 113.26741888 24 P 0
L 110.53745482 111.00919886 110.67721324 111.14895728 24 P 0
L 110.67721324 111.14895728 110.78718508 111.14895728 24 P 0
L 111.21208136 109.8108802 111.54896156 109.474 24 P 0
L 111.24896216 117.0275536 111.54896156 117.0275536 24 P 0
L 111.55483912 89.04087602 112.0048433 89.4908802 24 P 0
L 111.57566204 89.0200531 112.0048433 89.0200531 24 P 0
L 111.71081036 121.91357888 112.98081036 121.91357888 24 P 0
L 112.0048433 89.0200531 112.0048433 89.4908802 24 P 0
L 112.6970822 32.995108 127.10869168 32.995108 26 P 0
L 113.284 181.61000254 113.284 185.166 26 P 0
L 113.284 181.61000254 116.84000254 178.054 26 P 0
L 113.284 185.166 116.01628562 187.89828562 26 P 0
L 114.5448433 86.86315876 114.5448433 89.4908802 24 P 0
L 114.5448433 86.86315876 117.48002666 83.9279754 24 P 0
L 114.5448433 107.0168802 147.0568433 107.0168802 24 P 0
L 116.01628562 187.89828562 117.58313288 187.89828562 26 P 0
L 116.84000254 178.054 160.528 178.054 26 P 0
L 117.48002666 71.2279754 163.20002666 71.2279754 26 P 0
L 117.48002666 76.3079754 117.61825092 76.44619966 24 P 0
L 117.48002666 78.8479754 117.61824838 78.98619712 24 P 0
L 117.48002666 86.4679754 119.9619902 83.98601186 24 P 0
L 117.58313288 187.89828562 117.72281002 188.03796276 26 P 0
L 117.61824838 78.98619712 119.68898846 78.98619712 24 P 0
L 117.61825092 76.44619966 119.68898846 76.44619966 24 P 0
L 117.72281002 182.95796276 163.44281002 182.95796276 26 P 0
L 117.72281002 188.03796276 163.44281002 188.03796276 26 P 0
L 119.68898846 76.44619966 119.9619902 76.7192014 24 P 0
L 119.68898846 78.98619712 119.9619902 79.25919886 24 P 0
L 119.9619902 78.11920114 119.9619902 79.25919886 24 P 0
L 119.9619902 80.6591986 119.9619902 83.98601186 24 P 0
L 124.35103908 8.23696092 147.574 8.23696092 26 P 0
L 127.07059168 29.3610538 127.07059168 32.957008 26 P 0
L 127.07059168 32.957008 127.10869168 32.995108 26 P 0
L 127.10869168 32.995108 128.81049168 32.995108 27 P 0
L 128.81049168 32.995108 128.96289168 33.147508 27 P 0
L 128.96289168 33.147508 128.96289168 35.14134196 27 P 0
L 128.96289168 35.14134196 129.61065772 35.789108 27 P 0
L 128.98620888 28.04424668 128.98620888 29.3610538 25 P 0
L 128.98620888 29.3610538 130.1610173 29.3610538 25 P 0
L 129.61065772 35.789108 137.57710864 35.789108 27 P 0
L 130.1610173 29.3610538 130.5121088 29.7121453 25 P 0
L 130.47514164 29.79929524 130.47514164 32.95795796 25 P 0
L 130.47514164 32.95795796 130.51229168 32.995108 25 P 0
L 130.5121088 28.0461466 130.5121088 29.7121453 25 P 0
L 130.5121088 29.7121453 130.5121088 29.7621452 25 P 0
L 130.5121088 29.7621452 130.54925884 29.79929524 25 P 0
L 132.21409168 29.95604372 132.21409168 32.995108 26 P 0
L 132.28820888 29.95604372 132.72110616 29.52314644 26 P 0
L 132.72110616 29.52314644 133.73710616 29.52314644 26 P 0
L 133.73710616 29.52314644 133.7521074 29.5081452 26 P 0
L 137.57710864 35.789108 138.38629168 34.97992496 27 P 0
L 138.38629168 33.147508 138.38629168 34.97992496 27 P 0
L 138.38629168 33.147508 138.53869168 32.995108 27 P 0
L 138.53869168 32.995108 138.64409152 32.88970816 25 P 0
L 138.53869168 32.995108 140.24049168 32.995108 25 P 0
L 138.64409152 29.5175432 138.64409152 32.88970816 25 P 0
L 138.68415748 29.5175432 138.78955732 29.41214336 25 P 0
L 140.66915732 29.41214336 140.87424708 29.61723312 25 P 0
L 140.87424708 29.61723312 141.76205582 29.61723312 25 P 0
L 141.76205582 29.61723312 141.90805756 29.76323486 25 P 0
L 141.90514164 29.8503848 141.90514164 32.95795796 25 P 0
L 141.90514164 32.95795796 141.94229168 32.995108 25 P 0
L 141.90805756 29.76323486 141.90805756 29.81323476 25 P 0
L 141.90805756 29.81323476 141.9452076 29.8503848 25 P 0
L 141.94229168 32.995108 141.94229168 41.758108 27 P 0
L 143.3080573 29.76323486 143.3080573 29.81323476 27 P 0
L 143.3080573 29.76323486 143.32705904 29.74423312 27 P 0
L 143.32705904 29.74423312 145.2170578 29.74423312 27 P 0
L 143.64409168 29.86017904 143.64409168 32.995108 27 P 0
L 145.2170578 29.74423312 145.40205616 29.55923476 27 P 0
L 147.0568433 107.0168802 152.3908433 112.3508802 24 P 0
L 147.574 8.23696092 147.574 12.7 26 P 0
L 147.574 8.23696092 152.14582474 8.23696092 26 P 0
L 147.574 12.7 169.672 34.798 26 P 0
L 152.14582474 8.23696092 197.86582474 8.23696092 26 P 0
L 152.14582474 13.31696092 174.752 13.31696092 26 P 0
L 152.3908433 109.8108802 155.2679902 112.6880271 24 P 0
L 152.3908433 117.4308802 155.08567154 117.4308802 24 P 0
L 152.3908433 119.9708802 152.6365248 119.7251987 24 P 0
L 152.6365248 119.7251987 154.5059902 119.7251987 24 P 0
L 154.5059902 119.7251987 155.2179903 119.0131986 24 P 0
L 155.08567154 117.4308802 155.2679902 117.61319886 24 P 0
L 155.2179903 119.0131986 155.2679902 119.0131986 24 P 0
L 155.2679902 112.6880271 155.2679902 115.0732014 24 P 0
L 155.2679902 116.47320114 155.2679902 117.61319886 24 P 0
L 160.528 178.054 169.672 168.91 26 P 0
L 163.20002666 76.3079754 163.33825092 76.44619966 24 P 0
L 163.20002666 78.8479754 163.33824838 78.98619712 24 P 0
L 163.20002666 86.4679754 165.6819902 83.98601186 24 P 0
L 163.33824838 78.98619712 165.40898846 78.98619712 24 P 0
L 163.33825092 76.44619966 165.40898846 76.44619966 24 P 0
L 163.44281002 182.95796276 174.752 171.64877278 26 P 0
L 165.40898846 76.44619966 165.6819902 76.7192014 24 P 0
L 165.40898846 78.98619712 165.6819902 79.25919886 24 P 0
L 165.6819902 78.11920114 165.6819902 79.25919886 24 P 0
L 165.6819902 80.6591986 165.6819902 83.98601186 24 P 0
L 169.672 34.798 169.672 168.91 26 P 0
L 174.752 13.31696092 174.752 171.64877278 26 P 0
L 174.752 13.31696092 197.86582474 13.31696092 26 P 0
L 189.51957778 19.94925398 190.53525012 19.94925398 24 P 0 ;3,4=24,5=90.000000
L 189.51957778 21.13420462 189.68885608 20.96492632 24 P 0 ;3,4=24,5=90.000000
L 190.53525012 19.94925398 190.53525012 20.62636718 24 P 0 ;3,4=24,5=90.000000
L 190.53525012 20.96492632 190.53525012 21.30348292 24 P 0 ;3,4=24,5=90.000000
L 190.53525012 21.13420462 189.51957778 21.13420462 24 P 0 ;3,4=24,5=90.000000
L 190.53525012 21.30348292 190.53525012 21.13420462 24 P 0 ;3,4=24,5=90.000000
L 195.6539902 112.2677333 195.6539902 115.3272014 24 P 0
L 195.6539902 112.2677333 198.1108433 109.8108802 24 P 0
L 195.6539902 116.72720114 195.6539902 117.86719886 25 P 0
L 195.6539902 117.86719886 195.92699194 117.59419712 24 P 0
L 195.6539902 119.2671986 195.7039901 119.2671986 24 P 0
L 195.7039901 119.2671986 196.4076717 119.9708802 24 P 0
L 195.92699194 117.59419712 197.94752638 117.59419712 24 P 0
L 196.4076717 119.9708802 198.1108433 119.9708802 24 P 0
L 197.94752638 117.59419712 198.1108433 117.4308802 24 P 0
P -0.00000254 8.20200036 7 P 0 0 ;0=7,1=0,2
P -0.00000254 11.10199964 7 P 0 0 ;0=7,1=0,2
P -0.00001016 196.2912 43 P 0 0 ;0=30,1=0
P -0.56660796 113.9952 22 P 0 0 ;0=22,1=0,2
P -0.56660796 115.2652 22 P 0 0 ;0=22,1=0,2
P -0.56660796 116.5352 22 P 0 0 ;0=22,1=0,2
P -0.56660796 117.8052 22 P 0 0 ;0=22,1=0,2
P -0.56660796 119.0752 22 P 0 0 ;0=22,1=0,2
P -1.03001064 94.1832 12 P 0 0 ;0=12,1=0,2
P -1.03001064 97.2312 12 P 0 0 ;0=12,1=0,2
P -1.03001064 100.2792 12 P 0 0 ;0=12,1=0,2
P -1.03001064 103.3272 12 P 0 0 ;0=12,1=0,2
P -2.03200508 136.37119792 26 P 0 0 ;0=28,1=0
P -2.03200508 138.65119844 26 P 0 0 ;0=28,1=0
P -2.03200508 140.93119896 26 P 0 0 ;0=28,1=0
P -2.03200508 143.21119948 26 P 0 0 ;0=28,1=0
P -2.03200508 145.4912 26 P 0 0 ;0=28,1=0
P -2.03200508 170.86619878 26 P 0 0 ;0=28,1=0
P -2.03200508 173.1461993 26 P 0 0 ;0=28,1=0
P -2.03200508 175.42619982 26 P 0 0 ;0=28,1=0
P -2.03200508 177.70620034 26 P 0 0 ;0=28,1=0
P -2.03200508 179.98620086 26 P 0 0 ;0=28,1=0
P 0 0 43 P 0 0 ;0=30,1=0
P 0.00000254 20.90200036 7 P 0 0 ;0=7,1=0,2
P 0.00000254 23.80199964 7 P 0 0 ;0=7,1=0,2
P 0.00000254 33.60200036 7 P 0 0 ;0=7,1=0,2
P 0.00000254 36.50199964 7 P 0 0 ;0=7,1=0,2
P 0.00000254 46.55600036 7 P 0 0 ;0=7,1=0,2
P 0.00000254 49.45599964 7 P 0 0 ;0=7,1=0,2
P 0.00000254 59.25600036 7 P 0 0 ;0=7,1=0,2
P 0.00000254 62.15599964 7 P 0 0 ;0=7,1=0,2
P 0.4459986 70.104 21 P 0 0 ;0=21,1=0,2
P 0.4459986 77.724 21 P 0 0 ;0=21,1=0,2
P 0.50799492 128.20119902 39 P 0 0 ;0=27,1=0
P 0.50799492 135.23119766 26 P 0 0 ;0=28,1=0
P 0.50799492 137.51119818 26 P 0 0 ;0=28,1=0
P 0.50799492 139.7911987 26 P 0 0 ;0=28,1=0
P 0.50799492 142.07119922 26 P 0 0 ;0=28,1=0
P 0.50799492 144.35119974 26 P 0 0 ;0=28,1=0
P 0.50799492 153.1911973 39 P 0 0 ;0=27,1=0
P 0.50799492 162.69619988 39 P 0 0 ;0=27,1=0
P 0.50799492 169.72619852 26 P 0 0 ;0=28,1=0
P 0.50799492 172.00619904 26 P 0 0 ;0=28,1=0
P 0.50799492 174.28619956 26 P 0 0 ;0=28,1=0
P 0.50799492 176.56620008 26 P 0 0 ;0=28,1=0
P 0.50799492 178.8462006 26 P 0 0 ;0=28,1=0
P 0.50799492 187.68619816 39 P 0 0 ;0=27,1=0
P 0.5819902 84.7852 41 P 0 0 ;0=29,1=0
P 0.5819902 89.78519 42 P 0 0 ;0=29,1=0
P 0.66999104 94.1832 12 P 0 0 ;0=12,1=0,2
P 0.66999104 97.2312 12 P 0 0 ;0=12,1=0,2
P 0.66999104 100.2792 12 P 0 0 ;0=12,1=0,2
P 0.66999104 103.3272 12 P 0 0 ;0=12,1=0,2
P 2.1679916 94.1832 3 P 0 0 ;0=3,1=0,2
P 2.1679916 97.2312 3 P 0 0 ;0=3,1=0,2
P 2.1679916 100.2792 3 P 0 0 ;0=3,1=0,2
P 2.1679916 103.3272 3 P 0 0 ;0=3,1=0,2
P 3.007995 136.39119788 40 P 0 0 ;0=28,1=0
P 3.007995 170.88619874 40 P 0 0 ;0=28,1=0
P 3.04799492 138.65119844 26 P 0 0 ;0=28,1=0
P 3.04799492 140.93119896 26 P 0 0 ;0=28,1=0
P 3.04799492 143.21119948 26 P 0 0 ;0=28,1=0
P 3.04799492 145.4912 26 P 0 0 ;0=28,1=0
P 3.04799492 173.1461993 26 P 0 0 ;0=28,1=0
P 3.04799492 175.42619982 26 P 0 0 ;0=28,1=0
P 3.04799492 177.70620034 26 P 0 0 ;0=28,1=0
P 3.04799492 179.98620086 26 P 0 0 ;0=28,1=0
P 3.3333944 113.9952 22 P 0 0 ;0=22,1=0,2
P 3.3333944 115.2652 22 P 0 0 ;0=22,1=0,2
P 3.3333944 116.5352 22 P 0 0 ;0=22,1=0,2
P 3.3333944 117.8052 22 P 0 0 ;0=22,1=0,2
P 3.3333944 119.0752 22 P 0 0 ;0=22,1=0,2
P 3.556 11.3792 37 P 0 0 ;0=26,1=0
P 3.556 23.88132384 37 P 0 0 ;0=26,1=0
P 3.556 36.5331502 37 P 0 0 ;0=26,1=0
P 3.556 49.53 37 P 0 0 ;0=26,1=0
P 3.556 62.1792 37 P 0 0 ;0=26,1=0
P 3.56799134 94.1832 3 P 0 0 ;0=3,1=0,2
P 3.56799134 97.2312 3 P 0 0 ;0=3,1=0,2
P 3.56799134 100.2792 3 P 0 0 ;0=3,1=0,2
P 3.56799134 103.3272 3 P 0 0 ;0=3,1=0,2
P 5.6619902 154.44319886 2 P 0 0 ;0=2,1=0,2
P 5.6619902 155.8431986 2 P 0 0 ;0=2,1=0,2
P 5.6619902 160.0312014 2 P 0 0 ;0=2,1=0,2
P 5.6619902 161.43120114 2 P 0 0 ;0=2,1=0,2
P 5.91600036 81.53399746 9 P 0 0 ;0=9,1=0,2
P 6.096 11.3792 38 P 0 0 ;0=26,1=0
P 6.096 23.88132384 38 P 0 0 ;0=26,1=0
P 6.096 36.5331502 38 P 0 0 ;0=26,1=0
P 6.096 49.53 38 P 0 0 ;0=26,1=0
P 6.096 62.1792 38 P 0 0 ;0=26,1=0
P 6.34399036 117.6172019 18 P 0 0 ;0=18,1=0,2
P 6.34399036 118.5672 18 P 0 0 ;0=18,1=0,2
P 6.34399036 119.51720064 18 P 0 0 ;0=18,1=0,2
P 6.66599886 70.104 21 P 0 0 ;0=21,1=0,2
P 6.66599886 77.724 21 P 0 0 ;0=21,1=0,2
P 7.75598906 95.4532 3 P 0 0 ;0=3,1=0,2
P 7.75598906 102.0572 3 P 0 0 ;0=3,1=0,2
P 7.75598906 107.1372 3 P 0 0 ;0=3,1=0,2
P 8.2019902 -1.0668 13 P 0 0 ;0=13,1=0,2
P 8.2019902 140.9812014 2 P 0 0 ;0=2,1=0,2
P 8.2019902 142.38120114 2 P 0 0 ;0=2,1=0,2
P 8.2019902 143.77519886 2 P 0 0 ;0=2,1=0,2
P 8.2019902 145.1751986 2 P 0 0 ;0=2,1=0,2
P 8.2019902 146.5692014 2 P 0 0 ;0=2,1=0,2
P 8.2019902 147.96920114 2 P 0 0 ;0=2,1=0,2
P 8.2019902 154.1892014 2 P 0 0 ;0=2,1=0,2
P 8.2019902 155.58920114 2 P 0 0 ;0=2,1=0,2
P 8.2019902 156.98319886 2 P 0 0 ;0=2,1=0,2
P 8.2019902 158.3831986 2 P 0 0 ;0=2,1=0,2
P 8.2019902 159.5232014 2 P 0 0 ;0=2,1=0,2
P 8.2019902 160.92320114 2 P 0 0 ;0=2,1=0,2
P 8.2639916 122.8852 3 P 0 0 ;0=3,1=0,2
P 8.41666338 115.20893392 6 P 0 0 ;0=6,1=0,2
P 8.44249518 108.62948048 6 P 0 0 ;0=6,1=0,2
P 8.4559902 110.6932 6 P 0 0 ;0=6,1=0,2
P 8.46907628 112.95173752 6 P 0 0 ;0=6,1=0,2
P 8.52198956 167.00120016 20 P 0 0 ;0=20,1=0,2
P 8.52198956 169.70119984 20 P 0 0 ;0=20,1=0,2
P 8.52198956 172.84320016 20 P 0 0 ;0=20,1=0,2
P 8.52198956 175.54319984 20 P 0 0 ;0=20,1=0,2
P 8.52198956 178.43120016 20 P 0 0 ;0=20,1=0,2
P 8.52198956 181.13119984 20 P 0 0 ;0=20,1=0,2
P 8.636 11.3792 38 P 0 0 ;0=26,1=0
P 8.636 23.88132384 38 P 0 0 ;0=26,1=0
P 8.636 36.5331502 38 P 0 0 ;0=26,1=0
P 8.636 49.53 38 P 0 0 ;0=26,1=0
P 8.636 62.1792 38 P 0 0 ;0=26,1=0
P 8.81599964 81.53399746 9 P 0 0 ;0=9,1=0,2
P 9.04399004 117.6172019 18 P 0 0 ;0=18,1=0,2
P 9.04399004 118.5672 18 P 0 0 ;0=18,1=0,2
P 9.04399004 119.51720064 18 P 0 0 ;0=18,1=0,2
P 9.1559888 95.4532 3 P 0 0 ;0=3,1=0,2
P 9.1559888 102.0572 3 P 0 0 ;0=3,1=0,2
P 9.1559888 107.1372 3 P 0 0 ;0=3,1=0,2
P 9.2179902 103.8352 2 P 0 0 ;0=2,1=0,2
P 9.2179902 105.23519974 2 P 0 0 ;0=2,1=0,2
P 9.4719902 167.00120016 20 P 0 0 ;0=20,1=0,2
P 9.4719902 169.70119984 20 P 0 0 ;0=20,1=0,2
P 9.4719902 172.84320016 20 P 0 0 ;0=20,1=0,2
P 9.4719902 175.54319984 20 P 0 0 ;0=20,1=0,2
P 9.4719902 178.43120016 20 P 0 0 ;0=20,1=0,2
P 9.4719902 181.13119984 20 P 0 0 ;0=20,1=0,2
P 9.66399134 122.8852 3 P 0 0 ;0=3,1=0,2
P 10.4219883 167.00120016 20 P 0 0 ;0=20,1=0,2
P 10.4219883 169.70119984 20 P 0 0 ;0=20,1=0,2
P 10.4219883 172.84320016 20 P 0 0 ;0=20,1=0,2
P 10.4219883 175.54319984 20 P 0 0 ;0=20,1=0,2
P 10.4219883 178.43120016 20 P 0 0 ;0=20,1=0,2
P 10.4219883 181.13119984 20 P 0 0 ;0=20,1=0,2
P 10.4879902 118.88319886 2 P 0 0 ;0=2,1=0,2
P 10.4879902 120.2831986 2 P 0 0 ;0=2,1=0,2
P 10.7419902 122.9472014 2 P 0 0 ;0=2,1=0,2
P 10.7419902 124.34720114 2 P 0 0 ;0=2,1=0,2
P 10.75899804 141.40919902 19 P 0 0 ;0=19,1=0,2
P 10.75899804 142.67919902 19 P 0 0 ;0=19,1=0,2
P 10.75899804 143.94919902 19 P 0 0 ;0=19,1=0,2
P 10.75899804 145.21919902 19 P 0 0 ;0=19,1=0,2
P 10.75899804 146.48919902 19 P 0 0 ;0=19,1=0,2
P 10.75899804 147.75919902 19 P 0 0 ;0=19,1=0,2
P 10.75899804 149.02919902 19 P 0 0 ;0=19,1=0,2
P 10.75899804 150.29919902 19 P 0 0 ;0=19,1=0,2
P 10.75899804 154.61719902 19 P 0 0 ;0=19,1=0,2
P 10.75899804 155.88719902 19 P 0 0 ;0=19,1=0,2
P 10.75899804 157.15719902 19 P 0 0 ;0=19,1=0,2
P 10.75899804 158.42719902 19 P 0 0 ;0=19,1=0,2
P 10.75899804 159.69719902 19 P 0 0 ;0=19,1=0,2
P 10.75899804 160.96719902 19 P 0 0 ;0=19,1=0,2
P 10.75899804 162.23719902 19 P 0 0 ;0=19,1=0,2
P 10.75899804 163.50719902 19 P 0 0 ;0=19,1=0,2
P 11.17599492 128.96319902 4 P 0 0 ;0=4,1=0,2
P 11.17599492 130.23319902 4 P 0 0 ;0=4,1=0,2
P 11.17599492 131.50319902 4 P 0 0 ;0=4,1=0,2
P 11.17599492 132.77319902 4 P 0 0 ;0=4,1=0,2
P 11.17599492 134.04319902 4 P 0 0 ;0=4,1=0,2
P 11.17599492 135.31319902 4 P 0 0 ;0=4,1=0,2
P 11.17599492 136.58319902 4 P 0 0 ;0=4,1=0,2
P 11.17599492 137.85319902 4 P 0 0 ;0=4,1=0,2
P 11.2499902 -1.0668 13 P 0 0 ;0=13,1=0,2
P 11.2499902 3.05919886 2 P 0 0 ;0=2,1=0,2
P 11.2499902 4.4591986 2 P 0 0 ;0=2,1=0,2
P 11.28211612 -0.01585722 12 P 0 0 ;0=12,1=0,2
P 11.28211612 1.68414446 12 P 0 0 ;0=12,1=0,2
P 11.49799326 95.57519874 16 P 0 0 ;0=16,1=0,2
P 11.49799326 96.07520028 16 P 0 0 ;0=16,1=0,2
P 11.49799326 96.57519928 16 P 0 0 ;0=16,1=0,2
P 11.49799326 97.07520082 16 P 0 0 ;0=16,1=0,2
P 11.49799326 97.57519982 16 P 0 0 ;0=16,1=0,2
P 11.49799326 98.07519882 16 P 0 0 ;0=16,1=0,2
P 11.49799326 98.57520036 16 P 0 0 ;0=16,1=0,2
P 11.49799326 99.07519936 16 P 0 0 ;0=16,1=0,2
P 11.49799326 99.5752009 16 P 0 0 ;0=16,1=0,2
P 11.49799326 100.0751999 16 P 0 0 ;0=16,1=0,2
P 11.49799326 100.5751989 16 P 0 0 ;0=16,1=0,2
P 11.49799326 101.07520044 16 P 0 0 ;0=16,1=0,2
P 11.49799326 101.57519944 16 P 0 0 ;0=16,1=0,2
P 11.49799326 102.07520098 16 P 0 0 ;0=16,1=0,2
P 11.49799326 102.57519998 16 P 0 0 ;0=16,1=0,2
P 11.49799326 103.07519898 16 P 0 0 ;0=16,1=0,2
P 11.49799326 103.57520052 16 P 0 0 ;0=16,1=0,2
P 11.49799326 104.07519952 16 P 0 0 ;0=16,1=0,2
P 11.49799326 104.57520106 16 P 0 0 ;0=16,1=0,2
P 11.49799326 105.07520006 16 P 0 0 ;0=16,1=0,2
P 11.49799326 105.57519906 16 P 0 0 ;0=16,1=0,2
P 11.49799326 106.0752006 16 P 0 0 ;0=16,1=0,2
P 11.49799326 106.5751996 16 P 0 0 ;0=16,1=0,2
P 11.49799326 107.07520114 16 P 0 0 ;0=16,1=0,2
P 11.49799326 107.57520014 16 P 0 0 ;0=16,1=0,2
P 11.49799326 108.07519914 16 P 0 0 ;0=16,1=0,2
P 11.49799326 108.57520068 16 P 0 0 ;0=16,1=0,2
P 11.49799326 109.07519968 16 P 0 0 ;0=16,1=0,2
P 11.49799326 109.57519868 16 P 0 0 ;0=16,1=0,2
P 11.49799326 110.07520022 16 P 0 0 ;0=16,1=0,2
P 11.49799326 110.57519922 16 P 0 0 ;0=16,1=0,2
P 11.49799326 111.07520076 16 P 0 0 ;0=16,1=0,2
P 11.49799326 111.57519976 16 P 0 0 ;0=16,1=0,2
P 11.49799326 112.07519876 16 P 0 0 ;0=16,1=0,2
P 11.49799326 112.5752003 16 P 0 0 ;0=16,1=0,2
P 11.49799326 113.0751993 16 P 0 0 ;0=16,1=0,2
P 11.7301772 120.22867496 23 P 0 0 ;0=23,1=0,2
P 11.7301772 124.67867622 23 P 0 0 ;0=23,1=0,2
P 12.2301762 120.22867496 23 P 0 0 ;0=23,1=0,2
P 12.2301762 124.67867622 23 P 0 0 ;0=23,1=0,2
P 12.73017774 120.22867496 23 P 0 0 ;0=23,1=0,2
P 12.73017774 124.67867622 23 P 0 0 ;0=23,1=0,2
P 13.23017674 120.22867496 23 P 0 0 ;0=23,1=0,2
P 13.23017674 124.67867622 23 P 0 0 ;0=23,1=0,2
P 13.2819902 86.11719886 2 P 0 0 ;0=2,1=0,2
P 13.2819902 87.5171986 2 P 0 0 ;0=2,1=0,2
P 13.3479921 93.7251999 17 P 0 0 ;0=17,1=0,2
P 13.3479921 114.92520068 17 P 0 0 ;0=17,1=0,2
P 13.716 11.3792 38 P 0 0 ;0=26,1=0
P 13.716 23.88132384 38 P 0 0 ;0=26,1=0
P 13.716 36.5331502 38 P 0 0 ;0=26,1=0
P 13.716 49.53 38 P 0 0 ;0=26,1=0
P 13.716 62.1792 38 P 0 0 ;0=26,1=0
P 13.73017828 120.22867496 23 P 0 0 ;0=23,1=0,2
P 13.73017828 124.67867622 23 P 0 0 ;0=23,1=0,2
P 13.84799364 93.7251999 17 P 0 0 ;0=17,1=0,2
P 13.84799364 114.92520068 17 P 0 0 ;0=17,1=0,2
P 14.23017728 120.22867496 23 P 0 0 ;0=23,1=0,2
P 14.23017728 124.67867622 23 P 0 0 ;0=23,1=0,2
P 14.2860014 126.238 3 P 0 0 ;0=3,1=0,2
P 14.2979902 -1.0668 13 P 0 0 ;0=13,1=0,2
P 14.2979902 0.36919916 12 P 0 0 ;0=12,1=0,2
P 14.2979902 2.06920084 12 P 0 0 ;0=12,1=0,2
P 14.2979902 3.05919886 2 P 0 0 ;0=2,1=0,2
P 14.2979902 4.4591986 2 P 0 0 ;0=2,1=0,2
P 14.34799264 93.7251999 17 P 0 0 ;0=17,1=0,2
P 14.34799264 114.92520068 17 P 0 0 ;0=17,1=0,2
P 14.48933602 89.8652 3 P 0 0 ;0=3,1=0,2
P 14.48933602 91.3059388 3 P 0 0 ;0=3,1=0,2
P 14.6789902 82.8221991 15 P 0 0 ;0=15,1=0,2
P 14.6789902 88.27219836 15 P 0 0 ;0=15,1=0,2
P 14.73017628 120.22867496 23 P 0 0 ;0=23,1=0,2
P 14.73017628 124.67867622 23 P 0 0 ;0=23,1=0,2
P 14.84799418 93.7251999 17 P 0 0 ;0=17,1=0,2
P 14.84799418 114.92520068 17 P 0 0 ;0=17,1=0,2
P 15.0599902 117.1052014 2 P 0 0 ;0=2,1=0,2
P 15.0599902 118.50520114 2 P 0 0 ;0=2,1=0,2
P 15.23017782 120.22867496 23 P 0 0 ;0=23,1=0,2
P 15.23017782 124.67867622 23 P 0 0 ;0=23,1=0,2
P 15.3139902 73.47920026 2 P 0 0 ;0=2,1=0,2
P 15.3139902 74.8792 2 P 0 0 ;0=2,1=0,2
P 15.3139902 76.01920026 2 P 0 0 ;0=2,1=0,2
P 15.3139902 77.4192 2 P 0 0 ;0=2,1=0,2
P 15.34799318 93.7251999 17 P 0 0 ;0=17,1=0,2
P 15.34799318 114.92520068 17 P 0 0 ;0=17,1=0,2
P 15.47998936 72.0852 12 P 0 0 ;0=12,1=0,2
P 15.47998936 78.6892 12 P 0 0 ;0=12,1=0,2
P 15.68600114 126.238 3 P 0 0 ;0=3,1=0,2
P 15.84799218 93.7251999 17 P 0 0 ;0=17,1=0,2
P 15.84799218 114.92520068 17 P 0 0 ;0=17,1=0,2
P 15.88933576 89.8652 3 P 0 0 ;0=3,1=0,2
P 15.88933576 91.3059388 3 P 0 0 ;0=3,1=0,2
P 15.9489902 82.8221991 15 P 0 0 ;0=15,1=0,2
P 15.9489902 88.27219836 15 P 0 0 ;0=15,1=0,2
P 16.256 11.3792 38 P 0 0 ;0=26,1=0
P 16.256 23.88132384 38 P 0 0 ;0=26,1=0
P 16.256 36.5331502 38 P 0 0 ;0=26,1=0
P 16.256 49.53 38 P 0 0 ;0=26,1=0
P 16.256 62.1792 38 P 0 0 ;0=26,1=0
P 16.34799372 93.7251999 17 P 0 0 ;0=17,1=0,2
P 16.34799372 114.92520068 17 P 0 0 ;0=17,1=0,2
P 16.5839902 123.26320026 2 P 0 0 ;0=2,1=0,2
P 16.5839902 124.6632 2 P 0 0 ;0=2,1=0,2
P 16.8260014 120.904 3 P 0 0 ;0=3,1=0,2
P 16.84799272 93.7251999 17 P 0 0 ;0=17,1=0,2
P 16.84799272 114.92520068 17 P 0 0 ;0=17,1=0,2
P 17.0919902 117.1052014 2 P 0 0 ;0=2,1=0,2
P 17.0919902 118.50520114 2 P 0 0 ;0=2,1=0,2
P 17.17999104 72.0852 12 P 0 0 ;0=12,1=0,2
P 17.17999104 78.6892 12 P 0 0 ;0=12,1=0,2
P 17.2189902 82.8221991 15 P 0 0 ;0=15,1=0,2
P 17.2189902 88.27219836 15 P 0 0 ;0=15,1=0,2
P 17.3459902 -1.0668 13 P 0 0 ;0=13,1=0,2
P 17.3459902 3.05919886 2 P 0 0 ;0=2,1=0,2
P 17.3459902 4.4591986 2 P 0 0 ;0=2,1=0,2
P 17.34799426 93.7251999 17 P 0 0 ;0=17,1=0,2
P 17.34799426 114.92520068 17 P 0 0 ;0=17,1=0,2
P 17.37797896 -0.04649978 12 P 0 0 ;0=12,1=0,2
P 17.37797896 1.6535019 12 P 0 0 ;0=12,1=0,2
P 17.84799326 93.7251999 17 P 0 0 ;0=17,1=0,2
P 17.84799326 114.92520068 17 P 0 0 ;0=17,1=0,2
P 18.22600114 120.904 3 P 0 0 ;0=3,1=0,2
P 18.34799226 93.7251999 17 P 0 0 ;0=17,1=0,2
P 18.34799226 114.92520068 17 P 0 0 ;0=17,1=0,2
P 18.3619902 72.0852 6 P 0 0 ;0=6,1=0,2
P 18.3619902 78.6892 6 P 0 0 ;0=6,1=0,2
P 18.4239916 151.8412 3 P 0 0 ;0=3,1=0,2
P 18.4239916 165.0492 3 P 0 0 ;0=3,1=0,2
P 18.4889902 82.8221991 15 P 0 0 ;0=15,1=0,2
P 18.4889902 88.27219836 15 P 0 0 ;0=15,1=0,2
P 18.796 11.3792 38 P 0 0 ;0=26,1=0
P 18.796 23.88132384 38 P 0 0 ;0=26,1=0
P 18.796 36.5331502 38 P 0 0 ;0=26,1=0
P 18.796 49.53 38 P 0 0 ;0=26,1=0
P 18.796 62.1792 38 P 0 0 ;0=26,1=0
P 18.8479938 93.7251999 17 P 0 0 ;0=17,1=0,2
P 18.8479938 114.92520068 17 P 0 0 ;0=17,1=0,2
P 19.3479928 93.7251999 17 P 0 0 ;0=17,1=0,2
P 19.3479928 114.92520068 17 P 0 0 ;0=17,1=0,2
P 19.64011058 91.221306 3 P 0 0 ;0=3,1=0,2
P 19.82399134 151.8412 3 P 0 0 ;0=3,1=0,2
P 19.82399134 165.0492 3 P 0 0 ;0=3,1=0,2
P 19.84799434 93.7251999 17 P 0 0 ;0=17,1=0,2
P 19.84799434 114.92520068 17 P 0 0 ;0=17,1=0,2
P 20.06599492 128.96319902 4 P 0 0 ;0=4,1=0,2
P 20.06599492 130.23319902 4 P 0 0 ;0=4,1=0,2
P 20.06599492 131.50319902 4 P 0 0 ;0=4,1=0,2
P 20.06599492 132.77319902 4 P 0 0 ;0=4,1=0,2
P 20.06599492 134.04319902 4 P 0 0 ;0=4,1=0,2
P 20.06599492 135.31319902 4 P 0 0 ;0=4,1=0,2
P 20.06599492 136.58319902 4 P 0 0 ;0=4,1=0,2
P 20.06599492 137.85319902 4 P 0 0 ;0=4,1=0,2
P 20.1399902 86.87919886 2 P 0 0 ;0=2,1=0,2
P 20.1399902 88.2791986 2 P 0 0 ;0=2,1=0,2
P 20.25899682 141.40919902 19 P 0 0 ;0=19,1=0,2
P 20.25899682 142.67919902 19 P 0 0 ;0=19,1=0,2
P 20.25899682 143.94919902 19 P 0 0 ;0=19,1=0,2
P 20.25899682 145.21919902 19 P 0 0 ;0=19,1=0,2
P 20.25899682 146.48919902 19 P 0 0 ;0=19,1=0,2
P 20.25899682 147.75919902 19 P 0 0 ;0=19,1=0,2
P 20.25899682 149.02919902 19 P 0 0 ;0=19,1=0,2
P 20.25899682 150.29919902 19 P 0 0 ;0=19,1=0,2
P 20.25899682 154.61719902 19 P 0 0 ;0=19,1=0,2
P 20.25899682 155.88719902 19 P 0 0 ;0=19,1=0,2
P 20.25899682 157.15719902 19 P 0 0 ;0=19,1=0,2
P 20.25899682 158.42719902 19 P 0 0 ;0=19,1=0,2
P 20.25899682 159.69719902 19 P 0 0 ;0=19,1=0,2
P 20.25899682 160.96719902 19 P 0 0 ;0=19,1=0,2
P 20.25899682 162.23719902 19 P 0 0 ;0=19,1=0,2
P 20.25899682 163.50719902 19 P 0 0 ;0=19,1=0,2
P 20.34799334 93.7251999 17 P 0 0 ;0=17,1=0,2
P 20.34799334 114.92520068 17 P 0 0 ;0=17,1=0,2
P 20.3939902 -1.0668 13 P 0 0 ;0=13,1=0,2
P 20.3939902 0.36919916 12 P 0 0 ;0=12,1=0,2
P 20.3939902 2.06920084 12 P 0 0 ;0=12,1=0,2
P 20.3939902 3.05919886 2 P 0 0 ;0=2,1=0,2
P 20.3939902 4.4591986 2 P 0 0 ;0=2,1=0,2
P 20.3939902 117.1052014 2 P 0 0 ;0=2,1=0,2
P 20.3939902 118.50520114 2 P 0 0 ;0=2,1=0,2
P 20.84799234 93.7251999 17 P 0 0 ;0=17,1=0,2
P 20.84799234 114.92520068 17 P 0 0 ;0=17,1=0,2
P 21.04011032 91.221306 3 P 0 0 ;0=3,1=0,2
P 21.336 11.3792 38 P 0 0 ;0=26,1=0
P 21.336 23.88132384 38 P 0 0 ;0=26,1=0
P 21.336 36.5331502 38 P 0 0 ;0=26,1=0
P 21.336 49.53 38 P 0 0 ;0=26,1=0
P 21.336 62.1792 38 P 0 0 ;0=26,1=0
P 21.34799388 93.7251999 17 P 0 0 ;0=17,1=0,2
P 21.34799388 114.92520068 17 P 0 0 ;0=17,1=0,2
P 21.84799288 93.7251999 17 P 0 0 ;0=17,1=0,2
P 21.84799288 114.92520068 17 P 0 0 ;0=17,1=0,2
P 22.1600014 88.392 3 P 0 0 ;0=3,1=0,2
P 22.34799442 93.7251999 17 P 0 0 ;0=17,1=0,2
P 22.34799442 114.92520068 17 P 0 0 ;0=17,1=0,2
P 22.6799902 76.4032 13 P 0 0 ;0=13,1=0,2
P 22.6799902 80.7212 13 P 0 0 ;0=13,1=0,2
P 22.6799902 83.2612 13 P 0 0 ;0=13,1=0,2
P 22.6799902 85.8012 13 P 0 0 ;0=13,1=0,2
P 22.6799902 144.7292 13 P 0 0 ;0=13,1=0,2
P 22.6799902 146.7612 13 P 0 0 ;0=13,1=0,2
P 22.6799902 148.7932 13 P 0 0 ;0=13,1=0,2
P 22.6799902 157.9372 13 P 0 0 ;0=13,1=0,2
P 22.6799902 159.9692 13 P 0 0 ;0=13,1=0,2
P 22.6799902 162.0012 13 P 0 0 ;0=13,1=0,2
P 22.84799342 93.7251999 17 P 0 0 ;0=17,1=0,2
P 22.84799342 114.92520068 17 P 0 0 ;0=17,1=0,2
P 23.34799242 93.7251999 17 P 0 0 ;0=17,1=0,2
P 23.34799242 114.92520068 17 P 0 0 ;0=17,1=0,2
P 23.56000114 88.392 3 P 0 0 ;0=3,1=0,2
P 23.84799396 93.7251999 17 P 0 0 ;0=17,1=0,2
P 23.84799396 114.92520068 17 P 0 0 ;0=17,1=0,2
P 24.05908574 91.00856576 14 P 0 0 ;0=14,1=0,2
P 24.34799296 93.7251999 17 P 0 0 ;0=17,1=0,2
P 24.34799296 114.92520068 17 P 0 0 ;0=17,1=0,2
P 24.70908444 88.75856518 14 P 0 0 ;0=14,1=0,2
P 24.7119902 117.8672014 2 P 0 0 ;0=2,1=0,2
P 24.7119902 119.26720114 2 P 0 0 ;0=2,1=0,2
P 24.8479945 93.7251999 17 P 0 0 ;0=17,1=0,2
P 24.8479945 114.92520068 17 P 0 0 ;0=17,1=0,2
P 24.87357484 45.06797184 5 P 0 0 ;0=5,1=0,2
P 24.87357484 46.94757184 5 P 0 0 ;0=5,1=0,2
P 24.892 7.4422 5 P 0 0 ;0=5,1=0,2
P 24.892 9.3218 5 P 0 0 ;0=5,1=0,2
P 24.892 11.74599886 2 P 0 0 ;0=2,1=0,2
P 24.892 13.1459986 2 P 0 0 ;0=2,1=0,2
P 24.892 58.7502 5 P 0 0 ;0=5,1=0,2
P 24.892 60.6298 5 P 0 0 ;0=5,1=0,2
P 24.892 62.8000014 2 P 0 0 ;0=2,1=0,2
P 24.892 64.20000114 2 P 0 0 ;0=2,1=0,2
P 24.90703172 49.38922558 2 P 0 0 ;0=2,1=0,2
P 24.90703172 50.78922532 2 P 0 0 ;0=2,1=0,2
P 25.04030552 32.0373502 5 P 0 0 ;0=5,1=0,2
P 25.04030552 33.9169502 5 P 0 0 ;0=5,1=0,2
P 25.04030552 36.84914906 2 P 0 0 ;0=2,1=0,2
P 25.04030552 38.2491488 2 P 0 0 ;0=2,1=0,2
P 25.09741488 19.69032384 5 P 0 0 ;0=5,1=0,2
P 25.09741488 21.56992384 5 P 0 0 ;0=5,1=0,2
P 25.09741488 24.5021227 2 P 0 0 ;0=2,1=0,2
P 25.09741488 25.90212244 2 P 0 0 ;0=2,1=0,2
P 25.2819916 122.8852 3 P 0 0 ;0=3,1=0,2
P 25.3479935 93.7251999 17 P 0 0 ;0=17,1=0,2
P 25.3479935 114.92520068 17 P 0 0 ;0=17,1=0,2
P 25.35908568 91.00856576 14 P 0 0 ;0=14,1=0,2
P 25.8479925 93.7251999 17 P 0 0 ;0=17,1=0,2
P 25.8479925 114.92520068 17 P 0 0 ;0=17,1=0,2
P 26.04002666 71.2279754 36 P 0 0 ;0=25,1=0
P 26.04002666 73.7679754 35 P 0 0 ;0=25,1=0
P 26.04002666 76.3079754 35 P 0 0 ;0=25,1=0
P 26.04002666 78.8479754 35 P 0 0 ;0=25,1=0
P 26.04002666 81.3879754 35 P 0 0 ;0=25,1=0
P 26.04002666 83.9279754 35 P 0 0 ;0=25,1=0
P 26.04002666 86.4679754 35 P 0 0 ;0=25,1=0
P 26.28281002 182.95796276 36 P 0 0 ;0=25,1=0
P 26.28281002 185.49796276 35 P 0 0 ;0=25,1=0
P 26.28281002 188.03796276 35 P 0 0 ;0=25,1=0
P 26.34799404 93.7251999 17 P 0 0 ;0=17,1=0,2
P 26.34799404 114.92520068 17 P 0 0 ;0=17,1=0,2
P 26.68199134 122.8852 3 P 0 0 ;0=3,1=0,2
P 26.7439902 89.67319886 2 P 0 0 ;0=2,1=0,2
P 26.7439902 91.0731986 2 P 0 0 ;0=2,1=0,2
P 26.7439902 117.8052 13 P 0 0 ;0=13,1=0,2
P 26.84799304 93.7251999 17 P 0 0 ;0=17,1=0,2
P 26.84799304 114.92520068 17 P 0 0 ;0=17,1=0,2
P 26.9979902 118.88319886 2 P 0 0 ;0=2,1=0,2
P 26.9979902 120.2831986 2 P 0 0 ;0=2,1=0,2
P 27.34799204 93.7251999 17 P 0 0 ;0=17,1=0,2
P 27.34799204 114.92520068 17 P 0 0 ;0=17,1=0,2
P 27.7599902 122.9472014 2 P 0 0 ;0=2,1=0,2
P 27.7599902 124.34720114 2 P 0 0 ;0=2,1=0,2
P 27.84799358 93.7251999 17 P 0 0 ;0=17,1=0,2
P 27.84799358 114.92520068 17 P 0 0 ;0=17,1=0,2
P 27.93998984 133.0452 43 P 0 0 ;0=30,1=0
P 28.03514332 89.6732014 2 P 0 0 ;0=2,1=0,2
P 28.03514332 91.07320114 2 P 0 0 ;0=2,1=0,2
P 28.08011402 -0.02318004 43 P 0 0 ;0=30,1=0
P 28.2679902 83.5772014 2 P 0 0 ;0=2,1=0,2
P 28.2679902 84.97720114 2 P 0 0 ;0=2,1=0,2
P 28.34799258 93.7251999 17 P 0 0 ;0=17,1=0,2
P 28.34799258 114.92520068 17 P 0 0 ;0=17,1=0,2
P 28.7759902 117.8052 13 P 0 0 ;0=13,1=0,2
P 28.82399112 120.0912 23 P 0 0 ;0=23,1=0,2
P 28.82399112 124.54120126 23 P 0 0 ;0=23,1=0,2
P 28.84799412 93.7251999 17 P 0 0 ;0=17,1=0,2
P 28.84799412 114.92520068 17 P 0 0 ;0=17,1=0,2
P 29.2839902 89.16519886 2 P 0 0 ;0=2,1=0,2
P 29.2839902 90.5651986 2 P 0 0 ;0=2,1=0,2
P 29.32399012 120.0912 23 P 0 0 ;0=23,1=0,2
P 29.32399012 124.54120126 23 P 0 0 ;0=23,1=0,2
P 29.34799312 93.7251999 17 P 0 0 ;0=17,1=0,2
P 29.34799312 114.92520068 17 P 0 0 ;0=17,1=0,2
P 29.82399166 120.0912 23 P 0 0 ;0=23,1=0,2
P 29.82399166 124.54120126 23 P 0 0 ;0=23,1=0,2
P 29.84799212 93.7251999 17 P 0 0 ;0=17,1=0,2
P 29.84799212 114.92520068 17 P 0 0 ;0=17,1=0,2
P 30.32399066 120.0912 23 P 0 0 ;0=23,1=0,2
P 30.32399066 124.54120126 23 P 0 0 ;0=23,1=0,2
P 30.34799366 93.7251999 17 P 0 0 ;0=17,1=0,2
P 30.34799366 114.92520068 17 P 0 0 ;0=17,1=0,2
P 30.3619916 90.8812 3 P 0 0 ;0=3,1=0,2
P 30.5539902 87.1332014 2 P 0 0 ;0=2,1=0,2
P 30.5539902 88.53320114 2 P 0 0 ;0=2,1=0,2
P 30.6159916 126.1872 3 P 0 0 ;0=3,1=0,2
P 30.8079902 117.8052 13 P 0 0 ;0=13,1=0,2
P 30.8239922 120.0912 23 P 0 0 ;0=23,1=0,2
P 30.8239922 124.54120126 23 P 0 0 ;0=23,1=0,2
P 30.84799266 93.7251999 17 P 0 0 ;0=17,1=0,2
P 30.84799266 114.92520068 17 P 0 0 ;0=17,1=0,2
P 31.3239912 120.0912 23 P 0 0 ;0=23,1=0,2
P 31.3239912 124.54120126 23 P 0 0 ;0=23,1=0,2
P 31.76199134 90.8812 3 P 0 0 ;0=3,1=0,2
P 31.8239902 120.0912 23 P 0 0 ;0=23,1=0,2
P 31.8239902 124.54120126 23 P 0 0 ;0=23,1=0,2
P 32.01599134 126.1872 3 P 0 0 ;0=3,1=0,2
P 32.32399174 120.0912 23 P 0 0 ;0=23,1=0,2
P 32.32399174 124.54120126 23 P 0 0 ;0=23,1=0,2
P 32.69799404 95.57519874 16 P 0 0 ;0=16,1=0,2
P 32.69799404 96.07520028 16 P 0 0 ;0=16,1=0,2
P 32.69799404 96.57519928 16 P 0 0 ;0=16,1=0,2
P 32.69799404 97.07520082 16 P 0 0 ;0=16,1=0,2
P 32.69799404 97.57519982 16 P 0 0 ;0=16,1=0,2
P 32.69799404 98.07519882 16 P 0 0 ;0=16,1=0,2
P 32.69799404 98.57520036 16 P 0 0 ;0=16,1=0,2
P 32.69799404 99.07519936 16 P 0 0 ;0=16,1=0,2
P 32.69799404 99.5752009 16 P 0 0 ;0=16,1=0,2
P 32.69799404 100.0751999 16 P 0 0 ;0=16,1=0,2
P 32.69799404 100.5751989 16 P 0 0 ;0=16,1=0,2
P 32.69799404 101.07520044 16 P 0 0 ;0=16,1=0,2
P 32.69799404 101.57519944 16 P 0 0 ;0=16,1=0,2
P 32.69799404 102.07520098 16 P 0 0 ;0=16,1=0,2
P 32.69799404 102.57519998 16 P 0 0 ;0=16,1=0,2
P 32.69799404 103.07519898 16 P 0 0 ;0=16,1=0,2
P 32.69799404 103.57520052 16 P 0 0 ;0=16,1=0,2
P 32.69799404 104.07519952 16 P 0 0 ;0=16,1=0,2
P 32.69799404 104.57520106 16 P 0 0 ;0=16,1=0,2
P 32.69799404 105.07520006 16 P 0 0 ;0=16,1=0,2
P 32.69799404 105.57519906 16 P 0 0 ;0=16,1=0,2
P 32.69799404 106.0752006 16 P 0 0 ;0=16,1=0,2
P 32.69799404 106.5751996 16 P 0 0 ;0=16,1=0,2
P 32.69799404 107.07520114 16 P 0 0 ;0=16,1=0,2
P 32.69799404 107.57520014 16 P 0 0 ;0=16,1=0,2
P 32.69799404 108.07519914 16 P 0 0 ;0=16,1=0,2
P 32.69799404 108.57520068 16 P 0 0 ;0=16,1=0,2
P 32.69799404 109.07519968 16 P 0 0 ;0=16,1=0,2
P 32.69799404 109.57519868 16 P 0 0 ;0=16,1=0,2
P 32.69799404 110.07520022 16 P 0 0 ;0=16,1=0,2
P 32.69799404 110.57519922 16 P 0 0 ;0=16,1=0,2
P 32.69799404 111.07520076 16 P 0 0 ;0=16,1=0,2
P 32.69799404 111.57519976 16 P 0 0 ;0=16,1=0,2
P 32.69799404 112.07519876 16 P 0 0 ;0=16,1=0,2
P 32.69799404 112.5752003 16 P 0 0 ;0=16,1=0,2
P 32.69799404 113.0751993 16 P 0 0 ;0=16,1=0,2
P 32.87413288 90.2345795 2 P 0 0 ;0=2,1=0,2
P 32.87413288 91.63457924 2 P 0 0 ;0=2,1=0,2
P 33.3360014 121.666 3 P 0 0 ;0=3,1=0,2
P 33.3479902 123.00920026 2 P 0 0 ;0=2,1=0,2
P 33.3479902 124.4092 2 P 0 0 ;0=2,1=0,2
P 34.036 114.8700014 2 P 0 0 ;0=2,1=0,2
P 34.036 116.27000114 2 P 0 0 ;0=2,1=0,2
P 34.73600114 121.666 3 P 0 0 ;0=3,1=0,2
P 35.1259902 97.8012014 2 P 0 0 ;0=2,1=0,2
P 35.1259902 99.20120114 2 P 0 0 ;0=2,1=0,2
P 35.1259902 100.34119886 2 P 0 0 ;0=2,1=0,2
P 35.1259902 101.7411986 2 P 0 0 ;0=2,1=0,2
P 35.306 114.8700014 2 P 0 0 ;0=2,1=0,2
P 35.306 116.27000114 2 P 0 0 ;0=2,1=0,2
P 35.3799902 103.1352014 2 P 0 0 ;0=2,1=0,2
P 35.3799902 104.53520114 2 P 0 0 ;0=2,1=0,2
P 35.3799902 106.43719886 2 P 0 0 ;0=2,1=0,2
P 35.3799902 107.8371986 2 P 0 0 ;0=2,1=0,2
P 35.3799902 109.73919886 2 P 0 0 ;0=2,1=0,2
P 35.3799902 111.1391986 2 P 0 0 ;0=2,1=0,2
P 39.35443742 33.17244318 33 P 0 0
P 40.0181191 37.03420076 11 P 0 0 ;0=11,1=0,2
P 40.4774527 20.57943052 11 P 0 0 ;0=11,1=0,2
P 42.10799046 32.7152 3 P 0 0 ;0=3,1=0,2
P 43.5079902 32.7152 3 P 0 0 ;0=3,1=0,2
P 43.91680828 16.26143306 3 P 0 0 ;0=3,1=0,2
P 45.31680802 16.26143306 3 P 0 0 ;0=3,1=0,2
P 45.72 97.79 43 P 0 0 ;0=30,1=0
P 46.99811784 34.74920152 10 P 0 0 ;0=10,1=0,2
P 46.99811784 39.3192 10 P 0 0 ;0=10,1=0,2
P 47.45737778 16.65501114 34 P 0 0
P 47.45745144 18.29443128 10 P 0 0 ;0=10,1=0,2
P 47.45745144 22.86442976 10 P 0 0 ;0=10,1=0,2
P 49.08399886 41.402 3 P 0 0 ;0=3,1=0,2
P 49.6121182 39.31919746 9 P 0 0 ;0=9,1=0,2
P 49.8714522 19.81742798 2 P 0 0 ;0=2,1=0,2
P 49.8714522 21.21742772 2 P 0 0 ;0=2,1=0,2
P 50.0714518 23.05742912 9 P 0 0 ;0=9,1=0,2
P 50.4839986 41.402 3 P 0 0 ;0=3,1=0,2
P 52.51211748 39.31919746 9 P 0 0 ;0=9,1=0,2
P 52.97145108 23.05742912 9 P 0 0 ;0=9,1=0,2
P 53.24211856 38.23819632 30 P 0 0
P 53.70145216 21.97643052 30 P 0 0
P 58.92798984 196.2912 43 P 0 0 ;0=30,1=0
P 59.06811402 63.22281996 43 P 0 0 ;0=30,1=0
P 60.70582474 8.23696092 35 P 0 0 ;0=25,1=0
P 60.70582474 10.77696092 35 P 0 0 ;0=25,1=0
P 60.70582474 13.31696092 36 P 0 0 ;0=25,1=0
P 60.9508433 109.8108802 35 P 0 0 ;0=25,1=0
P 60.9508433 112.3508802 35 P 0 0 ;0=25,1=0
P 60.9508433 114.8908802 35 P 0 0 ;0=25,1=0
P 60.9508433 117.4308802 35 P 0 0 ;0=25,1=0
P 60.9508433 119.9708802 35 P 0 0 ;0=25,1=0
P 60.9508433 122.5108802 35 P 0 0 ;0=25,1=0
P 60.9508433 125.0508802 36 P 0 0 ;0=25,1=0
P 63.3199902 111.00919886 2 P 0 0 ;0=2,1=0,2
P 63.3199902 112.4091986 2 P 0 0 ;0=2,1=0,2
P 65.6059902 109.4232 6 P 0 0 ;0=6,1=0,2
P 65.6059902 112.67874848 6 P 0 0 ;0=6,1=0,2
P 65.6059902 116.21291464 6 P 0 0 ;0=6,1=0,2
P 65.6059902 119.8372 6 P 0 0 ;0=6,1=0,2
P 67.05598984 0 43 P 0 0 ;0=30,1=0
P 67.05598984 196.2912 43 P 0 0 ;0=30,1=0
P 67.847591 79.9915088 6 P 0 0 ;0=6,1=0,2
P 67.847591 83.94931648 6 P 0 0 ;0=6,1=0,2
P 67.847591 87.68177536 6 P 0 0 ;0=6,1=0,2
P 67.8919902 76.4032 6 P 0 0 ;0=6,1=0,2
P 71.76002666 71.2279754 36 P 0 0 ;0=25,1=0
P 71.76002666 73.7679754 35 P 0 0 ;0=25,1=0
P 71.76002666 76.3079754 35 P 0 0 ;0=25,1=0
P 71.76002666 78.8479754 35 P 0 0 ;0=25,1=0
P 71.76002666 81.3879754 35 P 0 0 ;0=25,1=0
P 71.76002666 83.9279754 35 P 0 0 ;0=25,1=0
P 71.76002666 86.4679754 35 P 0 0 ;0=25,1=0
P 72.00281002 182.95796276 36 P 0 0 ;0=25,1=0
P 72.00281002 185.49796276 35 P 0 0 ;0=25,1=0
P 72.00281002 188.03796276 35 P 0 0 ;0=25,1=0
P 73.65998984 133.0452 43 P 0 0 ;0=30,1=0
P 73.80011402 -0.02318004 43 P 0 0 ;0=30,1=0
P 74.2419902 83.8312014 2 P 0 0 ;0=2,1=0,2
P 74.2419902 85.23120114 2 P 0 0 ;0=2,1=0,2
P 83.08238146 61.18679406 31 P 0 0
P 86.34443234 33.37564318 33 P 0 0
P 87.00811402 21.5392 11 P 0 0 ;0=11,1=0,2
P 87.00811402 37.23740076 11 P 0 0 ;0=11,1=0,2
P 89.47391808 33.11480296 3 P 0 0 ;0=3,1=0,2
P 90.22811266 17.22120254 3 P 0 0 ;0=3,1=0,2
P 90.87391782 33.11480296 3 P 0 0 ;0=3,1=0,2
P 91.6281124 17.22120254 3 P 0 0 ;0=3,1=0,2
P 91.71838146 61.69479406 31 P 0 0
P 93.9880391 17.61478062 34 P 0 0
P 93.98811276 19.25420076 10 P 0 0 ;0=10,1=0,2
P 93.98811276 23.82419924 10 P 0 0 ;0=10,1=0,2
P 93.98811276 34.95240152 10 P 0 0 ;0=10,1=0,2
P 93.98811276 39.5224 10 P 0 0 ;0=10,1=0,2
P 96.39000026 41.656 3 P 0 0 ;0=3,1=0,2
P 96.4541124 20.83919886 2 P 0 0 ;0=2,1=0,2
P 96.4541124 22.2391986 2 P 0 0 ;0=2,1=0,2
P 96.75662132 39.656766 9 P 0 0 ;0=9,1=0,2
P 96.78211276 24.07920254 9 P 0 0 ;0=9,1=0,2
P 97.79 41.656 3 P 0 0 ;0=3,1=0,2
P 99.6566206 39.656766 9 P 0 0 ;0=9,1=0,2
P 99.68211204 24.07920254 9 P 0 0 ;0=9,1=0,2
P 100.38662168 38.5757674 30 P 0 0
P 104.64798984 196.2912 43 P 0 0 ;0=30,1=0
P 104.78811402 63.22281996 43 P 0 0 ;0=30,1=0
P 106.42582474 8.23696092 35 P 0 0 ;0=25,1=0
P 106.42582474 10.77696092 35 P 0 0 ;0=25,1=0
P 106.42582474 13.31696092 36 P 0 0 ;0=25,1=0
P 106.6708433 109.8108802 35 P 0 0 ;0=25,1=0
P 106.6708433 112.3508802 35 P 0 0 ;0=25,1=0
P 106.6708433 114.8908802 35 P 0 0 ;0=25,1=0
P 106.6708433 117.4308802 35 P 0 0 ;0=25,1=0
P 106.6708433 119.9708802 35 P 0 0 ;0=25,1=0
P 106.6708433 122.5108802 35 P 0 0 ;0=25,1=0
P 106.6708433 125.0508802 36 P 0 0 ;0=25,1=0
P 109.2939902 111.00919886 2 P 0 0 ;0=2,1=0,2
P 109.2939902 112.4091986 2 P 0 0 ;0=2,1=0,2
P 109.4648433 89.4908802 35 P 0 0 ;0=25,1=0
P 109.4648433 107.0168802 35 P 0 0 ;0=25,1=0
P 111.54896156 109.474 6 P 0 0 ;0=6,1=0,2
P 111.54896156 113.26741888 6 P 0 0 ;0=6,1=0,2
P 111.54896156 117.0275536 6 P 0 0 ;0=6,1=0,2
P 111.54896156 121.91357888 6 P 0 0 ;0=6,1=0,2
P 111.75998984 0 43 P 0 0 ;0=30,1=0
P 111.75998984 196.2912 43 P 0 0 ;0=30,1=0
P 112.0048433 89.4908802 35 P 0 0 ;0=25,1=0
P 112.0048433 107.0168802 35 P 0 0 ;0=25,1=0
P 112.776 97.79 43 P 0 0 ;0=30,1=0
P 114.5448433 89.4908802 36 P 0 0 ;0=25,1=0
P 114.5448433 107.0168802 36 P 0 0 ;0=25,1=0
P 117.48002666 71.2279754 36 P 0 0 ;0=25,1=0
P 117.48002666 73.7679754 35 P 0 0 ;0=25,1=0
P 117.48002666 76.3079754 35 P 0 0 ;0=25,1=0
P 117.48002666 78.8479754 35 P 0 0 ;0=25,1=0
P 117.48002666 81.3879754 35 P 0 0 ;0=25,1=0
P 117.48002666 83.9279754 35 P 0 0 ;0=25,1=0
P 117.48002666 86.4679754 35 P 0 0 ;0=25,1=0
P 117.72281002 182.95796276 36 P 0 0 ;0=25,1=0
P 117.72281002 185.49796276 35 P 0 0 ;0=25,1=0
P 117.72281002 188.03796276 35 P 0 0 ;0=25,1=0
P 119.37998984 133.0452 43 P 0 0 ;0=30,1=0
P 119.52011402 -0.02318004 43 P 0 0 ;0=30,1=0
P 119.9619902 76.7192014 2 P 0 0 ;0=2,1=0,2
P 119.9619902 78.11920114 2 P 0 0 ;0=2,1=0,2
P 119.9619902 79.25919886 2 P 0 0 ;0=2,1=0,2
P 119.9619902 80.6591986 2 P 0 0 ;0=2,1=0,2
P 127.10660888 29.3610538 8 P 0 0 ;0=8,1=0,2
P 127.10869168 32.995108 1 P 0 0 ;0=1,1=0,2
P 128.81049168 32.995108 1 P 0 0 ;0=1,1=0,2
P 128.98620888 29.3610538 8 P 0 0 ;0=8,1=0,2
P 130.5121088 29.7621452 3 P 0 0 ;0=3,1=0,2
P 130.51229168 32.995108 1 P 0 0 ;0=1,1=0,2
P 130.51229168 42.520108 0 P 0 0 ;0=0,1=0,2
P 131.91210854 29.7621452 3 P 0 0 ;0=3,1=0,2
P 132.21409168 32.995108 1 P 0 0 ;0=1,1=0,2
P 133.7521074 26.60814592 7 P 0 0 ;0=7,1=0,2
P 133.7521074 29.5081452 7 P 0 0 ;0=7,1=0,2
P 133.91589168 32.995108 1 P 0 0 ;0=1,1=0,2
P 134.48210848 25.52714732 30 P 0 0
P 136.227566 47.71674226 32 P 0 0
P 138.53869168 32.995108 1 P 0 0 ;0=1,1=0,2
P 138.78955732 29.41214336 8 P 0 0 ;0=8,1=0,2
P 140.24049168 32.995108 1 P 0 0 ;0=1,1=0,2
P 140.66915732 29.41214336 8 P 0 0 ;0=8,1=0,2
P 141.90805756 29.81323476 3 P 0 0 ;0=3,1=0,2
P 141.94229168 32.995108 1 P 0 0 ;0=1,1=0,2
P 141.94229168 42.520108 0 P 0 0 ;0=0,1=0,2
P 143.3080573 29.81323476 3 P 0 0 ;0=3,1=0,2
P 143.64409168 32.995108 1 P 0 0 ;0=1,1=0,2
P 145.34589168 32.995108 1 P 0 0 ;0=1,1=0,2
P 145.40205616 26.65923548 7 P 0 0 ;0=7,1=0,2
P 145.40205616 29.55923476 7 P 0 0 ;0=7,1=0,2
P 146.13205724 25.57823688 30 P 0 0
P 150.36798984 196.2912 43 P 0 0 ;0=30,1=0
P 150.50811402 63.22281996 43 P 0 0 ;0=30,1=0
P 152.14582474 8.23696092 35 P 0 0 ;0=25,1=0
P 152.14582474 10.77696092 35 P 0 0 ;0=25,1=0
P 152.14582474 13.31696092 36 P 0 0 ;0=25,1=0
P 152.3908433 109.8108802 35 P 0 0 ;0=25,1=0
P 152.3908433 112.3508802 35 P 0 0 ;0=25,1=0
P 152.3908433 114.8908802 35 P 0 0 ;0=25,1=0
P 152.3908433 117.4308802 35 P 0 0 ;0=25,1=0
P 152.3908433 119.9708802 35 P 0 0 ;0=25,1=0
P 152.3908433 122.5108802 35 P 0 0 ;0=25,1=0
P 152.3908433 125.0508802 36 P 0 0 ;0=25,1=0
P 155.1848433 89.4908802 35 P 0 0 ;0=25,1=0
P 155.1848433 107.0168802 35 P 0 0 ;0=25,1=0
P 155.2679902 115.0732014 2 P 0 0 ;0=2,1=0,2
P 155.2679902 116.47320114 2 P 0 0 ;0=2,1=0,2
P 155.2679902 117.61319886 2 P 0 0 ;0=2,1=0,2
P 155.2679902 119.0131986 2 P 0 0 ;0=2,1=0,2
P 157.48 0 43 P 0 0 ;0=30,1=0
P 157.48 196.2912 43 P 0 0 ;0=30,1=0
P 157.7248433 89.4908802 35 P 0 0 ;0=25,1=0
P 157.7248433 107.0168802 35 P 0 0 ;0=25,1=0
P 160.2648433 89.4908802 36 P 0 0 ;0=25,1=0
P 160.2648433 107.0168802 36 P 0 0 ;0=25,1=0
P 163.20002666 71.2279754 36 P 0 0 ;0=25,1=0
P 163.20002666 73.7679754 35 P 0 0 ;0=25,1=0
P 163.20002666 76.3079754 35 P 0 0 ;0=25,1=0
P 163.20002666 78.8479754 35 P 0 0 ;0=25,1=0
P 163.20002666 81.3879754 35 P 0 0 ;0=25,1=0
P 163.20002666 83.9279754 35 P 0 0 ;0=25,1=0
P 163.20002666 86.4679754 35 P 0 0 ;0=25,1=0
P 163.44281002 182.95796276 36 P 0 0 ;0=25,1=0
P 163.44281002 185.49796276 35 P 0 0 ;0=25,1=0
P 163.44281002 188.03796276 35 P 0 0 ;0=25,1=0
P 165.09998984 133.0452 43 P 0 0 ;0=30,1=0
P 165.24011402 -0.02318004 43 P 0 0 ;0=30,1=0
P 165.6819902 76.7192014 2 P 0 0 ;0=2,1=0,2
P 165.6819902 78.11920114 2 P 0 0 ;0=2,1=0,2
P 165.6819902 79.25919886 2 P 0 0 ;0=2,1=0,2
P 165.6819902 80.6591986 2 P 0 0 ;0=2,1=0,2
P 179.832 97.79 43 P 0 0 ;0=30,1=0
P 195.6539902 115.3272014 2 P 0 0 ;0=2,1=0,2
P 195.6539902 116.72720114 2 P 0 0 ;0=2,1=0,2
P 195.6539902 117.86719886 2 P 0 0 ;0=2,1=0,2
P 195.6539902 119.2671986 2 P 0 0 ;0=2,1=0,2
P 196.08798984 196.2912 43 P 0 0 ;0=30,1=0
P 196.22811402 63.22281996 43 P 0 0 ;0=30,1=0
P 197.86582474 8.23696092 35 P 0 0 ;0=25,1=0
P 197.86582474 10.77696092 35 P 0 0 ;0=25,1=0
P 197.86582474 13.31696092 36 P 0 0 ;0=25,1=0
P 198.1108433 109.8108802 35 P 0 0 ;0=25,1=0
P 198.1108433 112.3508802 35 P 0 0 ;0=25,1=0
P 198.1108433 114.8908802 35 P 0 0 ;0=25,1=0
P 198.1108433 117.4308802 35 P 0 0 ;0=25,1=0
P 198.1108433 119.9708802 35 P 0 0 ;0=25,1=0
P 198.1108433 122.5108802 35 P 0 0 ;0=25,1=0
P 198.1108433 125.0508802 36 P 0 0 ;0=25,1=0
P -0.01993138 -2.09781902 44 P 0 0 ;0=31,1=1
P -0.01993138 2.22018098 44 P 0 0 ;0=31,1=1
P -0.01994154 194.19338098 44 P 0 0 ;0=31,1=1
P -0.01994154 198.51138098 44 P 0 0 ;0=31,1=1
P -0.508 119.888 44 P 0 0 ;0=31,1=1
P -0.762 112.776 44 P 0 0 ;0=31,1=1
P -1.016 102.362 44 P 0 0 ;0=31,1=1
P -1.016 104.394 44 P 0 0 ;0=31,1=1
P -1.02861872 96.07572352 44 P 0 0 ;0=31,1=1
P -1.05471214 98.74012256 44 P 0 0 ;0=31,1=1
P -1.54393138 1.58518098 44 P 0 0 ;0=31,1=1
P -1.54394154 197.87638098 44 P 0 0 ;0=31,1=1
P -1.67093138 -1.33581902 44 P 0 0 ;0=31,1=1
P -1.67094154 194.95538098 44 P 0 0 ;0=31,1=1
P -2.17893138 0.06118098 44 P 0 0 ;0=31,1=1
P -2.17894154 196.35238098 44 P 0 0 ;0=31,1=1
P -2.3368 116.5352 44 P 0 0 ;0=31,1=1
P -2.3368 117.8052 44 P 0 0 ;0=31,1=1
P 1.50405846 194.82838098 44 P 0 0 ;0=31,1=1
P 1.50405846 197.87638098 44 P 0 0 ;0=31,1=1
P 1.50406862 -1.46281902 44 P 0 0 ;0=31,1=1
P 1.50406862 1.58518098 44 P 0 0 ;0=31,1=1
P 2.13905846 196.35238098 44 P 0 0 ;0=31,1=1
P 2.13906862 0.06118098 44 P 0 0 ;0=31,1=1
P 3.3759902 113.2332 44 P 0 0 ;0=31,1=1
P 4.8999902 117.8052 44 P 0 0 ;0=31,1=1
P 4.95916458 119.40619248 44 P 0 0 ;0=31,1=1
P 5.4079902 118.5037 44 P 0 0 ;0=31,1=1
P 5.588 157.226 44 P 0 0 ;0=31,1=1
P 5.588 158.75 44 P 0 0 ;0=31,1=1
P 7.366 106.172 44 P 0 0 ;0=31,1=1
P 7.75598906 94.49919886 44 P 0 0 ;0=31,1=1
P 7.75598906 103.01120114 44 P 0 0 ;0=31,1=1
P 8.00659054 105.31008656 44 P 0 0 ;0=31,1=1
P 8.2019902 -0.0508 44 P 0 0 ;0=31,1=1
P 8.46080858 106.26504528 44 P 0 0 ;0=31,1=1
P 9.144 150.368 44 P 0 0 ;0=31,1=1
P 9.27338252 158.55159552 44 P 0 0 ;0=31,1=1
P 9.28201344 157.19682048 44 P 0 0 ;0=31,1=1
P 9.33218098 145.9865 44 P 0 0 ;0=31,1=1
P 9.34241718 155.80750144 44 P 0 0 ;0=31,1=1
P 9.35387004 142.46472904 44 P 0 0 ;0=31,1=1
P 9.36830486 154.4354544 44 P 0 0 ;0=31,1=1
P 9.38548542 170.47592016 44 P 0 0 ;0=31,1=1
P 9.398 163.576 44 P 0 0 ;0=31,1=1
P 9.41573174 176.34709968 44 P 0 0 ;0=31,1=1
P 9.41853844 141.25420314 44 P 0 0 ;0=31,1=1
P 9.4719902 147.2692 44 P 0 0 ;0=31,1=1
P 9.4719902 166.0652 44 P 0 0 ;0=31,1=1
P 9.4719902 179.2732 44 P 0 0 ;0=31,1=1
P 9.4719902 181.9783 44 P 0 0 ;0=31,1=1
P 9.4846902 124.08833704 44 P 0 0 ;0=31,1=1
P 9.4968568 131.52091552 44 P 0 0 ;0=31,1=1
P 9.5001588 172.03556144 44 P 0 0 ;0=31,1=1
P 9.5365824 128.95205096 44 P 0 0 ;0=31,1=1
P 9.85303084 108.2393568 44 P 0 0 ;0=31,1=1
P 9.88012502 109.52184344 44 P 0 0 ;0=31,1=1
P 9.906 110.49 44 P 0 0 ;0=31,1=1
P 9.9799902 95.4532 44 P 0 0 ;0=31,1=1
P 10.01224058 106.40190048 44 P 0 0 ;0=31,1=1
P 10.08375936 102.07520098 44 P 0 0 ;0=31,1=1
P 10.1604699 117.96249712 44 P 0 0 ;0=31,1=1
P 10.2959916 4.4591986 44 P 0 0 ;0=31,1=1
P 10.414 121.41199746 44 P 0 0 ;0=31,1=1
P 11.4912902 113.7412 44 P 0 0 ;0=31,1=1
P 12.192 0.254 44 P 0 0 ;0=31,1=1
P 12.7 126.238 44 P 0 0 ;0=31,1=1
P 12.8359916 4.4591986 44 P 0 0 ;0=31,1=1
P 12.95398984 98.57520036 44 P 0 0 ;0=31,1=1
P 12.9819908 106.0752006 44 P 0 0 ;0=31,1=1
P 13.02917384 102.37460856 44 P 0 0 ;0=31,1=1
P 13.10618664 104.31524984 44 P 0 0 ;0=31,1=1
P 13.1191 110.1462872 44 P 0 0 ;0=31,1=1
P 13.14212256 103.37060352 44 P 0 0 ;0=31,1=1
P 13.208 109.22 44 P 0 0 ;0=31,1=1
P 13.2819902 107.1372 44 P 0 0 ;0=31,1=1
P 13.2819902 108.1532 44 P 0 0 ;0=31,1=1
P 13.57649812 91.27404656 44 P 0 0 ;0=31,1=1
P 13.7899902 88.3412 44 P 0 0 ;0=31,1=1
P 13.84088164 113.33629352 44 P 0 0 ;0=31,1=1
P 14.0439902 118.8212 44 P 0 0 ;0=31,1=1
P 14.42798994 74.8792 44 P 0 0 ;0=31,1=1
P 14.42798994 76.01920026 44 P 0 0 ;0=31,1=1
P 14.52887874 112.70208854 44 P 0 0 ;0=31,1=1
P 14.5519902 86.8172 44 P 0 0 ;0=31,1=1
P 14.6789902 81.5870098 44 P 0 0 ;0=31,1=1
P 14.99219252 95.67770552 44 P 0 0 ;0=31,1=1
P 15.3139902 0.4572 44 P 0 0 ;0=31,1=1
P 15.8839916 4.4591986 44 P 0 0 ;0=31,1=1
P 15.9489902 81.5870098 44 P 0 0 ;0=31,1=1
P 16.002 117.094 44 P 0 0 ;0=31,1=1
P 16.002 120.904 44 P 0 0 ;0=31,1=1
P 16.01399134 118.50520114 44 P 0 0 ;0=31,1=1
P 16.8980612 91.3059388 44 P 0 0 ;0=31,1=1
P 17.2189902 81.5870098 44 P 0 0 ;0=31,1=1
P 17.3459902 89.6112 44 P 0 0 ;0=31,1=1
P 17.3459902 123.26320026 44 P 0 0 ;0=31,1=1
P 17.3459902 124.6632 44 P 0 0 ;0=31,1=1
P 18.04599134 118.50520114 44 P 0 0 ;0=31,1=1
P 18.22600114 121.85800114 44 P 0 0 ;0=31,1=1
P 18.46385436 91.9686756 44 P 0 0 ;0=31,1=1
P 18.4889902 81.5870098 44 P 0 0 ;0=31,1=1
P 18.515076 -0.01570482 44 P 0 0 ;0=31,1=1
P 18.6159902 162.2552 44 P 0 0 ;0=31,1=1
P 18.63399118 158.42719902 44 P 0 0 ;0=31,1=1
P 18.63399118 160.96719902 44 P 0 0 ;0=31,1=1
P 18.78527104 91.05680544 44 P 0 0 ;0=31,1=1
P 18.85627928 4.53490838 44 P 0 0 ;0=31,1=1
P 18.8699902 149.0472 44 P 0 0 ;0=31,1=1
P 18.88799118 145.21919902 44 P 0 0 ;0=31,1=1
P 18.88799118 147.75919902 44 P 0 0 ;0=31,1=1
P 19.3779902 77.9272 44 P 0 0 ;0=31,1=1
P 19.3779902 78.6892 44 P 0 0 ;0=31,1=1
P 19.3779902 79.4512 44 P 0 0 ;0=31,1=1
P 19.43998906 118.50520114 44 P 0 0 ;0=31,1=1
P 19.61658256 92.19200764 44 P 0 0 ;0=31,1=1
P 19.9014842 116.38226152 44 P 0 0 ;0=31,1=1
P 20.1399902 86.0552 44 P 0 0 ;0=31,1=1
P 20.34799334 113.53319686 44 P 0 0 ;0=31,1=1
P 20.59799284 92.20283312 44 P 0 0 ;0=31,1=1
P 20.6479902 165.0492 44 P 0 0 ;0=31,1=1
P 20.689062 151.8822718 44 P 0 0 ;0=31,1=1
P 20.84799234 95.14520214 44 P 0 0 ;0=31,1=1
P 21.3210902 143.94919902 44 P 0 0 ;0=31,1=1
P 21.35667052 116.52995744 44 P 0 0 ;0=31,1=1
P 21.4099902 76.4032 44 P 0 0 ;0=31,1=1
P 21.59998982 157.15719902 44 P 0 0 ;0=31,1=1
P 21.70298936 0.24219916 44 P 0 0 ;0=31,1=1
P 21.73302232 92.1318452 44 P 0 0 ;0=31,1=1
P 21.878671 95.19204736 44 P 0 0 ;0=31,1=1
P 23.622 48.26 44 P 0 0 ;0=31,1=1
P 23.82741488 18.09012384 44 P 0 0 ;0=31,1=1
P 23.876 61.722 44 P 0 0 ;0=31,1=1
P 24.02430552 35.16164926 44 P 0 0 ;0=31,1=1
P 24.050498 5.92149946 44 P 0 0 ;0=31,1=1
P 24.30923256 87.12368656 44 P 0 0 ;0=31,1=1
P 24.45647128 120.1599705 44 P 0 0 ;0=31,1=1
P 24.87357484 48.24157484 44 P 0 0 ;0=31,1=1
P 24.892 6.096 44 P 0 0 ;0=31,1=1
P 24.892 61.722 44 P 0 0 ;0=31,1=1
P 25.00805768 116.855494 44 P 0 0 ;0=31,1=1
P 25.04030552 35.2631502 44 P 0 0 ;0=31,1=1
P 25.09741488 18.09012384 44 P 0 0 ;0=31,1=1
P 25.50558272 92.1512 44 P 0 0 ;0=31,1=1
P 25.654 88.646 44 P 0 0 ;0=31,1=1
P 25.8479925 113.3532023 44 P 0 0 ;0=31,1=1
P 25.908 6.2484 44 P 0 0 ;0=31,1=1
P 25.908 35.306 44 P 0 0 ;0=31,1=1
P 25.908 48.26 44 P 0 0 ;0=31,1=1
P 25.908 61.722 44 P 0 0 ;0=31,1=1
P 25.92850796 123.87988432 44 P 0 0 ;0=31,1=1
P 25.9772404 90.99472784 44 P 0 0 ;0=31,1=1
P 26.11341488 18.09012384 44 P 0 0 ;0=31,1=1
P 26.85569432 116.78449846 44 P 0 0 ;0=31,1=1
P 27.8892 116.31663808 44 P 0 0 ;0=31,1=1
P 27.98431284 88.73290864 44 P 0 0 ;0=31,1=1
P 28.06185142 92.19906122 44 P 0 0 ;0=31,1=1
P 28.2679902 120.0291986 44 P 0 0 ;0=31,1=1
P 28.28266632 86.04779336 44 P 0 0 ;0=31,1=1
P 28.31432488 113.38417506 44 P 0 0 ;0=31,1=1
P 28.34799258 95.62719762 44 P 0 0 ;0=31,1=1
P 29.16521472 113.379885 44 P 0 0 ;0=31,1=1
P 29.2839902 88.2119902 44 P 0 0 ;0=31,1=1
P 29.63145458 125.6792 44 P 0 0 ;0=31,1=1
P 29.86618868 95.6729608 44 P 0 0 ;0=31,1=1
P 30.48 113.284 44 P 0 0 ;0=31,1=1
P 30.61386308 97.19229736 44 P 0 0 ;0=31,1=1
P 30.734 121.412 44 P 0 0 ;0=31,1=1
P 31.13199006 107.57520014 44 P 0 0 ;0=31,1=1
P 31.15599052 109.07519968 44 P 0 0 ;0=31,1=1
P 31.16921376 95.8085968 44 P 0 0 ;0=31,1=1
P 31.32599018 102.57519998 44 P 0 0 ;0=31,1=1
P 31.5079888 87.1332014 44 P 0 0 ;0=31,1=1
P 32.766 113.87954618 44 P 0 0 ;0=31,1=1
P 33.02 120.142 44 P 0 0 ;0=31,1=1
P 33.3479902 125.4020098 44 P 0 0 ;0=31,1=1
P 33.782 90.424 44 P 0 0 ;0=31,1=1
P 33.782 91.694 44 P 0 0 ;0=31,1=1
P 34.036 117.348 44 P 0 0 ;0=31,1=1
P 34.036 120.65 44 P 0 0 ;0=31,1=1
P 34.06595676 97.5830408 44 P 0 0 ;0=31,1=1
P 34.29 122.936 44 P 0 0 ;0=31,1=1
P 34.33281932 104.5167328 44 P 0 0 ;0=31,1=1
P 34.35120384 106.22289906 44 P 0 0 ;0=31,1=1
P 34.3639902 107.1372 44 P 0 0 ;0=31,1=1
P 34.4180414 108.33228016 44 P 0 0 ;0=31,1=1
P 34.4259916 103.1352014 44 P 0 0 ;0=31,1=1
P 34.48964654 110.0869528 44 P 0 0 ;0=31,1=1
P 34.82818536 96.90985952 44 P 0 0 ;0=31,1=1
P 35.306 117.348 44 P 0 0 ;0=31,1=1
P 35.92905946 100.49660114 44 P 0 0 ;0=31,1=1
P 35.95520114 99.20120114 44 P 0 0 ;0=31,1=1
P 36.3692059 101.85273254 44 P 0 0 ;0=31,1=1
P 36.73931184 108.75327246 44 P 0 0 ;0=31,1=1
P 37.44586364 32.79146096 44 P 0 0 ;0=31,1=1
P 37.44586364 33.55346096 44 P 0 0 ;0=31,1=1
P 38.20786364 32.79146096 44 P 0 0 ;0=31,1=1
P 38.20786364 33.55346096 44 P 0 0 ;0=31,1=1
P 38.96986364 32.79146096 44 P 0 0 ;0=31,1=1
P 38.96986364 33.55346096 44 P 0 0 ;0=31,1=1
P 39.73186364 32.79146096 44 P 0 0 ;0=31,1=1
P 39.73186364 33.55346096 44 P 0 0 ;0=31,1=1
P 40.49386364 32.79146096 44 P 0 0 ;0=31,1=1
P 40.49386364 33.55346096 44 P 0 0 ;0=31,1=1
P 41.25586364 32.79146096 44 P 0 0 ;0=31,1=1
P 41.25586364 33.55346096 44 P 0 0 ;0=31,1=1
P 43.54106862 97.85118098 44 P 0 0 ;0=31,1=1
P 44.04906862 96.45418098 44 P 0 0 ;0=31,1=1
P 44.17606862 99.37518098 44 P 0 0 ;0=31,1=1
P 45.70006862 95.69218098 44 P 0 0 ;0=31,1=1
P 45.70006862 100.01018098 44 P 0 0 ;0=31,1=1
P 47.0153238 16.26143052 44 P 0 0 ;0=31,1=1
P 47.0153238 17.02343052 44 P 0 0 ;0=31,1=1
P 47.22406862 96.32718098 44 P 0 0 ;0=31,1=1
P 47.22406862 99.37518098 44 P 0 0 ;0=31,1=1
P 47.7773238 16.26143052 44 P 0 0 ;0=31,1=1
P 47.7773238 17.02343052 44 P 0 0 ;0=31,1=1
P 47.85906862 97.85118098 44 P 0 0 ;0=31,1=1
P 48.5393238 16.26143052 44 P 0 0 ;0=31,1=1
P 48.5393238 17.02343052 44 P 0 0 ;0=31,1=1
P 50.52029012 42.44370734 44 P 0 0 ;0=31,1=1
P 52.51211748 36.77919746 44 P 0 0 ;0=31,1=1
P 52.51211748 38.04919746 44 P 0 0 ;0=31,1=1
P 52.97145108 20.51742912 44 P 0 0 ;0=31,1=1
P 52.97145108 21.78742912 44 P 0 0 ;0=31,1=1
P 53.78211748 36.77919746 44 P 0 0 ;0=31,1=1
P 53.78211748 38.04919746 44 P 0 0 ;0=31,1=1
P 53.78211748 39.31919746 44 P 0 0 ;0=31,1=1
P 54.24145108 20.51742912 44 P 0 0 ;0=31,1=1
P 54.24145108 21.78742912 44 P 0 0 ;0=31,1=1
P 54.24145108 23.05742912 44 P 0 0 ;0=31,1=1
P 64.27399134 111.00919886 44 P 0 0 ;0=31,1=1
P 64.87705846 0.06118098 44 P 0 0 ;0=31,1=1
P 64.87705846 196.35238098 44 P 0 0 ;0=31,1=1
P 65.38505846 -1.33581902 44 P 0 0 ;0=31,1=1
P 65.38505846 194.95538098 44 P 0 0 ;0=31,1=1
P 65.51205846 1.58518098 44 P 0 0 ;0=31,1=1
P 65.51205846 197.87638098 44 P 0 0 ;0=31,1=1
P 66.3679902 76.4032 44 P 0 0 ;0=31,1=1
P 67.03605846 -2.09781902 44 P 0 0 ;0=31,1=1
P 67.03605846 2.22018098 44 P 0 0 ;0=31,1=1
P 67.03605846 194.19338098 44 P 0 0 ;0=31,1=1
P 67.03605846 198.51138098 44 P 0 0 ;0=31,1=1
P 67.1299902 119.8372 44 P 0 0 ;0=31,1=1
P 68.56005846 -1.46281902 44 P 0 0 ;0=31,1=1
P 68.56005846 1.58518098 44 P 0 0 ;0=31,1=1
P 68.56005846 194.82838098 44 P 0 0 ;0=31,1=1
P 68.56005846 197.87638098 44 P 0 0 ;0=31,1=1
P 69.19505846 0.06118098 44 P 0 0 ;0=31,1=1
P 69.19505846 196.35238098 44 P 0 0 ;0=31,1=1
P 74.3082334 86.04430848 44 P 0 0 ;0=31,1=1
P 81.788 59.944 44 P 0 0 ;0=31,1=1
P 81.788 61.214 44 P 0 0 ;0=31,1=1
P 81.788 62.484 44 P 0 0 ;0=31,1=1
P 83.058 59.944 44 P 0 0 ;0=31,1=1
P 83.058 61.214 44 P 0 0 ;0=31,1=1
P 83.058 62.484 44 P 0 0 ;0=31,1=1
P 84.328 59.944 44 P 0 0 ;0=31,1=1
P 84.328 61.214 44 P 0 0 ;0=31,1=1
P 84.328 62.484 44 P 0 0 ;0=31,1=1
P 84.43585856 32.99466096 44 P 0 0 ;0=31,1=1
P 84.43585856 33.75666096 44 P 0 0 ;0=31,1=1
P 85.19785856 32.99466096 44 P 0 0 ;0=31,1=1
P 85.19785856 33.75666096 44 P 0 0 ;0=31,1=1
P 85.95985856 32.99466096 44 P 0 0 ;0=31,1=1
P 85.95985856 33.75666096 44 P 0 0 ;0=31,1=1
P 86.72185856 32.99466096 44 P 0 0 ;0=31,1=1
P 86.72185856 33.75666096 44 P 0 0 ;0=31,1=1
P 87.48385856 32.99466096 44 P 0 0 ;0=31,1=1
P 87.48385856 33.75666096 44 P 0 0 ;0=31,1=1
P 88.24585856 32.99466096 44 P 0 0 ;0=31,1=1
P 88.24585856 33.75666096 44 P 0 0 ;0=31,1=1
P 90.424 59.944 44 P 0 0 ;0=31,1=1
P 90.424 61.214 44 P 0 0 ;0=31,1=1
P 90.424 62.484 44 P 0 0 ;0=31,1=1
P 91.694 59.944 44 P 0 0 ;0=31,1=1
P 91.694 61.214 44 P 0 0 ;0=31,1=1
P 91.694 62.484 44 P 0 0 ;0=31,1=1
P 92.964 59.944 44 P 0 0 ;0=31,1=1
P 92.964 61.214 44 P 0 0 ;0=31,1=1
P 92.964 62.484 44 P 0 0 ;0=31,1=1
P 93.54598512 17.2212 44 P 0 0 ;0=31,1=1
P 93.54598512 17.9832 44 P 0 0 ;0=31,1=1
P 94.30798512 17.2212 44 P 0 0 ;0=31,1=1
P 94.30798512 17.9832 44 P 0 0 ;0=31,1=1
P 95.06998512 17.2212 44 P 0 0 ;0=31,1=1
P 95.06998512 17.9832 44 P 0 0 ;0=31,1=1
P 98.7538792 41.656 44 P 0 0 ;0=31,1=1
P 99.6566206 37.116766 44 P 0 0 ;0=31,1=1
P 99.6566206 38.386766 44 P 0 0 ;0=31,1=1
P 100.9266206 37.116766 44 P 0 0 ;0=31,1=1
P 100.9266206 38.386766 44 P 0 0 ;0=31,1=1
P 100.9266206 39.656766 44 P 0 0 ;0=31,1=1
P 109.58105846 0.06118098 44 P 0 0 ;0=31,1=1
P 109.58105846 196.35238098 44 P 0 0 ;0=31,1=1
P 110.08905846 -1.33581902 44 P 0 0 ;0=31,1=1
P 110.08905846 194.95538098 44 P 0 0 ;0=31,1=1
P 110.21605846 1.58518098 44 P 0 0 ;0=31,1=1
P 110.21605846 197.87638098 44 P 0 0 ;0=31,1=1
P 110.59706862 97.85118098 44 P 0 0 ;0=31,1=1
P 110.78718508 111.14895728 44 P 0 0 ;0=31,1=1
P 111.10506862 96.45418098 44 P 0 0 ;0=31,1=1
P 111.23206862 99.37518098 44 P 0 0 ;0=31,1=1
P 111.74005846 -2.09781902 44 P 0 0 ;0=31,1=1
P 111.74005846 2.22018098 44 P 0 0 ;0=31,1=1
P 111.74005846 194.19338098 44 P 0 0 ;0=31,1=1
P 111.74005846 198.51138098 44 P 0 0 ;0=31,1=1
P 112.75606862 95.69218098 44 P 0 0 ;0=31,1=1
P 112.75606862 100.01018098 44 P 0 0 ;0=31,1=1
P 112.98081036 121.91357888 44 P 0 0 ;0=31,1=1
P 113.26405846 -1.46281902 44 P 0 0 ;0=31,1=1
P 113.26405846 1.58518098 44 P 0 0 ;0=31,1=1
P 113.26405846 194.82838098 44 P 0 0 ;0=31,1=1
P 113.26405846 197.87638098 44 P 0 0 ;0=31,1=1
P 113.89905846 0.06118098 44 P 0 0 ;0=31,1=1
P 113.89905846 196.35238098 44 P 0 0 ;0=31,1=1
P 114.28006862 96.32718098 44 P 0 0 ;0=31,1=1
P 114.28006862 99.37518098 44 P 0 0 ;0=31,1=1
P 114.91506862 97.85118098 44 P 0 0 ;0=31,1=1
P 127.36899596 47.16783048 44 P 0 0 ;0=31,1=1
P 127.36899596 48.43783048 44 P 0 0 ;0=31,1=1
P 128.63899596 47.16783048 44 P 0 0 ;0=31,1=1
P 128.63899596 48.43783048 44 P 0 0 ;0=31,1=1
P 128.98620888 28.04424668 44 P 0 0 ;0=31,1=1
P 129.90899596 47.16783048 44 P 0 0 ;0=31,1=1
P 129.90899596 48.43783048 44 P 0 0 ;0=31,1=1
P 130.5121088 28.0461466 44 P 0 0 ;0=31,1=1
P 131.17899596 47.16783048 44 P 0 0 ;0=31,1=1
P 131.17899596 48.43783048 44 P 0 0 ;0=31,1=1
P 132.44899596 47.16783048 44 P 0 0 ;0=31,1=1
P 132.44899596 48.43783048 44 P 0 0 ;0=31,1=1
P 133.71899596 47.16783048 44 P 0 0 ;0=31,1=1
P 133.71899596 48.43783048 44 P 0 0 ;0=31,1=1
P 133.7521074 24.06814592 44 P 0 0 ;0=31,1=1
P 133.7521074 25.33814592 44 P 0 0 ;0=31,1=1
P 135.0221074 24.06814592 44 P 0 0 ;0=31,1=1
P 135.0221074 25.33814592 44 P 0 0 ;0=31,1=1
P 135.0221074 26.60814592 44 P 0 0 ;0=31,1=1
P 138.63666964 47.14473172 44 P 0 0 ;0=31,1=1
P 138.63666964 48.41473172 44 P 0 0 ;0=31,1=1
P 139.90666964 47.14473172 44 P 0 0 ;0=31,1=1
P 139.90666964 48.41473172 44 P 0 0 ;0=31,1=1
P 141.17666964 47.14473172 44 P 0 0 ;0=31,1=1
P 141.17666964 48.41473172 44 P 0 0 ;0=31,1=1
P 142.44666964 47.14473172 44 P 0 0 ;0=31,1=1
P 142.44666964 48.41473172 44 P 0 0 ;0=31,1=1
P 143.71666964 47.14473172 44 P 0 0 ;0=31,1=1
P 143.71666964 48.41473172 44 P 0 0 ;0=31,1=1
P 144.98666964 47.14473172 44 P 0 0 ;0=31,1=1
P 144.98666964 48.41473172 44 P 0 0 ;0=31,1=1
P 145.40205616 24.11923548 44 P 0 0 ;0=31,1=1
P 145.40205616 25.38923548 44 P 0 0 ;0=31,1=1
P 146.67205616 24.11923548 44 P 0 0 ;0=31,1=1
P 146.67205616 25.38923548 44 P 0 0 ;0=31,1=1
P 146.67205616 26.65923548 44 P 0 0 ;0=31,1=1
P 155.30106862 0.06118098 44 P 0 0 ;0=31,1=1
P 155.30106862 196.35238098 44 P 0 0 ;0=31,1=1
P 155.80906862 -1.33581902 44 P 0 0 ;0=31,1=1
P 155.80906862 194.95538098 44 P 0 0 ;0=31,1=1
P 155.93606862 1.58518098 44 P 0 0 ;0=31,1=1
P 155.93606862 197.87638098 44 P 0 0 ;0=31,1=1
P 157.46006862 -2.09781902 44 P 0 0 ;0=31,1=1
P 157.46006862 2.22018098 44 P 0 0 ;0=31,1=1
P 157.46006862 194.19338098 44 P 0 0 ;0=31,1=1
P 157.46006862 198.51138098 44 P 0 0 ;0=31,1=1
P 158.98406862 -1.46281902 44 P 0 0 ;0=31,1=1
P 158.98406862 1.58518098 44 P 0 0 ;0=31,1=1
P 158.98406862 194.82838098 44 P 0 0 ;0=31,1=1
P 158.98406862 197.87638098 44 P 0 0 ;0=31,1=1
P 159.61906862 0.06118098 44 P 0 0 ;0=31,1=1
P 159.61906862 196.35238098 44 P 0 0 ;0=31,1=1
P 177.65306862 97.85118098 44 P 0 0 ;0=31,1=1
P 178.16106862 96.45418098 44 P 0 0 ;0=31,1=1
P 178.28806862 99.37518098 44 P 0 0 ;0=31,1=1
P 179.81206862 95.69218098 44 P 0 0 ;0=31,1=1
P 179.81206862 100.01018098 44 P 0 0 ;0=31,1=1
P 181.33606862 96.32718098 44 P 0 0 ;0=31,1=1
P 181.33606862 99.37518098 44 P 0 0 ;0=31,1=1
P 181.97106862 97.85118098 44 P 0 0 ;0=31,1=1
